":>=","口交面部特写，真空式口交"
":p",":b表情"
"!","感叹号"
"!!","非常棒，极其出色"
"!!_(p7kwzcwyyhxsz6u)","用户_wavk2442"
"!?","问号表情，感叹号表情，疑问号表情，多重问号表情，问号符号"
"?","问号"
"...","省略号"
".hack//tasogare_no_udewa_densetsu",".hack//dusk，.hack//传说中的黄昏，.hack//传说中的黄昏手镯"
"@_@","阿尔贝德之眼，螺旋状眼睛，漩涡形眼睛"
"\(^o^)/","尾形"
"\||/","中指与无名指并拢，张开\m/"
"#unicus_(idolmaster)","#寻找角色名_(偶像大师)"
"^^^","/斜线/，/双斜线/，/三斜线/，/四斜线/，实现之冠"
"+_+","十字形瞳孔，星星眼，星状眼睛"
"+tic_nee-san","塑料妮酱，塑料妮酱，塑料妮酱"
">_<","可爱，<，>，萌系，性感，优雅，成熟，天真，俏皮，古风，日式风格"
">_o","可爱少女，<"
"0_ici_0","e_r00m，艾尔零零姆"
"01_0219","15岁"
"0202ase","门廊_02，用户_epru5528"
"024th","肉感浓重"
"04bou","托恩伯里"
"052_(saniiiwan)","三三万"
"0lightsource","光源"
"0v0_(l_seohui)","._(用户_skvv5757)_"
"1-nichi_gaishutsuroku_hanchou","工头一日外出活动"
"101_dalmatians","一百零一只斑点狗"
"12_(xaenedju)","萨纳多"
"12anchovy","12条凤尾鱼破坏场面"
"13_(bbr584607091)","裸体，dodoss_dont"
"1388chan","又名米拉"
"159cm","159_senchi，千千"
"163_(shiromeshi)","白网_163"
"18_(backstreetno18)","第18名"
"1920s_(style)","20秒左右"
"1930s_(style)","30秒"
"1950s_(style)","50多岁"
"1960s_(style)","60年代，六十年代"
"1970s_(style)","20世纪70年代(风格)"
"1980s_(style)","20世纪80年代(风格)"
"1990s_(style)","90年代(风格)"
"1boy","1个男性"
"1girl","1个女性"
"1jumangoku","梶岛_(0mx3265j0g93z2c)"
"1koma","单格漫画"
"1other","1个非人类"
"1up","额外生命值"
"2.5_jigen_no_ririsa","二维诱惑"
"200f_(nifu)","顺也_(daisharin36)"
"2011_tohoku_earthquake_and_tsunami","2011年仙台地震与海啸"
"2024_attempted_assassination_of_donald_trump","2024年唐纳德·特朗普遇刺未遂事件"
"2024_niconico_cyberattack","尽最大努力的Niconico运营团队"
"20th_century_boys","二十世纪少年"
"212_(kisaragi)","未被破坏"
"21scorpii","心灵小屋"
"21yc_(september_breeze)","aaa_（九月微风）"
"23_(real_xxiii)","真实版xxiii"
"23el","23el_（巧克力莫托瓦）"
"241_(nishiki)","志岛"
"25-ji_miku","25米库"
"25-ji_nightcord_de._(project_sekai)","第25夜代码之谜._（世界计划）"
"298yenomiso","用户_rxsp2457"
"2b_(nier:automata)","2b_(尼尔)，约尔哈之_2型_B"
"2boys","2个男性"
"2elu2","ulle_(2ulle1)，乌勒_(2乌勒1)"
"2girls","2个女性"
"2gong_(9ujin_)","20链，mela_(rbw1s)"
"2k-tan","2K分辨率"
"2koma","双分镜漫画"
"2nii","哥哥的困倦膝盖"
"2others","2个非人类"
"2p_(nier:automata)","2p尼尔版，约尔哈_2型P，约尔哈_P型_2号"
"2sankta","凉知莎凯塔"
"3.1-tan","3.1版本"
"320_(romsen)","满月"
"3774.","爆裂感"
"39","初音未来"
"39_iduki","伊月_111"
"3boys","3个男性"
"3d","3D动画，多边形模型"
"3four","34_（白无垢），特鲁克·布伊"
"3girls","3个女性"
"3koma","三格漫画"
"3o_c","rae_(raeonxx)，瑞恩_(raeonxx)"
"3s_(tarariko)","3秒，塔拉里科"
"4-finger_heart_hands","四指心形手势"
"404_(girls'_frontline)","404_（少女前线）"
"404_logo_(girls'_frontline)","404标识_(少女前线)"
"4040_(abonriya)","4040_（艺术家名）"
"428:_fuusa_sareta_shibuya_de","428，428:_涩谷十字路口"
"463_jun","陆浩亮，我不服输"
"4boys","4个男性"
"4girls","4个女性"
"4koma","四格漫画"
"4tb_(4tera_byte)","水豚_(mc0314)"
"5-ish_(crevettavt)","5岁左右，小虾VT"
"500_dollar_four_foot_tall_mareep_(meme)","500美元高的四英尺高马里普，啊对就是我我的女朋友和她（模因）"
"504_gateway","七步美人酒"
"515m","黑木真白"
"5553pp","工作太累了"
"596_(_gokuraku_joudo)","34fa11恋爱中，3π"
"5boys","5个男性"
"5girls","5个女性"
"5koma","五格漫画"
"5pb_(neptunia)","5pb_海王星系列"
"5tatsu","五龙，user_egrs5328"
"5to_rai","maki_(kfwp7432)，卷轴风格"
"6_yin","ling_(sroin)，灵_(sroin)"
"6+boys","6个以上的男性"
"6+girls","6个以上的女性"
"6+others","其他六人"
"621_(armored_core_vi)","621_（装甲核心6）"
"673_q","超双原子分子"
"69","69(体位)"
"69_(tranquilo)","乳爱"
"72_(nananatsu)","加巴伊斯乌托-N"
"723_(tobi)","走廊343"
"73_(naa)","三色73，纯奈奥奈奥"
"7cs_(congchuabuoito)","gon_( Cong楚播奥特 )"
"7gao","苏诺瑞尔"
"7lark","夺魂者"
"7saki","黑羽久蕾，美"
"7th_dragon","第七条龙"
"8-gou_(mechanist08)","机械师08"
"846-gou","黑色电影846"
"8931ponzu","白斋味增"
"9_(saki-ooo-kiyu)","坂田清雨"
"95_(jiuwujiang)","95级---"
"95-tan","95岁"
"9610_(kuroto)","英二_(monochromexd)"
"9a-91_(girls'_frontline)","9a-91_（少女前线）"
"9h","ads_(gady3353)，广告相关标签"
"9ma_param","齐藤君子-3"
"9s_(nier:automata)","9s_(尼尔)，约尔哈之_9型_S"
"a_(kyousougiga)","a_(狂暴巨兽)"
"a_(phrase)","A类"
"a_bathing_ape","Bape品牌服饰"
"a_big_brother","老大哥"
"a_ching","sei_(abab40116)，塞伊"
"a_ji","火焰水色"
"a_kite","风筝_(动漫)"
"a_maru","unity_(ekvmsp02)，统一引擎_(ekvmsp02)"
"a-chan_(hololive)","尤金_A_（Hololive），尤金_A_（Tokino Sora频道）"
"a-junk","小红书垃圾内容"
"a.b.a","ABA模式"
"a.c._eos_(mega_man)","晓志斗"
"a.k.i._(street_fighter)","阿基_(街头霸王)"
"a.t._zero","春人"
"a12740807","r37_k53，成人向内容"
"a2_(nier:automata)","a2_(尼尔)，约尔哈_A型_第2款"
"a20_(atsumaru)","预沃塔玛鲁"
"a2t_will_draw","A2TwillDraw风格"
"a3dyqtlpqjcuqvs","用户_xrtm8333"
"a9712mob","a_2mob，二次元角色模型"
"aa_megami-sama","啊我的女神，哦我的女神"
"aa-12_(girls'_frontline)","aa-12_（少女前线）"
"aa2mee","贱人桃子"
"aaayamitsu","提醒蓝色"
"aamond","kuhen10sub，库亨十代字幕"
"aaru_(tenrake_chaya)","可爱少女"
"aaru_sentou_shuudan","战斗小组"
"aasara","朝仓亚纱良"
"abab_xiaxia","啊哈伍德，艾比蒙，萨欧"
"abandon_ranka","兰卡224"
"abarai_(abarabone)","高城摇滚"
"abaratani_kurou","死乌鸦"
"abbbbbbk","abbbbbbkart，超长字母组合卡特"
"abbey_(pui_pui_molcar)","abby_(pui_pui_molcar)，艾比（普伊普伊莫尔卡）"
"abby_riddle","会说话的骑士"
"abbystea","乌头属植物，revolmxd"
"abdomen_tail","昆虫尾巴"
"abe_hikaru","光_(gevp7588)"
"abe_yoshitoshi","阿部良仁"
"abe_yuichiro","erumo_0384，绘里梦_0384"
"abenobashi_mahou_shoutengai","阿部野桥，阿部野桥魔法购物街"
"abfbfygo","拉塞尔·拉塞鲁"
"abigail_williams_(fate)","阿比盖尔·威廉姆斯（命运/冠位指定）"
"abiko_zyozi","泪之宝石"
"abineko","阿比康尼托"
"abo_(hechouchou)","凯撒与克利奥帕特拉"
"aboleuk","关于00，赤穗之恋"
"aboreen","ABO系统，琳恩"
"abs","腹肌"
"absol_(dkqthf)","魔王虐待伦"
"absolum_art","亚历杭德罗叔叔"
"absolutely_everyone","大合影|全家福"
"absolutemabbak","马巴克莫埃"
"abstract","抽象"
"abstract_background","抽象背景"
"absurdly_long_hair","超长的头发"
"absurdres","更疯狂的，极高分辨率"
"abubu","诺南卡"
"abuku","阿布库拉博"
"abukuma_(kancolle)","赤熊_(舰队Collection)"
"aburaage","阿部良平"
"aburidashi_zakuro","是否为天才型人物"
"abuse","虐待"
"abyonus","中萨克-佩，萨库潘佩"
"abyss_mage_(genshin_impact)","深渊法师"
"abyss_of_alyss","艾莉丝"
"abyssal_admiral_(kancolle)","深渊海军上将（舰姬Collection）"
"abyssal_crane_princess","深渊鹤姬"
"abyssal_jellyfish_princess","深渊水母姬"
"abyssal_nimbus_princess","深渊云霞姬"
"abyssal_pacific_princess","太平洋深渊姬"
"abyssal_ship","新海诚风格"
"abyssal_sun_princess","深渊太阳姬"
"abyssal_twin_princess_(black)","深渊双姬_黑款"
"abyssal_twin_princess_(white)","深渊双姬_（白色）"
"academic_test","考试试卷，学校测验，测试"
"acca_13-ku_kansatsu-ka","ACCA：_13-领土监察部"
"accelerator_(toaru_majutsu_no_index)","加速器"
"accidental_pervert","幸运的变态"
"ace_(fft-0)","ace_(fftz)，王牌_(fftz)"
"ace_(playing_card)","王牌"
"ace_attorney","逆转裁判"
"ace_attorney_investigations","逆转乾坤"
"ace_attorney_investigations_2:_prosecutor's_gambit","王牌律师调查2，逆转裁判2"
"ace_attorney_investigations:_miles_edgeworth","逆天剑士1"
"ace_combat_04","王牌战斗4"
"ace_rocket","ace_（超快速奥汀廷时间），ees_（pixiv57894）"
"ace_trainer_(pokemon)","酷炫训练师（宝可梦）"
"ace_wo_nerae!","争取打出满分！"
"acea_n","vehamve，邪恶生物"
"acheron_(honkai:_star_rail)","夜美_崩坏：星穹铁道"
"achyue","光辉闪耀"
"aciddrop_(afternoon_teatime)_(arknights)","酸滴_(下午茶时间)_(《明日方舟》)"
"aco_(bearchannel)","ako_(antoraacoyu0214)，亚子"
"acorn","橡子"
"acoustic_guitar","原声吉他"
"across_the_stars_(idolmaster)","穿越群星"
"acrylic_paint_(medium)","亚克力画风"
"acrylicstroke","丙烯笔触，丙烯笔触0205"
"actinium89","89_（哈库尤）"
"actor_connection","演员暗示"
"ad","广告，宣传"
"adachi_fumio","足立文雄333"
"adachi_koichi","足立公一"
"adachi_to_shimamura","足立与岛村"
"adachi_tooru","足立彻"
"adair_(juicelooped)","汁液循环效果"
"adam_(honkai_impact)","APHO主角_（崩坏：星穹铁道）"
"adam_(nier:automata)","亚当_(尼尔机械纪元)"
"adam_(sk8)","心堂相之助"
"adam_kapowski","亚当_（骷髅女孩）"
"adaman_(pokemon)","塞奇_宝可梦"
"adapted_costume","原设服装改编"
"adapted_uniform","改装制服"
"adaptive_combat_rifle","布什马斯特ACR，马格普尔玛萨达，玛萨达ACR，雷明顿ACR"
"adarin","阿达林的内心世界"
"add_(fate)","添加_洛德·艾尔·梅洛伊二世"
"addam_origo","阿德尔·奥尔多乌，阿德尔·奥鲁杜"
"adelheid_(moschiola)","阿丽娜·詹姆斯，帕尼卡瓦"
"adeline_(girls'_frontline)","尼托·阿德琳_《少女前线》，尼托·阿德琳_《少女前线》，尼托·布莱克_《少女前线》，尼托·方尖碑_《少女前线》"
"adepta_sororitas","战斗姐妹"
"adeptus_astartes","太空陆战队员，战锤40000系列太空陆战队员"
"adhesive_bra","贴身胸罩"
"adjusting_clothes","拨弄衣服"
"adjusting_earrings","调整耳环位置"
"adjusting_eyewear","扶眼镜"
"adjusting_gloves","拨弄手套"
"adjusting_hair","理头发"
"adjusting_hat","整理帽子"
"adjusting_headwear","整理头饰"
"adjusting_legwear","整理裤袜"
"adjusting_panties","拨内裤"
"adjusting_shoe","调整鞋子尺寸"
"adjusting_sock","调整袜子位置"
"adjusting_swimsuit","拨弄泳衣"
"adlet_myer","阿德莱特·梅耶尔"
"admiral_(kancolle)","海军上将_舰姬Collection，帝都_舰姬Collection"
"admiral_graf_spee_(girl's_sunday)_(azur_lane)","斯皮海军上将（少女星期日）（蔚蓝航道）"
"admiral_graf_spee_(world's_cutest)_(azur_lane)","斯皮海军上将（铁血萌物）（蔚蓝航线）"
"ado_(utaite)","ado_（歌手）"
"adochansukisuki","大辅先生"
"adolf_hitler","希特勒"
"adrian_andrews","神谷桐生"
"adult_baby","成人婴儿向"
"advance_wars","FC战争游戏"
"advarcher","匿名用户"
"adventurer_(ff11)","最终幻想11角色头像"
"adventurer_(ff14)","流星_(FF14)"
"adversarial_noise","釉面伪影，釉面保护图像"
"aegaeon_(xenoblade)","和达都美_(异度神剑)"
"aegir_(azur_lane)","阿吉尔_（蔚蓝航道）"
"aegir_(housamo)","埃吉尔_（东京放课后的召唤师们）"
"aegis_(persona)","艾吉斯_(女神异闻录)"
"aegis_(theoryiv)","aegis_(nerocc)，守护之盾_(nerocc)"
"aegis_asu","朝香啊苏，朝香啊苏"
"aek-999_(girls'_frontline)","aek-999_（少女前线）"
"aerial_fireworks","空中烟火"
"aerith_gainsborough","艾瑞斯·盖恩斯伯勒"
"aero_(mega_man)","航空主题"
"aerokinesis","风之魔法，操控风元素"
"aeruusa","空气凛"
"aesc_(fate)","托内利科_(命运)"
"aesc_(rain_witch)_(fate)","托内利科_首次升天_命运"
"aesc_(savior)_(fate)","托内利科_（第二次升华）_（命运）"
"aesop_carl","防腐师_(身份_V)"
"aestus_estus","原初之火(武器)"
"aether_(genshin_impact)","孔哥_原神，男性旅行者_原神，索拉_原神"
"aether_gazer","以太凝视"
"afloat","漂浮"
"afpl_(parrotz4)","芙美穗_(xzdt4574)"
"afro","鸟窝头|爆炸头"
"afro_puffs","太空泡芙"
"after_anal","肛交后"
"after_bathing","沐浴后，淋浴后"
"after_fellatio","口交后"
"after_kiss","接吻后"
"after_paizuri","乳交后"
"after_rape","遭受强奸后精神崩溃的受害者"
"after_sex","事后"
"after_vaginal","事后阴道特写"
"after_war_gundam_x","机动新世纪高达X"
"afterglow","事后余韵"
"afterimage","残像"
"afuro_terumi","阿芙罗狄蒂（稻妻十一人组）"
"aga_marino","翔平_(piranha5hk)"
"agaa_(masatu)","正人"
"against_glass","压在玻璃上"
"against_railing","倚靠栏杆"
"against_wall","压在墙上"
"agamemega","游戏_(阿伽门巨神)"
"agano_(kancolle)","亚加诺_(舰姬Collection)"
"agarest_senki","《阿加雷斯战争》记录"
"agata_(agatha)","agt_bp，AGT BP主题"
"agate_(xenoblade)","《异度之刃》菜单界面"
"agatha_(pokemon)","琪可可_(宝可梦)"
"agatha_christie_no_meitantei_poirot_to_marple","阿加莎·克里斯蒂的经典侦探波洛与马普尔，波洛与马普尔"
"age_difference","年龄差"
"age_nasuo","amzk_knr，暗黑风格，哥特风"
"age_progression","年龄段展现"
"age_regression","幼化"
"age_switch","年龄互换"
"aged_down","返老还童，更年轻"
"aged_up","年纪较大者"
"agemmata","阿穆斯卡里亚，埃里安斯"
"agent_(girls'_frontline)","《少女前线》特工角色"
"agent_416_(girls'_frontline)","特工416（少女前线）"
"aggressive_retsuko","阿格雷茨库"
"agnea_bristarni","阿格妮亚_(八方旅人)"
"agnese_sanctis","安妮泽·桑克蒂斯"
"agnimon","阿古尼蒙"
"agong","可调整高度"
"agott_(tongari_boushi_no_atelier)","玛瑙_(通伽利树之工坊)"
"agria_(tales)","农业主题"
"ags-30_(girls'_frontline)","ags-30_（少女前线）"
"agu_(agoppdki)","agu_(agrias777)，阿格丽亚斯777相关标签"
"agyo_(housamo)","阿吉欧_（东京放课后的召唤师们）"
"ah-lyong_lee","abbb，玛森塔"
"ahaha_kun","丰盛"
"ahegao","阿嘿颜"
"ahiru_(princess_tutu)","苍绿"
"ahoge","呆毛"
"ahri_(league_of_legends)","阿狸"
"ahshi_(yingchuan_songshu)","用户_ravu2528"
"ai_ai_gasa","爱情雨伞"
"ai_gon_deroga","艾贡德罗加"
"ai_tenshi_densetsu_wedding_peach","婚礼桃子主题"
"ai-bon","文字内容"
"ai-chan_(dokidoki!_precure)","AI酱_(光之美少女)"
"ai-chan_(madoka_magica)","AI酱_(魔法记录)，无名人工智能的传闻"
"ai-chan_(tawawa)","AI_(冰室奇迹)"
"ai-chan's_mother_(tawawa)","AI之母（希耶尔·奇塞基）"
"ai-chan's_sister_(tawawa)","AI的妹妹（希耶尔·奇塞基）"
"aiba_kou","艾尼瓦库，法戈特混合器"
"aiba_takaya","街舞少年"
"aibek","艾姆贝克"
"aibu_yue","于婷"
"aida_noa","艾达奥斯马亚，user_dmug7842"
"aida_rayhunton","艾达·雷汉顿，艾达·须龙丸"
"aida_yuu","艾达·由"
"aiguillette","绶带"
"aihara_yuzu","相原由佐子"
"aii_taii","洛丽塔风格"
"aikatsu!","偶像梦幻祭"
"aiko_(kanl)","可爱角色"
"aiko_(magipoka)","爱子_(连环三部曲魔法宝箱)"
"aikome_(haikome)","爱哭鬼"
"aikosu_(icos)","托尼奥米"
"aikura_chihiro","千寻_(pixiv7160)"
"ailane_(show_by_rock!!)","艾琳_(show_by_rock!!)，艾琳_(show_by_rock!!)"
"aile_(mega_man_zx)","艾尔_洛克人"
"aimi_(sky-freedom)","艾米_(自由)"
"aiming","瞄准"
"aiming_at_viewer","瞄准了读者(的视角)"
"aimitsu_(ibityuttyu)","伊比尤提尤"
"aimori_meguru","大人大叔系"
"ain_houfanghuashui","ain_(3990473)，艾因"
"aina_(mao_lian)","兔牙（毛莲），兔牙（猫泽）"
"ainchase_ishmael","艾因_艾尔之剑"
"ainkun","我_2020"
"aino_ai","AI_(咏叹调)"
"ainu_clothes","阿伊努人的服饰"
"aiovia","律师角色"
"air_(visual_novel)","空气"
"air_bubble","气泡"
"air_conditioner","空调"
"air_defense_cruiser_princess","防空巡洋舰姬"
"air_defense_princess","防空姬，反空战姬"
"air_man","飞行员"
"air_pump","充气装置"
"air_quotes","手指引号"
"aira_(endless5515)","aira_（艺术家）"
"aircraft","飞行器"
"aircraft_carrier_princess","航空母舰姬"
"aircraft_carrier_summer_princess","航空母舰，夏日姬"
"aircraft_marshaller","飞机协调员，飞机引导员"
"airfield_princess","机场公主"
"airfish_(lefko_d)","空企鱼，莱夫科_D"
"airi_(blue_archive)","栗村爱里"
"airi_(queen's_blade)","爱莉_(女王之刃)"
"airis_(shironeko_project)","鸢尾花_(白猫项目)"
"airool","文件存档_(艾洛_C)"
"airplane","飞机"
"airplane_arms","布恩"
"airseal","费州大鲜包，伟贵511"
"airship","飞艇"
"airy_(bravely_default)","aerie_(勇敢默认款)"
"aisarenakute_mo_kimi_ga_iru_(vocaloid)","因为你在身边_(虚拟歌姬)"
"aisha_landar","艾莎_(艾尔之剑)"
"aisutabetao","海川"
"aitanso","ico_aico，艾可艾可"
"aito_(indigorabbit)","靛蓝兔子"
"aiuabo","abo_（川端纯之介）"
"aiume_rm","sas_（婴儿床4）"
"aiuti","相内"
"aiwo_o_lite","gnsn_aile022，GNSN_AILE022版本"
"aizaki_utau","相崎_（aizkaizk）"
"aizawa_mint","相泽民人"
"aizawa_sachi","sachy_(sachichy)，萨奇_(萨奇奇)"
"aizawa_shota","相泽消太，橡皮头（我的英雄学院）"
"aizen_(housamo)","蓝染_（东京咒术高等专门学校）"
"aji_(eatfishfly)","吃鱼阿吉，吃鱼的飞虫"
"aji_(sagi_45)","aji_(xgifcx)，阿吉_(xgifcx)"
"ajirogasa","笠帽"
"ajishio_(loli_king)","萝莉王"
"ajitarou_(setsu)","令人发笑的情节"
"ajiwo","azuko_(ampenm)，普普普普普米恩"
"ajula_wachula","伊加娜·阿索内里克斯"
"ak_5","AK-5步枪"
"ak-12_(girls'_frontline)","AK-12_（少女前线）"
"ak-15_(girls'_frontline)","AK-15_（少女前线）"
"ak-47_(girls'_frontline)","AK47_（少女前线），AK47_（少女前线）"
"ak-alfa_(girls'_frontline)","AK-阿尔法_(少女前线)"
"ak74m_(girls'_frontline)","AK-74M_（少女前线），AK-74M_（少女前线）_（rabochicken），AK-74M_（少女前线）_（rabochicken）"
"aka_(s3637)","又名_(pixiv193029)"
"aka_kan","福库罗_(hvgd5584)"
"aka_muffler_yamato","赤目丸大和"
"aka_ume","青梅色"
"akabashi_yuusuke","赤桥"
"akafuku_pukoemon","奇米尼托基梅基，南_奇米尼托基梅基"
"akagami_no_shirayukihime","红发白雪公主"
"akagi_(fmttps)","千真纪_(u9works)"
"akagi_(kancolle)","赤城_(舰队Collection)"
"akagi_(ruby-laced_beauty)_(azur_lane)","赤城_（脸红陶醉）_（碧蓝航线）"
"akagi_kurage","水树爱琉_（赤城勇气）"
"akagi_towa","托瓦_(Go!_公主光轮战记)"
"akagi_yuuto","川澄优人"
"akahito_(akaironotanin)","晓之海365"
"akaho_sakura","红叶樱花"
"akahoshi_kenji","烧烤_(艺术家)"
"akai_haato","八马"
"akai_haato_(casual)","赤羽哈托_第二套服装"
"akai_haato_(gothic_lolita)","赤羽哈托_（第五套服装）"
"akai_haato_(hololive_summer_2019)","赤羽哈托_（第三套服装）"
"akai_kagerou","赤影_（艺术家名）"
"akai_kitsune","赤狐，红狐"
"akai_ringo_(eveyuno)","悲伤的表情"
"akai_ronii","洛_(罗格尤伊基)"
"akaishi_yashi","杀死_0ggg0"
"akaisu","茜色"
"akakage_red","红色_（红光）"
"akamaru","铃子"
"akamirai","海兽22"
"akamoku","akmkmk3，姜黄素，罗卡"
"akanbe","拉下眼睑的鬼脸"
"akane_(blue_archive)","室笠茜"
"akane_(bunny)_(blue_archive)","赤红_(兔女郎)_(蓝色档案)，室笠赤红_(兔子)"
"akane_harurou","赤春大狐"
"akane_keiko","茜葵子"
"akane-iro_ni_somaru_saka","赤色之空下，赤色之空下的场景"
"akano_murasaki","浅紫色"
"akaoni_(zumt3548)","赤红龙2M"
"akaooni","红色鬼怪_(微笑天使！)"
"akari_(blue_archive)","渡边明里"
"akari_(bokujou_monogatari)","安吉拉_(收获之月)"
"akari_(pokemon)","灯里_（宝可梦传说：阿尔宙斯），女性主角_（宝可梦传说：阿尔宙斯），小智_（宝可梦）"
"akari_(princess_connect!)","风见灯里"
"akari_0313","灯里_0126"
"akariya_kuubu","库。"
"akasaai","yui_2021_x，由依_2021_X"
"akasaka_koutarou","科塔罗PSD，黑奈太郎"
"akashi_(akashi's_in_the_red_nya!)_(azur_lane)","赤城_(穿红装的赤城！)_(_碧蓝航线_)"
"akashi_(kancolle)","明石_(舰姬Collection)，道具店少女_(舰姬Collection)"
"akashic_chronicle","手机传奇：冒险篇"
"akashio_(loli_ace)","少年感"
"akashiro_sen","让人想入非非"
"akashiro_yulice","苍城由里丝"
"akasode_(tyaramu)","奇亚拉穆"
"akata_itsuki","辉石月"
"akatoro_(nightlord)","托罗_夜之领主"
"akatsu_botan","晓色"
"akatsuki_(kancolle)","晓_(舰姬Collection)"
"akatsuki_akane","朝月松本，朝月_（个人空间）"
"akatsuki_hijiri","可爱化"
"akatsuki_katsuie","黎明破晓"
"akatsuki_no_yona","破晓之尤娜"
"akatsuki_shimeji","白木京辅"
"akatsuki_uni","晓雪奈"
"akazaki_yukino","赤崎千野"
"akazawa_kureha","红莲_(红莲Pso)"
"akazu_kieshi","桂志变态"
"akazutsumi_momoko","晓海桃子"
"akebi_(kakororo)","茜_(pixiv41525)，萌趣满满"
"akebi-chan_no_serafuku","茜的水手服"
"akebono_(kancolle)","晓_(舰队Collection)"
"akeboshi_kagayo","美少女，可爱少女"
"akechi_(826988799)","明智光秀"
"akefumi","更暗色调的"
"akemiho_tabi_nikki","晓穗旅行日记"
"akeome","新年伊始"
"akesaka_iku","猫咪"
"aki_inu","犬类_(inu2inu)"
"aki_no_urara_no_akane-iro_shoutengai","晓之乌拉拉诺红衣少年会"
"aki_rosenthal","晓色"
"aki_rosenthal_(gaming_casual)","阿基·罗森塔尔（第六套服装）"
"aki_rosenthal_(gothic_lolita)","阿基·罗森塔尔（第五套服装）"
"aki_rosenthal_(hololive_summer_2019)","阿基·罗森塔尔_第三套服装"
"aki_rosenthal_(sleepwear)","阿基·罗森塔尔（第二套服装）"
"aki_yama73","角色立绘"
"aki663","gnir_(akiring663)，格尼尔_(akiring663)"
"akiaki_aki","秋水昭夫"
"akiba_maid_sensou","秋叶原女仆战争"
"akiba_monaka","猫娘1107"
"akiba's_trip_2","秋叶原之旅：不死族与裸体场景"
"akigumo_(kancolle)","鬼雾_(舰队Collection)"
"akiha_gongen_(housamo)","晓宫缘（东京放课后的召唤师）"
"akiha_rumiho","法里斯喵喵，法里斯喵喵"
"akihabara_dennou_gumi","秋叶原的电子战队"
"akihila","佐久间志也"
"akikan_sabago","沙波子，秋香"
"akikan!","茜香"
"akikawa_yayoi_(umamusume)","秋川弥生"
"akimaki_yuu","秋巻由宇"
"akimikan_(2.5deciliter)","五色封筒乌鸦"
"akimotsu_(akim_x)","akim_x，秋叶X"
"akina_tsukako","栗桃子"
"akinaie","日织"
"akinbo_(hyouka_fuyou)","晓风_碧空"
"akino_(princess_connect!)","兔斗秋乃"
"akino_ell","无耳_(gt17854)"
"akino_hamo","哈莫_（动漫），哈莫_（动漫）"
"akino_komichi","国际象棋"
"akinoko_(noco916)","阿基诺子_(pixiv304871)，阿基诺子_(pixiv_57446437)"
"akinomiya_asuka","茜宫亚丝卡"
"akipeko","祖玛"
"akira_(blue_archive)","清澄亮"
"akira_(kaned_fools)","阿基拉_(liarsoft)"
"akira_(manga)","阿基拉，阿基拉_电影"
"akira_(meltyhip)","融化臀部"
"akira_shiun","晓老师"
"akire_(akireru_shoujo)","晓 zz"
"akisa_yositake","茜_(12023648)"
"akisaka_akira","王子"
"akisame_rizu","里祖里里"
"akishimo_(kancolle)","秋岛_(舰队Collection)"
"akisoba","秋刀鱼面_(马戏团)，泉秋刀鱼"
"akisu_karasu","乌鸦_(Pixiv)"
"akita_hika","阿基塔希卡44"
"akitaland_gothic","秋田之地哥特风"
"akito_(owata11)","晓人_(pixiv101375)"
"akitokage","晓之影01"
"akitsu_maru_(kancolle)","赤津丸_（舰队Collection）"
"akitsuki_(oenothera)","月见草"
"akitsuki_karasu","乌鸦_(karasu1919)，月下之乌鸦"
"akitsushima_(kancolle)","秋岛_(舰姬Collection)"
"akiwashi","超级西德瑞克斯"
"akiyama_enma","秋山abc"
"akiyama_fumika_(pepper0)","姐姐_(pepper0)"
"akiyama_minato_(pepper0)","白衬衫兄弟（pepper0）"
"akiyama_ryo","秋山亮"
"akiyama_toru_(pepper0)","蓝衬衫哥哥（pepper0）"
"akiyama_yuko_(pepper0)","母亲_(pepper0)"
"akiyoshi_haru","春_(诺波波)"
"akizora_momiji","哭头_(kazuakifca)"
"akizuki_(kancolle)","晓月_(舰队Collection)"
"akizuki_haruhi","晓春阿基兹奇"
"akizuki_nagi","长谷_（peace@pieces）"
"akizuki_ryo","晓龙"
"akizuki_shigure","51_（秋月）"
"akkasayu","嘌呤工坊"
"akke_(akke299)","藤丸_（溺爱向）"
"akkun_to_kanojo","我可爱的暴君"
"ako_(blue_archive)","阿玛乌·阿科"
"ako_(track)_(blue_archive)","amau_ako_（曲目）"
"ako_oekaki","ako_(user_kart5523)，阿科_（用户_kart5523）"
"akobeul","关于00，废除白血病，废除白血病_成人内容"
"aku_(dejigiga)","吉加美卡"
"aku_no_hana","邪恶之花"
"aku_no_meshitsukai_(vocaloid)","邪恶使徒_(虚拟歌姬)"
"aku_no_musume_(vocaloid)","赤之娘"
"aku0","用户_zawh4338"
"akujiki_musume_conchita_(vocaloid)","恐怖之女康奇塔"
"akuma_(ogino-m)","朱托皮亚"
"akuma_(st.takuma)","圣拓马"
"akuma_(street_fighter)","豪气"
"akuma_no_riddle","恶魔之谜语故事"
"akuma_ouji_to_ayatsuri_ningyou","恶魔王子与木偶，邪恶王子与木偶"
"akuru-chan_(ado)","阿库鲁酱"
"akuto_(akuto_desu)","9rage艺术风格"
"akutsu_(yuumi)","赤津由美，梅津由美"
"akuukan_coneru","觉醒中"
"akuyaku_reijou_level_99:_watashi_wa_ura-boss_desu_ga_maou_dewa_arimasen","反派女角色_99级：_我或许是隐藏BOSS，但绝非恶魔领主"
"al_azif_(demonbane)","阿尔·阿齐夫"
"alain_(pokemon)","艾伦_(宝可梦)"
"alakoala","阿拉考拉秀秀"
"alan_(210bush)","210bush，alan_(艺术家)"
"alarm_clock","闹钟"
"albedo_(overlord)","反照率"
"albino","白化病"
"album_cover","专辑封面"
"alca_(wakatanka4)","阿尔卡，阿尔坎德_(吉伊)"
"alchemaniac","安德烈安·吉朗"
"alchemist_(girls'_frontline)","炼金术师_(少女前线)"
"alcina_dimitrescu","迪米特雷斯库，迪米特雷斯库女士"
"alcohol","酒"
"alcohol_carton","啤酒纸盒，清酒纸盒，葡萄酒纸盒"
"alcohol_enema","肛门灌酒"
"alcoholrang","兰西武特·桑瓦特沙拉克尔"
"aldehyde","有气无力的表情"
"alder_(pokemon)","阿德库_(宝可梦)"
"aldra_(queen's_blade)","阿尔多拉"
"alear_(female)_(fire_emblem)","alear_（火焰之纹章）_女性角色"
"alear_(male)_(fire_emblem)","alear_（火焰之纹章）_男性角色"
"alek_reyes","刽子手_(alextau666)"
"aleksandra_i._pokryshkin","亚历山德拉·I·波克里什金"
"aleksandra_skiba","亚历克西尼斯基巴"
"alela_grora_(funamusea)","阿莱拉·格罗拉"
"aleriia_v","lera_pi，蕾拉·派"
"alex_(aestheticc-meme)","女汉子妹纸_(美学C模因)"
"alex_louis_armstrong","亚历克斯·路易斯·阿姆斯特朗"
"alexa_mahone","有栖川真帆"
"alexander_(fma)","亚历山大_（钢之炼金术师）"
"alexandra_viktorovna_dashkova_(tukikagerou)","亚历山德拉·维克托罗夫娜·达什科娃"
"alexandrina_sebastiane","莉娜_(无界区域零)"
"alexei_dinoia","阿列克谢_（黄昏之诗）"
"alexi_(tits!)","有翼美少年"
"alfonse_(spring_prince)_(fire_emblem)","阿尔方斯_（春天）_（火焰之纹章）"
"alfonso_(project_moon)","阿尔方索_（利姆布斯公司）"
"alfred_(artist)","阿尔弗雷德"
"alfyn_greengrass","阿尔芬_(八方旅人)"
"algerie_(white_sand_paradise)_(azur_lane)","阿尔及利亚_(白沙天使)_(碧蓝航线)"
"algernon_(housamo)","阿尔杰农_（东京放课后的召唤师）"
"alhaitham_(genshin_impact)","阿尔·海赛姆_原神"
"ali_al-saachez","ali_ai_saachez，阿里AI萨切兹"
"alia_(mega_man)","艾莉亚_洛克人"
"aliasing","重采样伪影，尺寸调整伪影"
"alibaba_saluja","阿里巴巴萨鲁贾"
"alic_miao","yoi_(sukie1314)，唯爱风格"
"alice_(alice_in_wonderland)","爱丽丝（仙境）"
"alice_(deemo)","女孩_(deemo)"
"alice_(fate)","爱丽丝_(命运/extra)"
"alice_(openhexagon)","奥纳斯"
"alice_(tales)","爱丽丝_（交响诗篇韩版）"
"alice_blanche","爱丽丝_（异国迷境的十字路口）"
"alice_cartelet","爱丽丝·卡特莱特，爱丽丝·卡特雷特"
"alice_margatroid","/am，动漫风格"
"alice_margatroid_(pc-98)","爱丽丝·玛格特罗伊德（年轻版）"
"alice_zuberg","爱丽丝·舒贝格"
"alicemare","爱丽丝·玛尔"
"alicesoft","爱丽丝软萌风格"
"aliceyawnin","克拉维欧尔"
"alicia_testarossa","阿莉西亚·特斯塔罗萨"
"alien","外星人"
"alien_(1979)","外星人_电影"
"alien_adviser","好长啊"
"alien_vs._predator","外星人对抗食肉动物"
"alina_(girls'_frontline)","尼托·阿丽娜（少女前线），尼托·极光之日（少女前线），尼托·怀特（少女前线）"
"aling539","艾灵斯塔"
"alipheese_fateburn_xvi","爱丽丝_（蒙穆苏任务！），阿莉斯菲泽_命运之焚 XVI"
"alisa_(kuro_no_sakura)","波克波克"
"alisa_(pgr)","艾丽莎（惩罚模式：灰鸦），莲娜（惩罚模式：灰鸦）"
"alisa_ilinichina_amiella","有里亚，伊琳，中国，艾米拉"
"alisa_nilsen","莉赛"
"alisa_reinford","艾丽莎·莱因福特"
"alisame","同上_0412"
"alisha_diphda","阿莉莎_(故事版)"
"alison_(alison_airlines)","艾莉森_(艾莉森航空线)"
"alita","画廊"
"aliza_(granblue_fantasy)","阿莉莎_(碧蓝幻想)"
"alkaid_mcgrath","陆晨"
"alkalilyy","e7lilyy，艾莉莉"
"all_fours","母豹pose"
"all_saints_street","万盛街"
"all-out_attack","全力攻击"
"all-terrain_vehicle","四轮摩托车"
"alley","小巷"
"allister_(pokemon)","洋葱_(宝可梦)"
"allmind_(armored_core_vi)","全知意识_(装甲核心6)"
"ally_(puyopuyo)","arii_(弹珠派对)"
"allymidorikawa","卡琳娜"
"almic","阿尔·米坎"
"almico","单色_1010"
"almualim","枕头，成人教育内容"
"aloe_(kenkou3733)","aloe_(艺术家)"
"alolan_boy","京恩艺术"
"alolan_form","阿罗拉形态(宝可梦)"
"alouette_(mega_man)","云雀_(洛克人零)"
"alpaca_club","有翼帕卡库拉布"
"alpaca_suri_(kemono_friends)","羊驼苏丽毛色"
"alph_(sancheck)","阿尔法少年"
"alpha_(pgr)","阿尔法_惩罚模式：灰鸦"
"alpha_(yukai_na_nakamatachi)","alpha_(艺术家)"
"alpha_signature","阿尔法签名(推特用)"
"alpha-type","插画"
"alpharecdyt","御主大人"
"alphes_(style)","阿尔卑斯风格"
"alracoco","阿尔拉科"
"alt_text","源图像文字"
"altair_(re:creators)","枪爆姬"
"alter_sang","卡拉克拉_9879"
"altera_(fate)","阿提拉_(命运/冠位指定)"
"altera_moontail","阿尔特拉·塞丰"
"altera_the_santa_(fate)","阿尔特拉圣诞老人"
"alterlesott","蕾丝袜，细腿袜"
"alternate_body_fluid","替代血液，替代唾液"
"alternate_breast_size","贫乳化|爆乳化"
"alternate_color","异色"
"alternate_costume","角色换装"
"alternate_element","替代元素"
"alternate_eye_color","异瞳"
"alternate_eyewear","备用眼镜"
"alternate_form","形态变化"
"alternate_hair_color","发色变化"
"alternate_hair_length","头发长度变化"
"alternate_hairstyle","发型变化"
"alternate_headwear","头饰变化"
"alternate_legwear","腿部穿着变化"
"alternate_skin_color","肤色变化"
"alternate_species","异种种族"
"alternate_universe","如果……会怎样"
"alternate_weapon","武器变化"
"alternate_wings","不同的翅膀"
"although_she_hurriedly_put_on_clothes_(meme)","尽管她匆忙地穿上了衣服"
"altyane_hetata","tata_（艺术家）"
"alva_(artofalva)","阿尔法之艺"
"alvida_(peach88)","阿尔维达_(桃子莫莫曾)"
"alvin_(tales)","阿尔文_（异度神剑）"
"alvis_(last_origin)","T-13阿尔维斯坦克"
"alvis_(xenoblade)","阿尔维斯_(异度之刃)"
"amaa_(chou_dennou_jidai)","伊巴拉米米"
"amaama_to_inazuma","甜蜜与闪电，甜蜜与闪电"
"amada_ken","阿玛达健"
"amado_(shin)","阿马多斯"
"amaenaideyo!!","啊我的佛祖，请多关照"
"amagai_tarou","奥达"
"amagai_yukino","天海由纪乃"
"amagami","天之翼SS"
"amagami-san_chi_no_enmusubi","用天女姐姐系结绳结"
"amagasa_higasa","天马枪"
"amagasa_ikuta","天之海斗"
"amagaya_(rat-tat-tat)","田谷爱"
"amagi_(kancolle)","天城_(舰姬Collection)"
"amagi_hana","爱德华·艾尔"
"amagi_xx","天城"
"amagiri_(kancolle)","天城理（舰队Collection）"
"amai_nekuta","初美涅库塔"
"amaichi_esora","美奈月_(青金石169)"
"amaimi","阿迈珍珠粉"
"amaimochi","娘傲现乳"
"amaiwashi","鱼_(安克)"
"amajiki_tamaki","食阳者_《我的英雄学院》"
"amakarashi","黑色比奇鸡"
"amakata_miho","天神美穗"
"amakawa_sakko","猫耳西装"
"amakawa_tamawo","天诺恩"
"amami_amayu","阿玛由"
"amami_rantaro","天海烂太郎"
"amamine_shu","天海秀"
"amamiya_(abaros)","阿巴罗斯"
"amamiya_chiharu","千春_(猫耳少女96)"
"amamiya_elena","天宫绘里奈"
"amamiya_kaoruko_(kuromiya)","天宫香织子"
"amamiya_minato","梦之观测室"
"amamiya_ren","小丑_(女神异闻录5)，仓鼠光，主角_(女神异闻录5)"
"amamiya_rizumu","天宫律动"
"amamiya_ten'ya","天城天夜"
"amanchu!","阿曼丘"
"amane_(dream_c_club)","天音_(梦之俱乐部)"
"amane_(yukiango69)","天音KJFK"
"amane_hasuhito","hasu_(hk作品集)"
"amane_kanata_(another_world)","天音奏_(第五套服装)"
"amane_kanata_(new_year)","天音奏（第二套服装）"
"amane_kanata_(nurse)","天音奏_(第四套服装)"
"amane_kanata_(punk_rock)","天音奏_(第六套服装)"
"amane_kanata_(summer)","天羽奏（第七套服装），天羽奏（泳装）"
"amane_kanata_(work)","天音奏_(第三套服装)，天音奏_(工作装)"
"amane_kurumi","天音曲美"
"amane_shinobu","忍_(pixiv2500)"
"amane_sora","海葵诺亚"
"amano_ai","天野爱AI"
"amano_cigusa","千里奈"
"amano_hotaru_(hotaama)","神奈美香"
"amano_jack","天野杂技"
"amano_keita","nate_(幽灵观察)，nathan_adams"
"amano_kotone_(ichigo_jet)","喷射_天使掠夺"
"amano_kouki","天野_(els573)"
"amano_meme","呜呼，呜呼"
"amano_ririsa","天野莉莉莎"
"amano_yo-ki","天野由纪"
"amanooni_touri","十鬼游历"
"amanoru_mozuku","am_mzk_mkz_9，阿姆·MZK_MZK_9"
"amanuki-san","九云宾"
"amanun","阿马努迪乌斯"
"amaryllis_gumi","石蒜，石蒜类"
"amasaki_yusuke","瓦君"
"amasawa_yuuko","伊坂，伊坂_（电波线圈）"
"amashoku_jirou","羞耻感"
"amasora_taichi","节乃雨"
"amaterasu_(ookami)","天照大神"
"amatsu_misora_ni!","朝阳之歌"
"amatsukaze_(kancolle)","天风_(舰姬Collection)"
"amatsuki_(utaite)","天月_(尼科尼科动画)"
"amatsumara_(housamo)","向日葵_(东京放课后的召唤师们)"
"amatya","阿玛查"
"amayo_thranana","特拉纳娜艺术"
"amazon_(company)","amazon.com，amazon_(版权)"
"amazon_warrior","亚马逊，亚马逊相关事物"
"amazu_(kurozu)","黑泽真"
"amazuki_jou","天月柔"
"amazume_ryuuta","天丛云龙太"
"amazuyu_tatsuki","阿玛杜尤·达月"
"ambiguous_gender","性别暧昧"
"ame_(beeames)","比姆斯，村沙绪"
"ame_(mignon)","后海酱_（可爱版）"
"ame_(uten_cancel)","可爱，萌趣"
"ame_arare","可爱角色，迷人角色"
"ame_katsuo","阿梅胜"
"ame_no_kisaki_academy_school_uniform","天之辉学园制服"
"amefurin","亚修喵，凛（阿梅弗林）"
"ameinu","气系能量"
"amekun_(nanachimaru)","魔法7，七海小丸子"
"ameli_(girls'_frontline)","CETME Ameli（少女前线），CETME Ameli（女武神前线）"
"amemiya_arikapu","阿利卡普"
"ameno_sagiri_(artist)","加冕木薯糖"
"amenojaku","雨天_1122"
"amenosaka_nono","水森_（xcllcx），普吕伊·诺诺"
"america","美国"
"america_(hetalia)","阿尔弗雷德·F·琼斯"
"american_beaver_(kemono_friends)","北美洲海狸（动物朋友）"
"american_flag","星条旗"
"american_flag_bikini","星条旗比基尼"
"american_football","美式足球"
"american_football_(object)","美式足球（物品）"
"ametan_(meteo_impact)","皮卡皮卡皮卡丘0723，皮卡皮卡皮卡丘0723"
"ameth_(princess_connect!)","艾姆斯"
"ameto_yuki","天女雪"
"ameyama_denshin","天照大神"
"ameyoii","特祖努里"
"amezawa_koma","天泽的故事"
"ami_thompson","阿米·汤普森_h"
"amigo_(hua_cao)","高大帅哥"
"aminww_amingming","用户_eesx7423"
"amir_halgal","阿米拉_（恋与声优）"
"amiri_ari","阿米里亚里，阿米里亚里78"
"amiya_(planter)_(arknights)","阿米娅（种子），《明日方舟》"
"amiyakinyu","后藤志晴"
"ammunition","弹药"
"ammunition_belt","弹药带"
"ammunition_box","弹药箱，弹匣盒"
"ammunition_pouch","弹药袋，弹匣袋"
"amo_(silent_bomb19)","瑞音水树"
"amogan","护甲整理者"
"ampheta","安非他_0104，安菲塔"
"amplifier","放大器，乐器放大器"
"amplifier_(instrument)","放大器(音响)"
"amputee","欠损|独脚|肢体残缺|欠损少女"
"amu_(omoro3bot)","a_rou,omoro3bot的中文翻译为：a_rou,omoro3机器人"
"amuii","amuii艺术风格"
"amulet","护身符"
"amulet_dia","钻石护身符"
"amuriha","奥西阿拉"
"amy_limietta","艾米·哈劳恩，艾米·利米埃特，艾米·利米埃塔"
"amykem","艾米楚古波特"
"an_yb","安永彬18622"
"an-94_(girls'_frontline)","AN-94_（少女前线）"
"an-chan_(ananna0315)","阿南娜，阿南娜0031，金吉茨1824"
"an2a","风之信件"
"ana_(overwatch)","安娜·阿玛里"
"ana_c._sanchez","阿纳克里斯，阿纳克里斯，库马纳克里斯"
"ana_coppola","安娜·科波拉"
"anabel_(pokemon)","莉拉_宝可梦"
"anago_nia","幽玄泡2"
"anaguma_keigo","anaguma_201，每日飞行的伊卡鲁加·卢卡"
"anal","肛门|肛交|着衣肛交|骑乘位肛交"
"anal_beads","肛珠"
"anal_fingering","手指刺激肛门"
"anal_hair","肛毛"
"anal_object_insertion","肛门物体插入"
"anal_prolapse","直肠脱垂"
"anal_tail","肛尾"
"analog_kenshi_(moto)","安娜·狗哭石"
"ananke_7","轮班"
"anastasia_(shadow_hearts)","阿纳斯塔西娅·罗曼诺夫（阴影之心）"
"anastasia_(shvibzik_snow)_(fate)","shvibzik_snow，雪地中的shvibzik"
"anato_finnstark","安纳托·芬恩·史塔克"
"anceril_sacred","ancer_（美岛黑音）"
"anchor","锚"
"anchor_choker","锚形项圈"
"anchor_hair_ornament","锚形发饰"
"anchor_print","锚形印花"
"anchor_symbol","锚形符号"
"anchorage_princess","锚点姬"
"anchovy_(girls_und_panzer)","凤尾鱼，安斋千代美"
"ancient_destroyer_princess","古代毁灭姬"
"ancient_egyptian","埃及的"
"ancient_egyptian_clothes","埃及服饰"
"ancient_greek_clothes","希腊风格服饰"
"anco_(platanity)","布兰玛萌"
"and_uge","安朵·尤格"
"anderain","渐隐效果"
"andersonalac","alac_(408005134)，阿尔拉克"
"andira_(granblue_fantasy)","安奇拉_《碧蓝幻想》"
"ando_ruruka","安藤琉璃香"
"andoain_(arknights)","安德罗妮_《明日方舟》"
"andou_(girls_und_panzer)","安藤丽奈"
"andou_aiko","安朵·爱子"
"andou_nene","安朵奈奈"
"andou_shuki","安藤千佳纪，安藤修树，安藤修辉"
"andou_you","蛋黄酱"
"andrastae_(voice_actor)","安德拉斯特"
"andrew_(duel_angel)","天使对决"
"andrew_kreiss","守墓人_(身份V)"
"andrewcockroach","安德里亚·科弗朗切斯科"
"androgynous","可男可女"
"android","人造人"
"andvari_(last_origin)","C-33与瓦里"
"andyface","德鲁比皮耶"
"ane_naru_mono","像姐姐那样的人"
"ange_(granblue_fantasy)","安吉·德兰格"
"angel","天使"
"angel_(drag-on_dragoon)","天使报时曲"
"angel_(kof)","天使_(拳皇)"
"angel_and_devil","天使与恶魔"
"angel_beats!","天使节拍"
"angel_bunny","天使_(我的小马驹)"
"angel_links","圣凰天使之翼链接"
"angel_wings","天使的翅膀"
"angelia_(girls'_frontline)","安吉莉亚_(少女前线)"
"angelica_(epic_seven)","安吉丽卡_(epic7)"
"angelica_(project_moon)","安吉丽卡_（鲁伊纳图书馆）"
"angelina_(distinguished_visitor)_(arknights)","安吉丽娜_(优质访客)_《明日方舟》"
"angelina_(summer_flower)_(arknights)","安吉丽娜_(夏日花朵)_(明日方舟)"
"anger_vein","青筋"
"anglerfish","鮟鱇"
"angol_mois","莫阿鸟"
"angon623","安戈诺诺诺"
"angora_rabbit","安哥拉兔"
"angra_mainyu_(fate)","复仇者"
"angry","发怒"
"angry_dog_noises_(meme)","愤怒狗狗的叫声"
"anila_(granblue_fantasy)","阿妮拉_《碧蓝幻想》"
"anilingus","舔肛门"
"animal","动物"
"animal_bag","动物背包"
"animal_charm","动物钥匙扣"
"animal_collar","狗项圈，宠物项圈"
"animal_costume","动物系装扮"
"animal_crossing","动物森林"
"animal_ear_fluff","耳绒毛"
"animal_ear_legwear","动物主题绑腿装"
"animal_ears","兽耳"
"animal_focus","以动物为焦点"
"animal_hands","动物爪子，爪，爪肢"
"animal_hat","动物主题帽饰"
"animal_hood","兽耳头罩"
"animal_hug","抱着动物"
"animal_on_head","头上有动物"
"animal_on_lap","膝盖上有动物"
"animal_on_shoulder","肩上有动物"
"animal_print","动物印花"
"animal_yokochou","动物小巷，动物横丁"
"animal-shaped_pillow","动物形状枕头"
"animal-themed_umbrella","动物主题雨伞"
"animalization","动物化"
"animated","动画"
"animated_gif","GIF动画"
"anime_coloring","动画上色"
"anime_screenshot","动漫截图，画面截图"
"animeflux","动漫流光效果"
"animist","篠原健太（おもちゃのちゃちゃちゃ）"
"anisphia_wynn_palettia","安妮-索菲亚·温恩·帕莱蒂娅"
"anita_(darkstalkers)","安妮塔_吸血鬼"
"anizi","安尼兹_(anizi9621)"
"anjo_nala","ms._kimberly_（反向：1999）"
"ankara_(ko_ruto3)","火鸡小人"
"ankh","安库(假面骑士OOO)"
"ankha_(animal_crossing)","安卡，尼罗河_（动物之森）"
"ankha_zone_(meme)","安卡区域"
"ankimo_(tokino_sora)","安奇莫_（托基诺·索拉频道）"
"ankle_boots","踝靴"
"ankle_lace-up","脚踝系带"
"ankle_ribbon","踝带"
"ankle_socks","踝袜"
"ankle_strap","脚踝丝环"
"ankle_wings","脚翼"
"ankle_wrap","脚踝套"
"anklet","脚镯"
"ankoku_emu_shougun","嗯，将军少女"
"ankoku_tiger","红色心脏"
"ann_(enye5842)","用户_enye5842"
"anna_(aannnaa3)","tbmt_安娜"
"anna_(avona)","安娜_(安娜1997)"
"anna_(gekkou_no_carnevale)","安娜_（月光嘉年华）"
"anna_(princess_connect!)","平假名安娜"
"anna_(small_night)","安娜_（艺术家）"
"anna_liebert","妮娜·福特纳"
"annaka_haruna","安中_(日常)"
"annand_(fire_emblem)","玛赫尼亚_火焰之纹章"
"anne_bonny_(fate)","安妮·邦尼（命运/冠位指定）"
"anne_happy","安妮，快乐"
"anne_of_green_gables","晓之安妮"
"annette_fantine_dominic","安妮特·芳汀·多米尼克"
"annie_(league_of_legends)","安妮·哈斯特尔"
"annie_(splatoon)","风之元素_(喷射战士)"
"annie_leonhart","安妮·莱昂哈特"
"annin_miru","miru_annin，美露安宁"
"anniversary","纪念日"
"anno_aano","aano_(10位版)"
"anno_masato","未知_(nanairo1016)，安野正人"
"annosada","钻孔臂"
"announcement_celebration","贺图"
"annoyed","恼怒的"
"ano_hi_mita_hana_no_namae_wo_bokutachi_wa_mada_shiranai.","/花与风，花与风，我们还不知道那天见过的花的名字，那天我们见过的花"
"ano_hito","山王蛇"
"ano_natsu_de_matteru","夏之町，夏日里的等待"
"another","另一部_小说"
"another_code","追踪内存使用情况"
"anotsugini_kuruji","库鲁吉，洛丽佩德克"
"anqing","蓝色1518783733"
"anre_(granblue_fantasy)","乌诺_《碧蓝幻想》"
"ansatsu_kyoushitsu","暗杀教室"
"anson_jun","anson_(13686564308)，安森"
"ant","蚂蚁"
"anta_baka?","安塔笨蛋"
"anteiru","我在说哦"
"antenna_hair","呆毛"
"antennae","触角"
"anti_(0324)","天鹰座δ_(noble324)"
"anti_kumo","出发18"
"anti-aircraft_gun","自动步枪"
"anti-aircraft_missile","aa导弹"
"anti-materiel_rifle","反器材步枪"
"anti-rain_(girls'_frontline)","防雨_(少女前线)"
"anti-tank_grenade","反坦克手榴弹，反坦克手榴弹，反坦克手榴弹"
"antique_firearm","旧式火器"
"antique_phone","古董电话机"
"antlers","鹿角"
"antonio_salieri_(fate)","安东尼奥·萨列里（命运/冠位指定）"
"anus","肛门"
"anus_peek","吸睛的肛门"
"any_(trueblue)","动画家_（艺术家名）"
"anya_alstreim","安雅·埃尔斯特雷姆"
"anya_melfissa_(casual)","安雅·梅尔菲萨（第二套服装）"
"anya_melfissa_(steampunk)","安雅·梅尔菲萨（第三套服装）"
"anzai_romi","安斋千代美的母亲"
"anzio_military_uniform","安齐奥军服"
"anzio_princess","安齐奥公主"
"anzio_school_uniform","安齐奥校服"
"anzu_(anzuhan)","风月九，霞之丘，霞之丘"
"anzu_ame","小丑_222"
"anzumame","多贤0305"
"ao_(chung0u0)","chung_(chung0_0)，钟_(钟0_0)"
"ao_(yashuring)","yashuring2，雅舒玲2"
"ao_dai","越南传统服饰"
"ao_desu2222","青叶是也222"
"ao_fujimori","pio_(龙之心)"
"ao_haruki","nm_cco，纳米级CCO效果"
"ao_no_exorcist","蓝之驱魔师"
"ao_no_hako","青之箱_(WSJ)，蓝色盒子_(漫画)"
"ao_no_kanata_no_four_rhythm","葵香：蓝色彼端的四重节奏"
"ao_no_kiseki","通往蔚蓝之境的小径"
"ao_no_roku-gou","蓝色潜水艇6号"
"ao_o81","myu_(3u_gumi)，美由_软糖组合"
"aoaso","尼乔萨乌"
"aoba_(kancolle)","青叶_(舰队Collection)"
"aobito_sukoyaka_bystander","带土·温暖旁观者"
"aochoku","新飞"
"aofuji_sui","天蓝色星星"
"aogiri_penta","青桐P"
"aoguu","啊吼宫"
"aohashi_ame","阿梅弗雷"
"aoi_(blue_archive)","可爱少女，漂亮女孩"
"aoi_(cariiiie)","卡莉酱，天天有伴"
"aoi_(gegege_no_kitarou)","雪女_（鬼太郎）"
"aoi_(husiginokuninoa)","田野_（杰罗蓝）"
"aoi_karin","苍井空"
"aoi_kyosuke","青井京辅"
"aoi_manabu","青井真斗"
"aoi_masami","柠檬少女，苍海_（柠檬少女）"
"aoi_momo","波梅塔·穆姆"
"aoi_nagisa_(metalder)","赤色波纹，蓝色浪花（艺术家）"
"aoi_rena","奇拉拉·蕾娜，奇拉拉·蕾南"
"aoi_sora_no_neosphere","深蓝天空的新纪元"
"aoi_tete","头对头"
"aoi_tiduru","葵千鹤"
"aoi_umi_no_tristia","深蓝海洋的悲伤，深蓝海洋的悲伤"
"aoi_yusuke","青井雄介"
"aoi_yuta","葵由太"
"aoi_yuuji","葵由纪"
"aoi_yuuka_(ao_no_kokoro)","雪猫"
"aoi_zerii","零_(灵度)"
"aoi-tama","葵_野性之姿"
"aoin","欧米伽增强效果"
"aoinu_(aoinu_99)","青犬_(kkcz5823)"
"aoiro_(t_aoiro123)","ao_(1234painter)，艾欧_(1234画家)"
"aoiro_oto","aoppoi_oto，奥波伊之耳"
"aoitsuki","黑狗_01，黑狗_1，月之少女_02"
"aoki_(fumomo)","肉包"
"aoki_hagane_no_arpeggio","蓝色钢铁的琶音"
"aoki_kei","新手训练师"
"aoki_mei","普通训练师"
"aoki_rei","主训练师"
"aoki_ryuusei_spt_layzner","蓝色彗星SPT莱兹纳，蓝色彗星SPT莱兹纳"
"aoki_sei","资深训练师"
"aoki_shizumi","专属色气，妖艳气质"
"aoki_yuriko","青木光"
"aoko_(myut7287)","葵子_0316"
"aona_(anagasaki)","aona_(kuuga19yuu)，苍乃_(kuuga19yuu)"
"aono_nachi","苍乃_(cmns)"
"aono_shimo","下野_（火神奈卡）"
"aonori_misuji","葵乃莉_(蓝色葵衣)"
"aoria","雪原莉1"
"aotake_iro","黑泽九郎01"
"aoto_neko","青之猫"
"aotsubaki_toto","托托_(萨大人)"
"aoyama_akira","青山"
"aoyama_kotoha_(mitsuboshi_colors)","琴叶_(三日月色彩)"
"aoyama_yuga","青山由佳"
"aozora_aoi","青井葵，青叶"
"aozora_ni_negau_your_happiness!_(project_sekai)","在蓝天之下祝愿你幸福！_(project_sekai)，向蓝天祈愿你的幸福！_(project_sekai)"
"aozora_no_saki_kagayaki_wo_oikakete_(project_sekai)","追逐蓝天之外的光芒（Project Sekai），追逐蓝天之外的闪光（Project Sekai）"
"ap5ry","斯维克普"
"aperture_science_handheld_portal_device","传送枪"
"aperture_science_weighted_companion_cube","加权伴侣方块"
"aphilia_(kiyomin)","afilia_(kiyomin)，阿菲利亚_（基约明）"
"apicium","rev0ke版本"
"apocalypse","末日事件，末日景象"
"apollo_hotori","阿波罗火托里（Pixiv账号3211492）"
"apollo_justice","轰焦冻"
"apollo_justice:_ace_attorney","王牌律师4，逆转裁判4"
"apologizing","道歉"
"appas","阿帕斯镇"
"apple","苹果"
"apple_(luffy123)","路飞123"
"apple_da-ze","假面骑士"
"apple_rabbit","苹果兔"
"apple_t_(ringotyasan)","ringo_cha_（苹果版）"
"applying_makeup","化妆"
"applying_manicure","美甲"
"applying_pedicure","足部护理"
"apricot_sakuraba","樱庭杏子"
"apricot_the_lich","bsapricot_（虚拟主播），froot_（虚拟主播）"
"apricot_the_lich_(froot_2.0)","杏子_亡灵（第六套服装）"
"apricot_the_lich_(goth)","杏子_亡灵（第8套服装）"
"apricot_the_lich_(race_queen)","杏子_亡灵（第十套服装）"
"april_fools","愚人节"
"apron","围裙"
"aq_gohan","画质"
"aqua_background","水蓝色背景"
"aqua_bow","水蓝色蝴蝶结"
"aqua_dress","水蓝色连衣裙"
"aqua_eyes","水蓝色眼睛"
"aqua_footwear","水色鞋子"
"aqua_hair","水蓝色头发"
"aqua_legwear","水蓝色的裤袜"
"aqua_lips","水色口红"
"aqua_nails","水蓝色指甲"
"aqua_neckwear","水蓝色领结"
"aqua_one-piece_swimsuit","水蓝色泳装"
"aqua_panties","水蓝色内裤"
"aqua_ribbon","水蓝色丝带"
"aqua_shirt","水蓝色衬衫"
"aqua_skirt","水蓝色短裙"
"aqua_socks","水色及膝短袜"
"aqua_theme","水蓝色"
"aquagirl","懒猫"
"aquamarine","水彩风格"
"aquamu","水色μ"
"aquarium","水族馆"
"aqueasirius","水天龙"
"aquila_(kancolle)","天鹰座_(舰姬Collection)"
"aquila_marin","海鹰马林"
"ar_jart","凉宫春日"
"ar_tonelico_i","《弹丸论破1》，/at1"
"ar_tonelico_ii","《弹丸论破2》，/at2"
"ar_tonelico_iii","《弹丸论破3》，/AT3"
"arabian_clothes","阿拉伯服饰"
"arabic_text","阿拉伯语"
"araburu_kisetsu_no_otome-domo_yo.","在你狂野季节里的少女们"
"arachne","蜘蛛属性"
"arachne_(housamo)","阿拉克涅_（东京放课后的召唤师）"
"arada_(corsair_zero)","海盗船Zero，海盗船Zero 11"
"aradia_ravencroft","阿内丽萨·雷文克洛夫特"
"aragaki_shinjirou","新地治郎"
"aragami_oga","鬼灭之刃，奥牙"
"aragon_honnin","49秒-阿拉贡"
"arai_cherry","新井樱桃"
"arai_kei","关西橙色"
"arai_sumiko","agu_knzm，阿古·克恩兹姆"
"araichi_(araichi_2)","万赞"
"araimin","露西娜之月"
"arakawa_(aintnoroom)","桥梁信号"
"araki_(qbthgry)","QBTHGRY风格"
"araki_hirohiko_(style)","荒木飞吕彦风"
"araki_maki","螺旋卷寿司"
"arakita_yasutomo","荒北康本"
"aramaru","鹿丸"
"aran_(aran0127)","尤尔·阿兰"
"aran_sweater","爱尔兰毛衣"
"aranami_shibuki","山本·查韦斯"
"arane_(lolitwin)","351_rane，拉内"
"araragi_ayune","有趣的角色设计"
"araragi_soushi","ran_(艺术家)"
"arare_(kancolle)","亚拉蕾_(舰姬Collection)"
"arashi_(kancolle)","岚_(舰队Collection)"
"arashiki_mamizu","水"
"arashio_(kancolle)","荒潮_(舰队Collection)"
"arata_iri","太莉"
"aratagawa_nikei","一万二千"
"arataki_itto","伊托_原神"
"arato_asato","神乐琴美子"
"araya_(hachino_araya)","折纸艺术"
"arayuki_(sakurafubuki)","穆雪_(1024612186)"
"arbbun","真心"
"arc_phone","阿尔宙斯手机"
"arcane:_league_of_legends","英雄联盟：双城之战"
"arch_bishop_(ragnarok_online)","大主教_《诸神黄昏在线》"
"arched_back","拱背"
"archer_(fate)","弓箭手"
"archer_(pokemon)","阿波罗_(宝可梦)"
"archer_(summer_casual)_(fate)","夏日休闲风（Fate），夏日休闲风（Fate/Grand Order）"
"archer_alter_(fate)","弓箭手变体"
"archerko_(himura_kiseki)","弓箭手科"
"archery","射箭"
"archie_(pokemon)","青雉_(宝可梦)"
"architect_(girls'_frontline)","《少女前线》建筑师"
"architecture","建筑"
"archnemon","蛛形兽，阿鲁肯兽"
"arcie_albano","阿尔西埃尔·巴诺"
"arcueid_brunestud","阿尔库艾德"
"arcueid_brunestud_(mooncancer)","大地原型（第二次升华）"
"ardbert_hylfyst","阿德伯特_（FF14）"
"arduin_(arduin_art)","Arduino_(arduin_art)，阿杜伊纳（阿杜伊纳艺术）"
"arechan","狮子之艺"
"arena_of_valor","勇气之境，王者一击"
"areola_slip","乳晕走光"
"areolae","乳晕"
"arepko","达蒙_ct"
"ares_(fire_emblem)","aless_（火焰之纹章）"
"arete_(fire_emblem)","神明_(火焰之纹章IF)"
"arezu_(pokemon)","亚蕾兹，日向_(宝可梦)"
"arf","阿尔法，阿尔法_纳诺哈，阿鲁夫"
"argalia_(project_moon)","阿尔加利亚_(鲁伊纳之书)"
"argent_moon","微小可爱笑点8"
"argyle","菱形花纹"
"argyle_background","菱形背景"
"argyle_clothes","方格图案服装"
"argyle_legwear","含菱形花纹的裤子"
"ari_(bleum)","ally_17451，早期盟友"
"ari_hinoko","龟丸"
"aria_(manga)","艾莉亚"
"aria_company_uniform","亚利亚公司制服"
"aria_pokoteng","总统咏叹调"
"ariake_(kancolle)","新明石_(舰姬Collection)"
"ariana_(pokemon)","雅典娜_(宝可梦)"
"arianna_the_labrynth_servant","迷宫从者阿丽安娜"
"arianne_the_labrynth_servant","迷宫从者阿丽安娜"
"ariduka_formica","Formica_(VTuber)，弗米卡_(虚拟主播)"
"aries_muu","阿里斯_mu"
"arifureta_sekai_seifuku_(vocaloid)","普通世界支配_（VOCALOID）"
"ariga_nao","有贺苍"
"arigato_(rmskrtkdlqj)","谢谢_1573168"
"arihara_yuuna_(hanauna)","英雄酱_(花月奈)"
"arikindows10","千寻"
"ariko","呜呼吼14"
"ariko_youichi","有吉爱理子，爱理子有吉"
"arima_keitarou","新之助"
"arima_natsubon","有马奈多邦"
"arima_senne","红眼眼镜妖怪"
"arin_(fanfan013)","小狗公园"
"arina_nary","娜莉安"
"aris_(blue_archive)","alice_(blue_archive)，arisu_(blue_archive)，天童爱丽丝"
"aris_(maid)_(blue_archive)","天童爱丽丝（女仆）"
"arisa_(aren)","aren_(fubuki-46)，亚伦（风雪-46）"
"arisa_bunnings","有里莎·班宁斯"
"arisaka","Type_30步枪，Type_38卡宾枪，Type_38步枪，Type_44卡宾枪，Type_99短步枪"
"arisaka_yoshino","阿斯克"
"arisato_yui","yui_(kawalcjil4)，唯伊"
"arisugawa_riu","琉宇_礼文岛"
"arithmetician_(fft)","计算器_(快速傅里叶变换)"
"aritoki_ritsu","灵之蚁"
"arizuka_(catacombe)","有泽黑，有塚零零"
"arjuna_(fate)","阿尔朱那_(命运/冠位指定)"
"arjuna_alter_(fate)","阿尔朱纳变体"
"ark_royal_(coast_watcher)_(azur_lane)","方舟皇家（海岸守卫队）（碧蓝航线）"
"ark_royal_(kancolle)","方舟皇家舰队（舰姬Collection）"
"arkiwi","史塔基维"
"arknights","明里方舟"
"arkria_hroptr","阿尔克莉亚_hroptr_（蚌淮学院）"
"arlene_(ju)","ju_(a793391187)，朱"
"arm_around_neck","单手搂着脖子"
"arm_around_waist","单手搂腰"
"arm_at_side","单手垂放"
"arm_behind_back","单手背到身后"
"arm_behind_head","单手托在脑后"
"arm_belt","臂环"
"arm_between_breasts","双手置于胸前"
"arm_blade","手臂刀刃"
"arm_cannon","手炮"
"arm_garter","手臂袜带"
"arm_grab","抓住手臂"
"arm_guards","护臂"
"arm_hair","多毛手臂，前臂多毛"
"arm_held_back","手臂往后拉"
"arm_hug","挽手"
"arm_on_another's_shoulder","手臂搭在肩上"
"arm_on_own_head","手臂搭在头上"
"arm_out_of_sleeve","一只袖子装下双臂"
"arm_ribbon","手臂丝带"
"arm_sling","医用吊带"
"arm_support","手臂支撑动作"
"arm_tattoo","手臂有纹身"
"arm_under_breasts","托胸"
"arm_up","举着手"
"arm_warmers","暖袖"
"arm_wrap","袖套"
"arm_wrestling","扳手腕"
"armadimon","犰狳兽"
"armband","腕标"
"armbinder","单手手套"
"armchair","扶手椅"
"armeria","阿默里亚公爵夫人"
"armin_arlert","阿尔敏·阿雷特"
"armlet","臂章"
"armor","盔甲"
"armor_under_clothes","盔甲外的衣物"
"armored_aircraft_carrier_princess","装甲航空母舰姬"
"armored_boots","装甲靴"
"armored_core_v","装甲核心5"
"armored_core_vi:_fires_of_rubicon","装甲核心6"
"armored_dress","战甲裙"
"armpit_crease","腋窝皱褶"
"armpit_cutout","衣服有能露出腋下的开口"
"armpit_hair","腋毛"
"armpit_peek","吸睛的腋窝"
"armpits","腋下"
"arms_around_neck","双手搂着脖子"
"arms_at_sides","双手垂放"
"arms_behind_back","双手背到身后"
"arms_behind_head","双手抱头"
"arms_under_breasts","双手托胸"
"arms_up","举起手"
"army","军队"
"arnaud_g._vasquez","阿诺德·G·瓦斯奎兹"
"arnold-s","阿诺德·斯卡雷特"
"aroha_(aroha390)","五十铃_(u_isuzu)"
"aroma_(go!_princess_precure)","预知少女_香气"
"arondight_(fate)","阿隆戴特"
"arrancar","破面(死神系列)"
"arriet_(shingeki_no_bahamut)","亨丽埃特（进击的巴哈姆特）"
"arrow_(jojo)","站立箭头"
"arrow_(projectile)","箭矢"
"arrow_(symbol)","箭头"
"arrow_(tamawo222)","波奇沃哈马达"
"arrow_cross","横条巴比"
"arsalan_(housamo)","阿尔萨兰_（东京放课后的召唤师）"
"arslan_senki","阿尔斯兰的英雄传说"
"arsloid","卡诺·明良（VOCALOID）"
"art_brush","画笔"
"art_itou","伊藤_（iaskofthee艺术人类）"
"art_nouveau","新艺术"
"art_of_neight","nate_artuz的画作"
"art556_(girls'_frontline)","art556_（少女前线）"
"artanis69xd","artanist69xd，艺术家69xd"
"artbook","美术集"
"artemis_(fate)","阿尔忒弥斯_（命运/冠位指定）"
"artery_gear","穿铠甲的女孩"
"arthropod_boy","昆虫少年"
"arthropod_girl","虫娘，昆虫女孩，虫子少女"
"arthropod_limbs","节肢动物腿，昆虫手臂，昆虫腿，蜘蛛手臂，蜘蛛腿"
"arthur_(fire_emblem_fates)","哈罗德_火焰之纹章IF"
"arthur_pendragon_(fate)","剑兵_（Fate/Prototype）"
"arthur_pendragon_(white_rose)_(fate)","白玫瑰_(命运/冠位指定)"
"artificial_vagina","飞机杯"
"artificial_vagina_with_body","身体与肛门"
"artist_collaboration","合作作品，多位艺术家参与创作"
"artist_glove","绘图手套"
"artist_name","作者署名"
"artist_progress","进度"
"artist_self-insert","以作者本人为蓝本"
"artistic_error","错误"
"artnohearts","爱德华·蒙特内哥罗"
"artofmiin","米恩米恩"
"artoria_caster_(fate)","亚瑟王（施法者），亚瑟王（施法者）（Fate系列）"
"artoria_caster_(first_ascension)_(fate)","亚瑟王·潘德拉刚（施法者）（首次升阶）（命运）"
"artoria_caster_(second_ascension)_(fate)","亚瑟王·潘德拉刚（施法者）（第二次升华）（命运）"
"artoria_caster_(swimsuit_berserker)_(fate)","亚瑟莉亚·卡斯特（泳装），《命运》系列"
"artoria_caster_(swimsuit_berserker)_(first_ascension)_(fate)","亚瑟莉亚·卡斯特（泳装），（首次升天），（Fate）"
"artoria_caster_(swimsuit_berserker)_(second_ascension)_(fate)","亚瑟莉亚·卡斯特（泳装），（第二次升华），《命运》"
"artoria_caster_(swimsuit_berserker)_(third_ascension)_(fate)","亚瑟莉亚·卡斯特（泳装），（第三次升华），《命运》系列"
"artoria_caster_(third_ascension)_(fate)","亚瑟王·潘德拉刚（施法者）（第三次升华）（命运）"
"artoria_pendragon_(alter_swimsuit_rider)_(fate)","亚瑟王·潘德拉贡（泳装骑士变体）"
"artoria_pendragon_(fate)","阿尔特莉亚·潘德拉刚（命运），亚瑟王·潘德拉刚（全部）"
"artoria_pendragon_(lancer_alter)_(fate)","亚瑟王·潘德拉刚（枪兵变体）"
"artoria_pendragon_(lancer)_(fate)","亚瑟王·潘德拉刚（枪兵）"
"artoria_pendragon_(swimsuit_archer)_(fate)","亚瑟王（泳装弓箭手）"
"artsunisiju","四重门，西蒙·裘德"
"arttoru","artor设计，托鲁_（artortoru）"
"arttsam","塞缪尔一号"
"aru_(blue_archive)","六八岛存在"
"aru_(citrine_drplt)","alu_drp，阿尔乌_DRP"
"aru_(new_year)_(blue_archive)","六八岛出现_（新年）"
"aru_(young)_(blue_archive)","六八岛有_年轻版"
"aruco_co","阿鲁科咕咕"
"aruka_(alka_p1)","荒井3648"
"aruman","护甲，铠甲"
"arumu","花咲亚留美"
"aruruu","阿鲁鲁，阿鲁鲁W"
"arusechika","有栖院丽"
"arvis_(fire_emblem)","阿尔维斯_火焰之纹章"
"arx-7_arbalest","弩_(全金属恐慌)"
"arya_(tianhua)","arya_(艺术家)"
"as_val_(girls'_frontline)","as_val_（少女前线）"
"as109","堕落天使，尖叫声"
"asa_(1asa-0-asa1)","十吨之重"
"asa_achen","阿琴·格雷森"
"asa_me_daiki","arare_(op_ed_000)，阿良良木_(番外篇_000)"
"asa_no_ha_(awayuki)","朝之花"
"asa_no_ha_(pattern)","麻叶纹"
"asada_hachi","《说好的幸福呢》"
"asada_yo","早晨0404"
"asagao_to_kase-san","加濑桑与牵牛花"
"asagawa_mikan_(peachy_michi)","桃色美琪"
"asagi_nanase","七濑あすが"
"asagi_yuna","日吉里-SSH，白子清"
"asagiri_asagi","朝雾_冥界王国，朝雾_日本第一"
"asagiri_no_miko","晨雾神殿"
"asagumo_(kancolle)","朝云_(舰姬Collection)"
"asahi_(zabaniyan)","扎巴尼扬"
"asahi_breweries","朝日啤酒"
"asahi_rokka","锁_（爆梦！）"
"asahina_aoi","朝比奈葵（弹丸论破）"
"asahina_hikage","akpngn_ha，阿克庞格纳哈"
"asahina_mikuru_(adult)","浅野美久鲁（大号）"
"asahina_yoshitoshi","古曼计划"
"asahina_yuta","朝比奈由太"
"asai_ichiko","浅井一子"
"asaka_haru123","用户hryx5545"
"asakawa_(outeq)","浅川万万"
"asakaze_(kancolle)","朝风_(舰队Collection)"
"asaki_(asaki_vision)","浅崎_618"
"asakura_masatoki","朝仓_g+，朝仓伽罗"
"asakura_ryouko","/ar，浅仓亮子"
"asakura_toru","朝仓透"
"asakura_yoh","朝仓由宇"
"asakusa_tsukumo","浅草99"
"asama_(drift_in)","漂移男"
"asamiya_mariko_(holeecrab)","浅宫真里子"
"asamura_hiori","浅村辉"
"asanagi","致命脉冲，致命脉冲"
"asane_ken","肯·伊尔"
"asano_(shikisokuzekuu)","浅野志希"
"asano_fuka","浅野芙香"
"asanome","野兽系角色"
"asanuma_katsuaki","剑鱼"
"asari_(ikite_oshi)","亚萨莉_（超长音版），吃鱼"
"asarime","su77风格"
"asashimo_(kancolle)","浅岛_(舰姬Collection)"
"asashin_(kazami-tomo)","风见智子"
"asashio_(kancolle)","浅葱_(舰姬Collection)"
"asashio_(the_transfer_student_underneath_the_dancing_petals)_(azur_lane)","浅葱_（开花季转校生）_（碧蓝航线）"
"asatani_tomoyo","玛雅奇斯"
"asatte_no_houkou","为明天而活"
"asawa_(dm_owr)","dm_owr，黑暗风格，阴郁氛围"
"asc11","雷渊筑房"
"ascii_art","ASCII字符"
"ascoeur","明日香"
"ascot","阿斯科特领巾"
"ash_(pixiv53802)","ash_(pixiv)，灰烬_(pixiv)"
"ash_(titanfall_2)","灰烬_(《Apex英雄》)"
"ash_ketchum","小智（宝可梦），小灰（宝可梦），艾希（宝可梦）"
"ashashio","伊克莫基，波丽屋敷"
"ashe_(mega_man)","艾什_洛克人"
"ashe_ubert","艾什·杜兰"
"ashford_academy_school_uniform","阿什福德学院制服"
"ashford_academy_uniform","阿什福特学院制服"
"ashido_mina","粉红手指_(我的英雄学院)"
"ashigara_(housamo)","足柄_（东京放课后的召唤师们）"
"ashigara_(kancolle)","足柄_(舰队Collection)"
"ashima_(roro046)","凉宫春日"
"ashina_merou","连环画_(s36tereste)"
"ashiomi_masato","户原正人"
"ashiroku_(miracle_hinacle)","奇迹希纳克勒"
"ashita_no_joe","明天的乔"
"ashita_no_kimi_to_au_tame_ni","直到我抵达你的明天"
"ashita_wa_hitsuji","飞鸟游翔"
"ashley_(pokemon)","沙都子_(宝可梦)"
"ashley_(warioware)","阿什莉_瓦里奥系列"
"ashley_graydon","罗伯特·克罗格利"
"ashlock_(arknights)","阿什莉_(《明日方舟》)"
"ashsadila","阿莎迪拉，萨由佳"
"ashwatthama_(fate)","阿什瓦塔玛_(命运/冠位指定)"
"asian","亚洲人"
"asicah","奇妙，不可思议"
"ask_(askzy)","朝日紫耶"
"asla_yu","雪切子"
"asm_ln","彩美兰"
"asmodeus_(shinrabanshou)","阿斯莫德_(真罗半藏)"
"asmodeus_(the_seven_deadly_sins)","色欲_七宗罪"
"asobi_ni_iku_yo!","去玩耍吧，去玩耍吧！，猫咪星球萌物们"
"asona","伊云"
"asou_misaki","浅丘麻里亚"
"asphyxia17","窒息"
"asphyxiation","窒息"
"ass","屁股"
"ass_cutout","露出屁股的服饰"
"ass_focus","屁股为焦点"
"ass_grab","抓着屁股"
"ass_hair","多毛屁股"
"ass_shake","晃屁股"
"ass_support","托着屁股"
"ass_visible_through_thighs","正面可见的屁股"
"ass-to-ass","屁股贴屁股"
"assam_(girls_und_panzer)","阿萨姆邦"
"assassin_(learning_with_manga!_fgo)","理世从者（娃娃装），理世从者（娃娃装）（Fate版）"
"assassin_(ragnarok_online)","刺客_(罗)"
"assault_rifle","突击步枪"
"assertive_female","自信果断"
"assha_(schector)","阿莎"
"assisted_exposure","剥开衣服"
"asta_rindo_(rariatto)","阿斯塔·琳多"
"astarion","阿斯塔里昂_（博德之门）"
"astaroth_(shinrabanshou)","阿斯塔罗特"
"astaroth_(soulcalibur)","阿斯塔罗特_（灵魂剑士）"
"astarte_(surio)","埃及萝莉（苏里奥）"
"asterios_(fate)","阿斯特里奥斯_（命运/冠位指定）"
"asterisk_(asterism)","星号_（艺术家名）"
"asterisk_kome","可爱角色"
"asterius_(housamo)","阿斯特里奥斯_（东京放课后的召唤师们）"
"asteroid_ill","小行星"
"astesia_(frlibe_on_the_palace)_(arknights)","触觉缺失_(宫殿上的弗里布尔)__(明日方舟)"
"astolfo_(fate)","阿斯托尔福，黑衣骑士"
"astra_militarum","帝国卫队"
"astra_revolver_(girls'_frontline)","阿斯特拉_《少女前线》"
"astraea_(fate)","阿斯特蕾亚_(命运/冠位指定)"
"astronaut","宇航员"
"asu_no_yozora_shoukaihan_(vocaloid)","天空之诗合唱团_（VOCALOID）"
"asugi_(fire_emblem)","鬼雷_火焰之纹章IF"
"asuhiro_(handsome_aniki)","英雄角色"
"asui_tsuyu","软绵绵的（我的英雄学院）"
"asuima","日向奈留"
"asuka_120_percent","亚丝卡_120，亚丝卡_120%"
"asuka_r._kreutz","变态男人，那个男人（罪恶装备）"
"asuka_shirou","亚丝卡46，终极亚丝卡"
"asuke_yuki","安杰莱格娜"
"asumi-chan_wa_rezu_fuuzoku_ni_kyoumi_ga_arimasu!","亚丝美酱对女同妓院感兴趣！"
"asuna_(blue_archive)","一之濑亚丝娜"
"asuna_(bunny)_(blue_archive)","亚丝娜_兔女郎版_蓝档案，一之濑亚丝娜_兔子造型"
"asuna_(sao)","亚丝娜·由纪"
"asuna_(stacia)_(sao)","亚丝娜_(斯泰西娅)"
"asura_(asr4000)","asrkgk_（阿修罗），asurafkmt"
"asura_cryin'","阿修罗哭泣，阿修拉悲泣"
"asususususu","明日香_free0115"
"asuteka","ASTKCRTS相关内容"
"asymmetrical_bangs","不对称的刘海"
"asymmetrical_breasts","不对称胸部"
"asymmetrical_clothes","不对称的服饰"
"asymmetrical_docking","胸部互碰|胸顶着胸"
"asymmetrical_gloves","不对称的手套"
"asymmetrical_hair","不对称的发型"
"asymmetrical_horns","不对称的角"
"asymmetrical_legwear","不对称的裤子"
"asymmetrical_sleeves","不对称的袖子"
"asymmetrical_wings","不对称的翅膀"
"asyura_kumo","库莫_(自动贩卖机)"
"at_gunpoint","枪口威胁"
"atage","gomibox插件"
"atago_(hallmarks_of_winter)_(azur_lane)","远藤_（冬季特色）_（碧蓝航线）"
"atago_(kancolle)","远藤_舰姬Collection"
"atago_(lily-white_vow)_(azur_lane)","远藤_（白色约定）_（碧蓝航线）"
"atago_(school_traumerei)_(azur_lane)","远藤_（校园白日梦）_（碧蓝航线）"
"atago_(summer_march)_(azur_lane)","远藤_（仲夏三月）_（碧蓝航线）"
"atagumo_yuba","拓海由羽花"
"atalanta_alter_(fate)","阿塔兰塔_(改版)_(命运)"
"atarashii_gakkou_no_leaders","新校园！"
"ataririri","Atari_(ariq323)，雅达利_(ariq323)"
"atelier_annie","安妮的工作室，塞拉岛的炼金术士"
"atelier_bono","亚托莉波诺"
"atelier_elie","萨尔堡炼金术士艾利的工作室2"
"atelier_escha_&_logy","艾莎与洛吉的工作室"
"atelier_judie","朱迪工坊，格拉姆纳德的炼金术士"
"atelier_lilie","萨尔堡炼金术师莉莉工坊3"
"atelier_lydie_&_suelle","莉迪与苏艾尔工坊"
"atelier_marie","萨尔堡炼金术士玛丽的工作室"
"atelier_viorate","格拉姆纳德炼金术师维奥拉特工坊2"
"athena_cykes","辉月小茧"
"athletic_leotard","体操服"
"atlanta_(kancolle)","亚特兰大_(舰姬Collection)"
"atlas_(mega_man)","图谱"
"atlas_academy_school_uniform","阿特拉斯学院制服"
"atlurkabuterimon","巨型卡布特龙"
"atodashi","atodasi_s，飞鸟达西"
"atom_(tetsuwan_atom)","阿斯特罗_（阿斯特罗男孩）"
"atoshi","小猫，雪虫_（雪虫航道）"
"ats_(ats2nd)","atto_(eroban)，阿托_(艾罗班)"
"atsugi111","用户_srpr8425"
"atsuko_(blue_archive)","光里亚津子"
"atsumi_tomoya","真绪_(masdlivelove)"
"atsushi_toushirou","夏目透"
"atsutoku","卡特斯"
"attack","攻击"
"attyon","以名义杀戮"
"atuy","atui_(歌之恋)，atui_(歌之恋2)"
"au11","异界"
"aubz","@恐惧崩溃"
"audible_music","有音乐"
"audible_speech","有人声"
"audience","观众"
"audio_jack","耳机插孔，插头接口"
"audio_visualizer","音频频谱，峰值显示仪，声音可视化器"
"audrey_burne","奥黛丽·伯恩"
"aug_(girls'_frontline)","aug_（少女前线）"
"auge_(akd)","auge_(pixiv834800)，奥格_(pixiv834800)"
"augustine_sycamore","梧桐树_(宝可梦)"
"aura","灵气"
"aura_(aurapls)","光之苹果"
"aurahack","埃丽卡·琼·拉海伊"
"aurea_juniper","荒野狼（宝可梦），杜松子（宝可梦），杜松子（宝可梦），杜松子教授，杜松子教授，Prof._杜松子，Prof._杜松子，Prof_juniper，Prof_juniper"
"aurica_nestmile","奥丽卡·内斯特米尔"
"aurora","北极光，极光"
"austria_(hetalia)","罗德里希·埃德尔斯坦"
"auto_(mega_man)","右眼特写"
"autobot","汽车人"
"autocunnilingus","自动口交，舔自己的阴部"
"autofacial","自拍脸部"
"autofellatio","自动口交，舔自己的阴茎，吸吮自己的阴茎"
"automatic_giraffe","自动长颈鹿"
"autumn","秋天"
"autumn_boar","熊2024"
"autumn_leaves","秋叶"
"autumn-sacura","秋日樱花，萨莎·格拉迪什"
"auyn_awinaz_(navigavi)","长剑_(navigavi)，长剑_(seojh1029)"
"ava_(orc_massage)","黑色哈比人_兽人按摩"
"avalon_(fate)","亚瓦隆_(命运/夜之守望)"
"avanes_d","百合崇拜"
"avatar_(2009_film)","头像_(电影版)"
"avatar_legends","头像_(系列)"
"avatar:_the_way_of_water","头像_2"
"avengers_(series)","复仇者联盟"
"aversa_(fire_emblem)","逆向_火焰之纹章"
"aviator_sunglasses","飞行员眼镜"
"awabuta","wapu_(tbsktbwa)，瓦普_(tbsktbwa)"
"awai_shiro","亚鲁戈恩索"
"awakened_miki","星井美希（觉醒版）"
"awakoto_(awakotoya)","阿瓦米库"
"awakumo","大谷透"
"awara_kayu","健康矿物13"
"awaya_yawako","awayawa图片"
"awazake_(2wairu)","在飞吗！？"
"awei_(aweirua)","阿韦鲁阿，波纹鼠尾草"
"awono_nanaumi","直人·奈渡子"
"awp_(girls'_frontline)_(nekoya_(liu))","AWP_（少女前线）_（涅科娅_刘）"
"awun","地狱.K，地狱.K"
"axe","斧头"
"axe_r18","巨乳"
"axis_powers_hetalia","赫塔利亚，赫塔利亚轴心国篇，赫塔利亚系列"
"axl_(mega_man)","阿克塞尔"
"axoo","GST风格"
"axsen","亚历山德拉·梅"
"aya_(lezon)","耶耶"
"aya_(project_moon)","aya_(limbus_company)，艾雅_(limbus_company)"
"aya_kobayashi","小林步"
"aya_shachou","伊罗朵莉老板，P/A"
"ayachin","小岛绫"
"ayagi_daifuku","大福_家族，大福_(pixiv106903)"
"ayakashi_(monkeypanch)","妖怪_(猴拳)，妖怪_(Pixiv)"
"ayame_hashinimasen","绫女_(0419)"
"ayame_iro_(toumei_dolce)","甜色系，美美色彩"
"ayanami_(demon's_finest_dress)_(azur_lane)","绫波（恶魔之裙）（碧蓝航线）"
"ayanami_(kancolle)","绫波丽_(舰队Collection)"
"ayanami_(low-key_idol_@confused)_(azur_lane)","绫波（烦恼之星偶像）（碧蓝航线）"
"ayanami_(lunar_demon)_(azur_lane)","绫波丽_(月之恶魔神)__(碧蓝航线)"
"ayanami_(rock_'n'_demon)_(azur_lane)","绫波丽_(摇滚之神)_(_碧蓝航线_)"
"ayane_(blue_archive)","奥库索拉·绫音"
"ayane_(princess_connect!)","芳城绫音"
"ayane_(swimsuit)_(blue_archive)","奥库索拉·绫音（泳装）"
"ayano_aishi","病娇少女"
"ayano_yuu_(sonma_1426)","雪子_(sonma_1426)"
"ayanue","维多"
"ayase_alisa","绫濑亚里沙"
"ayase_eli","绫濑绘里"
"ayase_hazuki","交叉心形图案"
"ayateaori","上田5"
"ayato_mabu","艾亚特_@_马奥托"
"ayauchi","稻内绫，稻内绫子"
"ayayayume","四宫96"
"aygoftenover","雷诺车雾特效"
"ayla_(pgr)","艾拉_（惩罚模式：灰鸦）"
"ayla:_kaleido_(pgr)","艾拉：_万花筒_（惩罚：_灰鸦_）"
"ayn_alwyn","永恒之艾因"
"ayra_(fire_emblem)","艾拉_(火焰之纹章)"
"ayre_(armored_core_vi)","ayre_(装甲核心6)"
"aytsmith","步人"
"ayu_(sui_(suizilla))","鬼娘_（水月）"
"ayul_(ayulneri_92)","珍妮欧诺"
"ayuma_sayu","彩羽沙耶里"
"ayumaru_(art_of_life)","x1213hide，隐藏角色"
"ayumu_(blue_archive)","岩备步"
"ayumu_niikura","丹生仓市"
"ayunda_risu_(indonesian_casual)","艾云达·里苏（第二套服装）"
"ayuyaki","彩羽，笨蛋0000"
"az:u","R值85"
"aza_touma","阿扎·托马，山田浅右卫门·托马"
"azama_(fire_emblem)","朝霞_(火焰之纹章IF)"
"azana","阿扎娜"
"azasuke","风之足助"
"azelle_(fire_emblem)","艾泽尔_火焰之纹章"
"azema","azema_(azima_kazira)，东azema"
"azki_(dress)_(hololive)","azki_（第五套服装）_（Hololive）"
"azomo","阿瓦莫内"
"aztodio","阿兹托·迪奥"
"azu-taro","梓太郎"
"azuki_(azuki_shot)","越后见里"
"azuki_(nekopara)","小豆子_纱世里"
"azuki_osamitsu","首珠初扣"
"azuma_(azuma10270724)","东10270724"
"azuma_hatori","东堂司"
"azuma_kei","穆拉里亚虫"
"azuma_kiyohiko","东树清彦"
"azuma_reiji","东丽治"
"azuma_shino","东志野"
"azuma_shoujuan","东之守护者"
"azuma_toh","东堂梓，齐木洁人"
"azuma_yuuhi","欢乐_(pixiv191719)"
"azumake_(azumakei)","东云龙"
"azumanga_daioh","阿扎漫画，阿扎漫画大作战"
"azumaya_(miyui001)","东屋_(myw24037643)"
"azumaya_haruka","东屋（樱之世界）"
"azumi_(mocha)","岩尾巴"
"azumi_(myameco)","我的猫咪"
"azumi_tooru","东流梓"
"azuminonomizua","可爱女孩，北方风格"
"azur_lane","冰蓝幻想"
"azura_(celebratory_spirit)_(fire_emblem)","阿祖拉_（新年）_（火焰之纹章）"
"azura_(fire_emblem)","水之精灵_(火焰之纹章IF)，天蓝之灵_(火焰之纹章命运)"
"azura_(lady_of_ballads)_(fire_emblem)","阿祖拉_（表演艺术）_（火焰之纹章）"
"azuran0","青空亚织"
"azurda_(xenoblade)","苍龙_异度神剑"
"azusa_(blue_archive)","白丝梓纱"
"azusa_(swimsuit)_(blue_archive)","白洲梓_（泳装）"
"azuse_neko","梓"
"b_(wldms6650)","爆头效果，gu9风格"
"b_suke","武士，武士"
"b-gata_h-kei","乙女游戏风格，山田的第一次"
"b-ginga","波迪玛哈塔亚欧加基，身体玛哈塔亚之舞"
"b:ga","带有辣味"
"b.b._hood","宝宝邦妮兜帽，布列塔"
"b.c.n.y.","BCNY风格，BCNY美学"
"b.sa_(bbbs)","贝萨-INT，斯普德XXX"
"b&t_mp9","布鲁格-托梅MP9，斯太尔TMP"
"b1ue_e4rth","轮到我玩游戏了"
"b6_(b6_n2)","b6_n2，B6_N2类型"
"baakurou","千早_72"
"baanin","美波比魔王"
"bababaeki00","e_su_(dadadaeki00)，艾苏_（哒哒达诶基00）"
"babalilo","完成_(土蜘蛛)"
"babalon_(housamo)","巴别伦_（东京放课后的召唤师们）"
"babibu_baby","用户_hjcd3877"
"baby","宝宝"
"baby_walkure","婴儿杀手"
"babydoll","性感女性睡衣"
"baccano!","喧闹声，嘈杂声"
"bacher","巴赫，巴赫"
"bachera","新娘礼服"
"bacius","相同外观"
"back","后背"
"back_bow","(服饰)打在背后的结"
"back_cutout","露出部分后背的衣服"
"back_tattoo","背部纹身"
"back-print_panties","背面印花的内裤"
"back-seamed_legwear","袜缝"
"back-to-back","背靠背"
"backbeako_(torotei)","背头，短发"
"backboob","从背后可看到的胸部"
"background_text","背景文字"
"backless_dress","露背连衣裙"
"backless_outfit","露背装"
"backless_panties","无臀内裤"
"backless_pants","无臀裤"
"backlighting","逆光"
"backpack","背包"
"backpack_removed","卸下的包"
"backwards_hat","反扣的帽子"
"bad_anatomy","错误的人体结构"
"bad_apple!!","坏苹果"
"bad_end","坏结局"
"bad_feet","脚的画法错误"
"bad_food","末日食物"
"bad_hands","手的画法错误"
"bad_perspective","错误的(画法)透视"
"bad_proportions","人体比例不协调"
"bada_(project_moon)","bada_（鲁伊纳之图书馆）"
"badge","徽章"
"bae_minah_(chaesu)","米娜_(恰苏)"
"baeg_mi","须木"
"baekto_(last_origin)","魔法白托"
"bag","包"
"bag_charm","背包挂件"
"bagged_fish","金鱼水袋"
"bags_under_eyes","眼袋"
"bagua","八卦，八卦，八卦图"
"baguette","法国面包"
"baguette_(baguettech)","超级杀戮"
"bahao_diqiu","甩发动作"
"bai_yi_(path_to_nowhere)","白衣_（通向虚无之路）"
"baicumikuo","清川诚"
"baijiin_poison","荣月edd"
"bails","保释金_（像素保释金）"
"baiwei_er_hao_ji","从此以后93927"
"baizhi_(wuthering_waves)","百里莲_惊涛骇浪"
"baizhu_(genshin_impact)","百术_原神"
"baji_toufuu_(bajitohfu)","八极图夫"
"baka_to_test_to_shoukanjuu","笨蛋与测验召唤兽，笨蛋与测验，笨蛋测试召唤兽，笨蛋测试召唤兽剧场版，/BTTTS"
"bakemon_(pp_777_pp)","斯德哥尔摩综合征"
"bakemono_no_ko","男孩与野兽"
"bakeneko38","vgf-sppbd，血管内皮生长因子-短肽结合蛋白"
"bakenekomata","新奇_(艺术家)"
"baketsumuri","安查尔男孩"
"baketsuya","M92FS模型"
"baking_sheet","烤盘，曲奇烤盘，平底烤盘"
"baku-p","巴库_菲"
"bakugou_masaru","爆豪胜己的父亲"
"bakugou_mitsuki","爆豪胜己的母亲"
"bakumatsu_rouman","剑风传奇，最后的刀刃，最终之刃"
"bakumatsu_rouman_dainimaku","最后的刀刃2，最终之刃2"
"bakunetsu_god_finger","燃烧爆发的手指"
"bakuon!!","爆音"
"bakuretsu_hunters","猎巫人"
"bakuretsu_tenshi","爆裂天使"
"bakutendou","爆弹堂"
"balance_scale","天平"
"balancing","(保持)平衡的姿势"
"bald","秃头"
"balisong","蝴蝶刀，扇形刀"
"ball","球"
"ball_and_chain_(weapon)","枷锁束缚，陨石锤击"
"ball_busting","打蛋器，蛋形器具"
"ball_gag","口球"
"ballerina","芭蕾舞女演员"
"ballet_slippers","芭蕾舞鞋"
"ballista_(sekaiju)","弩兵_巨兽"
"balloon","气球"
"ballpoint_pen_(medium)","圆珠笔"
"balmung_(fate)","巴尔蒙格_(命运/伪典)"
"balor_(housamo)","巴洛尔_（东京放课后的召唤师们）"
"balrog_(street_fighter)","拳击手_(街头战士)"
"balsa","巴鲁萨"
"balthier","巴尔弗利尔"
"balus","香脂质感"
"balut_(7676i)","水煮蛋人"
"bam_(s2leona)","bam_（艺术家）"
"bambinata_(pgr)","bambinata_（惩罚主题：灰鸦）"
"bambinata:_vitrum_(pgr)","幼女角色:_玻璃_(惩罚:_灰鸦)"
"bamboo","竹子"
"bamboo_broom","竹扫帚"
"bamboo_forest","竹林"
"bamboo_shoot","竹笋"
"bamboo_slips","竹简"
"bamboo_steamer","蒸笼"
"ban_(ban62460424)","封禁_(3551702)"
"ban_(one_ban7241)","奥妮恩_禁"
"ban!_(bansankan)","封禁"
"banagher_links","巴纳吉·林克斯"
"banana","香蕉"
"banana_(girls'_frontline)","香蕉_(少女前线)，ro635_(迪涅盖特)"
"bananakeki","耀伊特萨"
"banba_(jakqbigone)","jakqbigone已离开"
"banba_shin'ya","斑马信也"
"bancholilimon","班丘利利蒙，班丘利利蒙"
"band_(music)","乐队"
"band_uniform","乐队制服"
"bandage_on_face","贴有绷带的脸"
"bandage_over_one_eye","缠着绷带的单眼"
"bandaged_arm","缠着绷带的手臂"
"bandaged_foot","缠着绷带的脚"
"bandaged_hand","缠着绷带的手"
"bandaged_hands","缠着绷带的手"
"bandaged_head","绑着绷带的头"
"bandaged_horn","缠着绷带的角"
"bandaged_leg","绑着绷带的腿"
"bandages","绷带"
"bandages_over_eyes","缠着绷带的眼睛"
"bandai_namco","南梦宫万代"
"bandaid","创可贴"
"bandaid_on_arm","手臂上贴着创可贴"
"bandaid_on_face","脸上贴着创可贴"
"bandaid_on_forehead","额头贴着创可贴"
"bandaid_on_hand","手指上的创可贴"
"bandaid_on_knee","膝盖贴着创可贴"
"bandaid_on_leg","腿上贴着创可贴"
"bandaid_on_nose","鼻梁上贴着创可贴"
"bandaid_on_pussy","阴部贴着创可贴"
"bandaids_on_nipples","乳头贴着创可贴"
"bandana","头巾"
"bandeau","抹胸比基尼"
"bandit_heeler","强盗_布鲁伊"
"bandolier","子弹带"
"bang_(one-punch_man)","Bang_（一拳超人），银牙"
"bangle","手镯"
"bangs","刘海"
"bangs_pinned_back","掀起的刘海"
"banitya","禁止内容"
"bankage","哨声蛙"
"bankenman","看门人男子"
"banknote","纸币"
"banner","竖旗"
"banner_of_the_maid","圣战记"
"bannou_bunka_nekomusume","万能文化猫娘，努库努库"
"bannouyakunta","斑诺亚昆塔，曼诺亚昆塔"
"banpai_akira","禁止阿基拉"
"banshee_(last_origin)","a-87_banshee，女妖精"
"banxuan_c2ka","2429144768，班玄"
"baobei_(baobei_bu)","宝宝宝，宝贝布"
"baobhan_sith_(dream_portrait)_(fate)","仙子骑士特里斯坦（梦幻肖像）（命运）"
"baobhan_sith_(fate)","仙子骑士特里斯坦（命运），谭琳特里斯坦（命运），特里斯坦（仙子骑士）（命运）"
"baobhan_sith_(second_ascension)_(fate)","仙子骑士特里斯坦（第二次升华）（命运）"
"baobhan_sith_(third_ascension)_(fate)","仙子骑士特里斯坦_（第三次升华）_（命运）"
"baobhan_sith_(valentine_witches)_(fate)","仙子骑士特里斯坦_（情人节女巫）_（命运）"
"baozha_gangbi","魔法少年"
"baozi","包子"
"bar","酒吧"
"bar_(place)","酒吧，酒馆"
"bar_censor","黑条打码"
"bara","大叔"
"bara_(totocos)","巴拉艺术"
"baracan","罐装玫瑰"
"baral_(project_moon)","巴拉尔_废墟之书"
"baran._(ba_ra_ran)","巴巴_（巴巴姆布），巴拉恩_（巴拉兰兰）"
"barbara_(genshin_impact)","芭芭拉·佩格"
"barbara_parker","芭芭拉_(小魔女学园)"
"barbariana_(last_origin)","野蛮人娜莉亚"
"barbariccia","瓦尔瓦利斯"
"barbed_tongue","猫舌头，带刺舌头"
"barbed_wire","剃刀线"
"barcode","条形码"
"barcode_tattoo","条形码纹身"
"bard_(sekaiju)","吟游诗人_巨兽"
"bardiche_(assault_form)_(nanoha)","巴迪切_攻击形态"
"bardiche_(axe_form)_(nanoha)","巴迪切_斧头形态"
"bardiche_(bullova_form)_(nanoha)","巴尔迪切_布洛娃形态"
"bardiche_(device_form)_(nanoha)","巴迪切_(装置形态)"
"bardiche_(haken_form)_(nanoha)","巴迪切_钩状形态"
"bardiche_(nanoha)","巴迪切"
"bardiche_(riot_blade_ii)_(nanoha)","巴迪切_(暴乱之刃II)"
"bardiche_(riot_zanber_stinger)_(nanoha)","巴迪切_（暴动赞伯刺客）"
"bardiche_(scythe_form)_(nanoha)","巴迪切_镰刀形态"
"bardiche_(standby_form)_(nanoha)","巴迪切_待机形态"
"bardiche_(zanber_form)_(nanoha)","巴迪切_赞伯形态"
"barding","马甲"
"bare_arms","裸臂"
"bare_back","裸背"
"bare_hips","裸臀"
"bare_legs","裸腿"
"bare_pectorals","裸露胸肌，无衣状态下的胸肌"
"bare_shoulders","露肩"
"bare_tree","枯木"
"barefoot","裸足"
"barefoot_sandals","裸足凉鞋"
"barefoot_sandals_(jewelry)","赤脚凉鞋"
"barghest_(fate)","费丽骑士高文（命运），高文（费丽骑士）（命运），谭琳高文（命运）"
"barghest_(first_ascension)_(fate)","仙子骑士高文（首次升阶）（命运）"
"barghest_(second_ascension)_(fate)","仙子骑士高文（第二次升华）（命运）"
"barghest_(third_ascension)_(fate)","仙子骑士高文（第三次升华）（命运）"
"barikios","阻挡进攻"
"barmaid","酒吧女侍"
"barnaby_brooks_jr.","巴纳比·布鲁克斯二世"
"baron_(nsbaron)","投绳者"
"baron_bunny_(genshin_impact)","巴伦兔"
"barre","芭蕾舞吧"
"barrel","桶子"
"barrett_m82","巴雷特M107，巴雷特M82A2，M107，M82，M-82A，M82A1"
"barry_(pokemon)","小智（宝可梦），珍珠（宝可梦）"
"barry_the_quokka","《刺猬索尼克》主角"
"bartender","酒保"
"bartholomew_roberts_(fate)","巴塞洛缪·罗伯茨（命运/冠位指定）"
"bartz_klauser","布茨·克劳泽"
"barururunru","na_4na_4，纳_4纳_4"
"basasyu","basaru_1106，巴萨鲁_1106"
"baseball","棒球"
"baseball_bat","棒球棍"
"baseball_cap","棒球帽"
"baseball_helmet","击球头盔"
"baseball_mitt","棒球手套"
"baseball_uniform","棒球服"
"basil_(st_1)","蒙宇_(蒙喵泡泡)"
"basilio_(metaphor:_refantazio)","巴希利奥·马格努斯"
"basket","篮子"
"basketball","篮球"
"basquash!","巴斯夸什球"
"bass_(mega_man)","贝斯_洛克人，福尔泰_洛克曼"
"bass_clef","低音符"
"bass_guitar","贝斯"
"bass.exe_(mega_man)","forte_exe，强效执行文件"
"bastet_(mythology)","兽耳"
"bastion_(overwatch)","sst实验室围攻自动机E54"
"bat","蝙蝠"
"bat_(animal)","蝙蝠，蝙蝠群"
"bat_ears","蝙蝠耳朵"
"bat_hair_ornament","蝙蝠发饰"
"bat_print","蝙蝠印花"
"bat_wings","蝙蝠翅膀"
"batako_(batakoart)","巴塔科_(pixiv54063972)"
"bath","洗澡"
"bath_stool","浴凳"
"bath_yukata","浴衣"
"bathhouse","公共浴场，濑户浴场"
"bathing","入浴"
"bathroom","浴室"
"bathroom_scale","浴室秤"
"bathtub","浴缸"
"batm_andrew","蝙蝠侠，德鲁·阿特"
"baton","指挥棒"
"baton_(weapon)","警棍，警察棍棒，短棍"
"batory_ken","托库克卡凯万科"
"batsu","巴图阿克特3"
"battery","电池"
"battle","战斗|比试|战争|游戏"
"battle_angel_alita","枪梦"
"battle_angel_alita:_last_order","枪娘：最后的命令"
"battle_axe","战斧"
"battle_rifle","战术步枪"
"battleship","战舰"
"battleship_princess","战舰姬，共生型战舰姬"
"battleship_summer_princess","夏日公主战舰"
"bayeuxman","伊沃·纳尔多"
"bayonet","刺刀"
"bayonetta","贝优妮塔_(角色)"
"bayonetta_(series)","贝优妮塔"
"bazett_fraga_mcremitz","巴泽特·弗拉加·麦克雷米茨"
"bb_(baalbuddy)","巴尔伙伴"
"bb_(bb_shot!)_(fate)","BB弹射击！"
"bb_(fate)","bb_(fate)_(全部)，bb_(fate/extra_ccc)"
"bbk_(13zk)","武士黑"
"bc_freedom_military_uniform","BC自由学园制服"
"bdone","b_d_one，腐蚀性蜡笔，梅洛恩的画作"
"be9459","东九里"
"bea_(pokemon)","齐藤_（宝可梦）"
"beach","海滩"
"beach_chair","沙滩椅"
"beach_towel","沙滩巾"
"beach_umbrella","沙滩伞"
"beachball","沙滩球"
"beachepisode","剧集，章节"
"bead_bracelet","珠子手链"
"bead_necklace","珠子项链"
"beads","珠子"
"beak_(girls'_frontline)","《少女前线》之喙"
"beaker","烧杯"
"beam","光束"
"beam_rifle","激光步枪"
"beamboi","光束兄弟"
"beamed_eighth_notes","八分音符"
"beamed_sixteenth_notes","十六分音符"
"beamed_thirty-second_notes","八分音符连音线"
"bean_bag_chair","豆袋椅"
"beanie","无檐帽"
"beans","豆"
"bear","熊"
"bear_ears","熊耳朵"
"bear_hair_ornament","熊印花头饰"
"bear_panties","熊印花内裤"
"bear_print","熊印花"
"bear_ringer","鲁多桑"
"bear_trap","立足点陷阱"
"beard","胡须"
"beast_king_(sekaiju)","野兽型_巨兽"
"beat_(mega_man)","洛克人节拍_"
"beaugilliam","博吉利亚姆"
"bebe_(bebe_pp)","贝贝PP"
"bebebe_(pepegakii)","真锅贝贝贝"
"bebetang","狩猎"
"bebseo","SEO之爱"
"bechu","胖妹"
"beckoning","招手"
"bed","床"
"bed_sheet","床单"
"bede_(pokemon)","甜菜_(宝可梦)"
"bedivere_(fate)","贝迪维尔"
"bedroom","卧室"
"bee_(bee_and_puppycat)","人类女孩比伊"
"bee_(deadflow)","无色透明"
"bee_costume","蜜蜂女孩服装"
"beelzebub_(the_seven_deadly_sins)","暴食（七宗罪）"
"beelzebub-jou_no_okinimesu_mama.","如同米斯·别西卜般喜爱"
"beelzebumon","别西蒙"
"beelzebumon_blast_mode","别西卜爆裂模式"
"beer","啤酒"
"beer_can","听装啤酒"
"beer_hat","饮杯帽，汽水狂饮者"
"beer_mug","啤酒杯"
"before_crisis_final_fantasy_vii","危机降临前，最终幻想7危机降临前"
"beginner_intermediate_advanced_expert_(meme)","初学者，中级者，高级者，专家级"
"behind-the-head_headphones","从后脑戴上的耳机"
"beidou_(genshin_impact)","北境_(原神)"
"beige_background","米色背景"
"beige_sweater","米色毛衣"
"beijuu","仅此而已"
"beit_(idolmaster)","贝特"
"beizhi","蜿蜒风达人，wwca3445"
"beji-kun","贝吉丽"
"bekki_natsumi","别月夏美"
"belarus_(hetalia)","娜塔莉亚·阿尔洛夫斯卡娅"
"belfast_(iridescent_rosa)_(azur_lane)","贝尔法斯特_(虹彩玫瑰)_(碧蓝航线)"
"belfast_(the_pledge_of_claddagh)_(azur_lane)","贝尔法斯特_（克拉达环的誓言）_（碧蓝航线）"
"belka_dog","库科之王"
"belko","洛莉塞普特，洛莉塞普特，洛莉塞普特，祖里芬"
"bell","钟|铃"
"bell_choker","铃铛项圈"
"bell_earrings","铃铛耳环"
"bell-bottoms","喇叭裤，百褶裤，宽腿裤"
"belldot","银鱼香肠风花雪月绿茶"
"bellelba_(pokemon)","朱橘_(宝可梦)"
"bellerophon_(fate)","贝勒罗丰"
"bellona_(epic_seven)","贝洛娜_(epic7)"
"belly","腹部"
"belly_chain","脐链"
"belly_grab","捏着肚子"
"belly-to-belly","脸贴脸，腹部相贴"
"belt","皮带|腰带"
"belt_boots","皮带靴"
"belt_bra","束腹胸罩"
"belt_buckle","皮带扣"
"belt_collar","皮项圈"
"belt_pouch","腰包"
"belt_skirt","束腰裙"
"beltbra","皮带束胸"
"beltskirt","皮带裙"
"ben_tennyson","本杰明·柯比·丁尼生，本杰明·丁尼生"
"ben-tou","便当，便当，便当，便当"
"ben1shoga","红叶_(欧贝尼)"
"bench","长凳"
"bendy_straw","弯折的吸管"
"beneceadraws","小精灵_（小精灵墨鱼）"
"benelli_m4","贝内利M1014"
"benghuai_xueyuan","枪械少女校园日常，枪械少女们，鸿海学园"
"beni_(bn12x20)","bn12x20型号"
"beni_(pokemon)","mube_(宝可梦)"
"beni_shake","深红震颤"
"beni-enma","本杰明玛_(命运)，本杰明玛_(命运/冠位指定)"
"beni-enma_(third_ascension)","贝尼恩玛_第三次升华_命运"
"beni-enma_alter","贝尼恩玛_变体_(命运)"
"benizika","妖精耳"
"benny_(fire_emblem)","贝努瓦_火焰之纹章IF"
"benriya_saitou-san_isekai_ni_iku","异世界里的齐藤杂工"
"bent_over","弯腰"
"bento","便当盒，便当箱，饭团，盒装便当，日式便当"
"benyue_xiao_kui","唐薇瓜"
"benzi_li","穆尤城风逸，天神之百战狸"
"beowulf_(fate)","贝奥武夫_(命运/冠位指定)"
"beret","贝雷帽"
"beretta_92","贝雷塔92FS，贝雷塔M9"
"beretta_ar70/90","贝雷塔AR70"
"beretta_model_38_(girls'_frontline)","M38_（少女前线）"
"berezovich_kryuger_(girls'_frontline)","别列佐维奇·克吕格（少女前线）"
"beritabo","司助"
"berry","浆果类"
"berrypop","奇伊_(喵娘9)"
"bertha_(pokemon)","菊乃_(宝可梦)"
"bertolt_hoover","贝尔托尔特搞砸了"
"beruka_(fire_emblem)","贝尔卡_(火焰之纹章IF)"
"berukko","波可露露"
"berusuke_(beru_no_su)","贝鲁塔苏"
"beshi","零次元风格"
"bespectacled","戴眼镜的"
"best_jeanist","羽上缠"
"bestiality","兽交|兽奸|异种奸"
"beta_hime","贝塔希米科"
"bete_noire","贝蒂·诺瓦尔"
"bettie_(pokemon)","尤伊_宝可梦"
"between_breasts","乳沟里"
"between_fingers","(突出)指间"
"between_legs","(强调)两腿之间"
"between_pectorals","胸肌之间"
"between_thighs","(强调)大腿之间"
"beyond_the_nobles_(idolmaster)","贵族阶层之外"
"beyond_the_vibes_(idolmaster)","超出常规氛围感"
"beyond_the_wishes_(idolmaster)","超越愿望"
"beyumi","云朵特效"
"bianca_(pgr)","比安卡_（惩罚：灰鸦）"
"bianca_(pokemon_heroes)","比安卡_(宝可梦_m05)，佳音_(宝可梦)"
"bianca_(pokemon)","铃铛_(宝可梦)，铃铛_(宝可梦)，铃铛_(宝可梦)"
"bianca:_stigmata_(pgr)","比安卡：圣痕（惩罚：灰鸦）"
"bib","围兜"
"bibi_(obb_spl)","比比子CP"
"bibi02","比比"
"bibico","bibico-atelier，比比科工坊，比比科"
"bible_(object)","圣经"
"bible_black","仅黑色圣经主题"
"biblically_accurate_angel","符合圣经描述的天使"
"bicorne","双角帽"
"bicycle","自行车"
"bicycle_basket","自行车篮"
"bieshi","钢琴全架"
"bifidus_(exkagerou8665)","迪斯克，exkagerou8665，南高。"
"big_bad_wolf","大坏狼_格林姆童话版"
"big_band","萨克斯十重奏"
"big_belly","大肚子"
"big_bird_(project_moon)","大鸟_脑白质切除公司"
"big_chunger","用户_wzwd4547"
"big_dipper","大熊座"
"big_hair","头发很多的"
"big_sister_(navigavi)","大姐姐_(seojh1029)"
"bigdog","大狗"
"bigxixi","魔王降临"
"bijian_de_linghun","电生肛"
"bike_jersey","自行车运动衫"
"bike_shorts","紧身裤"
"biker_clothes","自行车运动服"
"bikesuit","骑行套装"
"bikini","比基尼"
"bikini_(dragon_ball)","布尔玛的母亲，布里夫博士的妻子，布里夫斯夫人"
"bikini_armor","比基尼盔甲"
"bikini_aside","从三点剥开的比基尼"
"bikini_bottom","比基尼泳裤"
"bikini_bottom_aside","比基尼侧拍"
"bikini_bottom_only","比基尼海底城"
"bikini_lift","往上剥开的比基尼"
"bikini_pull","扯着比基尼"
"bikini_skirt","比基尼裙"
"bikini_tan","泳装晒痕"
"bikini_top","只穿着比基尼上衣"
"bikini_top_lift","比基尼提拉效果"
"bikini_top_only","比基尼上装"
"bikini_top_removed","脱下了比基尼上衣"
"bikini_under_clothes","比基尼当内衣"
"bikkusama","南国_比丘"
"bilibili","哔哩哔哩动画，哔哩哔哩视频"
"bill_(pokemon)","真崎_（宝可梦），真崎_（宝可梦），宗崎真崎"
"billiard_ball","台球，英式台球，斯诺克球"
"billiards","台球（运动），斯诺克"
"billie_(meng_gong_fang)","萌宫方"
"billy_(peach88)","比利_(桃子莫莫曾)"
"billy_the_kid_(fate)","比利小子_（命运/冠位指定）"
"binan_koukou_chikyuu_bouei-bu_love!","可爱，高度，地球防御俱乐部，恋爱！"
"binchou-tan","宾楚坦"
"bing_zizi","Gla风格"
"bingbing_(hrppbb)","冰冰，冰冰冰冰"
"bingdian_lihua","平田海堂123"
"binggong_asylum","志学"
"bingkuaihei","冰块773"
"bingo_heeler","宾果_布鲁伊，宾果_追猎者_布鲁伊"
"bingwei_huang","美少女，可爱女孩"
"binoculars","双筒望远镜"
"binxngchng1","陈米剑飞蝶冲子"
"binzume_yousei","瓶子精灵，瓶子精灵们，瓶子仙子，瓶子仙子"
"bio_w5","sangjun_95，桑俊95"
"biohazard_symbol","生物危害标志"
"biometal","现场金属乐"
"bion_(insomn_bion)","vcais，vcias，薇薇安·奥帕特"
"bioshock_(series)","生化奇兵"
"bird","鸟|拟鸟化"
"bird_of_paradise_flower","鹤望兰（花）"
"bird_on_hand","手上的鸟"
"bird_on_head","头上的鸟"
"bird_on_shoulder","肩上的鸟"
"bird_tail","鸟尾巴"
"birdcage","鸟笼"
"birdy_cephon_altera","伯迪·塞丰·阿尔蒂拉"
"biribiri","(哔哩哔哩)的电流"
"biro-budou","笔友视频"
"birthday","生日"
"birthday_cake","生日蛋糕"
"birthday_sash","今日的推理"
"birthmark","胎记"
"bisexual_(female)","双性恋(女性)"
"bisexual_female","双性恋女性"
"bisexual_male","双性恋男性"
"bishamonten's_pagoda","毘沙门天宝塔"
"bishamonten's_spear","毘沙门天之矛"
"bishie_sparkle","少女向泡泡风格"
"bishop_(chess)","主教(国际象棋)"
"bishoujo_mangekyou_(series)","美少女万花筒"
"bishoujo_senshi_sailor_moon","/bssm，变态美学"
"bishoujo_senshi_sailor_moon_crystal","/bssmc，崩坏：星穹铁道"
"bishounen","美少年"
"bismarck_(beacon_of_the_iron_blood)_(azur_lane)","俾斯麦_(铁血先驱)_(碧蓝航线)"
"bismarck_(kancolle)","俾斯麦_(舰姬Collection)"
"bismuth_(paravene)","碘化铋矿，副维尼石"
"bison_cangshu","野牛野牛"
"bisuko","悲伤的心"
"bit_gag","勒住嘴"
"bite_mark","咬痕"
"biting","咬"
"biting_another's_hand","咬手"
"biting_ass","咬屁股，啃屁股，舔屁股"
"biting_cheek","咬脸颊，啃脸颊"
"biting_ear","咬耳，啃耳朵"
"biting_finger","咬手指"
"biting_foreskin","咬包皮"
"biting_glove","戴手套咬人，咬手套的动作"
"biting_head","咬头，啃头"
"biting_neck","咬脖子，啃脖子"
"biting_nipple","咬乳头，啃乳头"
"biting_own_lip","咬嘴唇，咬唇动作"
"biting_own_thumb","咬拇指，啃拇指"
"biting_penis","咬阴茎，啃咬阴茎"
"biting_testicles","咬球动作，咬球行为"
"bito_daisukenojo","beat_(美好世界)，非常了不起"
"bito_raimu","美兔雷姆，韵律_（美好的这个世界）"
"bity3155660241","八尾"
"biwa_lute","琵琶"
"biyo","byo_(biyonoprskyou)，比约_（生物喷射你）"
"bizette","比才"
"bk_mita","美塔兰"
"bl/ess","杰西奥阿"
"blaccura","布拉克库拉，科约特格蒂"
"black_(blackfallsensei)","黑兔库洛"
"black_apron","黑色围裙"
"black_armor","黑色盔甲"
"black_ascot","黑色领结"
"black_background","黑色背景"
"black_bag","黑色背包"
"black_belt","黑色腰带"
"black_bikini","黑色比基尼"
"black_blindfold","黑色眼罩"
"black_blouse","黑色上衣"
"black_bodysuit","黑色紧身衣"
"black_border","黑色边框"
"black_bow","黑蝴蝶结"
"black_bra","黑色内衣"
"black_burakku","空帕库优穆007"
"black_camisole","黑色吊带背心"
"black_cape","黑色斗篷"
"black_capelet","黑色披肩"
"black_cardigan","黑色开口衬衫"
"black_cat","黑猫"
"black_cellien_(kemono_friends)","黑色天蓝色_(动物伙伴)"
"black_choker","黑色项链"
"black_coat","黑色外套"
"black_coat_(kingdom_hearts)","黑色外套(王国之心)"
"black_collar","黑色项圈"
"black_dress","黑色连衣裙"
"black_eyes","黑色眼睛"
"black_feathers","黑色羽毛"
"black_fire","黑色火焰"
"black_flower","黑色的花"
"black_footwear","黑色的鞋"
"black_gloves","黑色手套"
"black_hair","黑发"
"black_hairband","黑色发带"
"black_hakama","黑色的袴"
"black_headband","黑色头巾"
"black_headwear","黑色头饰"
"black_heart_(neptunia)","黑心，海王星黑心"
"black_hoodie","黑色连帽衫"
"black_horns","黑色的角"
"black_jack_(series)","二十一点_（版权相关）"
"black_jacket","黑色夹克"
"black_keys_(type-moon)","黑键，黑色钥匙，命运系列中的黑色钥匙"
"black_kimono","黑色和服"
"black_knight_(granblue_fantasy)","阿波洛尼亚·瓦尔"
"black_lady_(sailor_moon)","黑发女士"
"black_legwear","黑丝袜"
"black_leotard","黑色连身衣"
"black_lilith_(last_origin)","黑色莉莉丝"
"black_lips","黑色口红"
"black_mage_(fft)","巫师_(快速傅里叶变换)"
"black_mage_(final_fantasy)","黑色法师"
"black_male_underwear","黑色男式内裤"
"black_nails","黑色指甲"
"black_neckwear","黑色领子"
"black_one-piece_swimsuit","黑色泳装"
"black_panties","黑色内裤"
"black_pants","黑色长裤"
"black_ribbon","黑色丝带"
"black_rock_shooter","黑岩射手，黑岩射手，/brs"
"black_rock_shooter_(character)","/brsc，巴西风格，巴西风"
"black_rock_shooter:_dawn_fall","黑色岩石射手（破晓陨落）"
"black_rose","黑玫瑰"
"black_sailor_collar","黑色水手领"
"black_scarf","黑色围巾"
"black_sclera","黑色巩膜"
"black_scrunchie","黑色发束"
"black_serafuku","黑色水手服"
"black_shirt","黑色衬衫"
"black_shorts","黑色短裤"
"black_sig","暗色签名"
"black_skin","黑色皮肤"
"black_skirt","黑色短裙"
"black_sleeves","黑色袖子"
"black_socks","黑色及膝长袜"
"black_spaghetti","黑意面，墨鱼汁意面"
"black_suit","黑色西装"
"black_sweater","黑色毛衣"
"black_swimsuit","黑色泳衣"
"black_tail","黑色尾巴"
"black_tank_top","黑色无袖紧身背心"
"black_theme","黑色主题"
"black_umbrella","黑色的伞"
"black_vest","黑色背心"
"black_vs_white","白色对战黑色"
"black_wings","黑色翅膀"
"black_wyrm_(last_origin)","黑龙S9"
"black_zero_(mega_man)","黑色零号"
"black-framed_eyewear","黑框眼镜"
"blackfangs","黑雾_07"
"blackish_961sp_(idolmaster)","略带黑色的_961sp"
"blacknight_(summer_flower)_(arknights)","黑夜_(夏日之花)_(明日方舟)"
"blade","剑"
"blade_(galaxist)","blade_(艺术家)，blade_(恋人)"
"blade_&_soul","刀剑神域"
"blade_to_throat","刀尖对喉"
"bladeless_fan","戴森风扇"
"blaine_(pokemon)","桂树_(宝可梦)"
"blame_gakuen!","责备学院，责备学院！，责备学院！"
"blame!","责备"
"blanc_(neptunia)","布兰克_海王星系列"
"blanchat","布兰查托"
"blanclauz","卢卡斯·克劳达特"
"blank_censor","完全审查版"
"blank_eyes","无神的双眼"
"blank_speech_bubble","空话泡泡"
"blank_stare","无主的眼神"
"blanket","毯子"
"blanko!","空白色情幻想"
"blazblue:_chronophantasma","碧蓝幻想：时之幻影"
"blaze_(blaze_pso2)","火焰之纹章PSP2版，蕾丝耳罩外套"
"blaze_(blazeillust)","blaze_(艺术家)"
"blaze_the_cat_(riders)","烈焰猫_（索尼克骑手）"
"blazemalefica","艺术风格"
"blazer","西装夹克"
"blazingchaos","快速混乱"
"bleach:_memories_of_nobody","动画版死神：虚无的记忆，虚无的记忆"
"bleach:_sennen_kessen-hen","死神：千年血战"
"bleeding","出血"
"blindfold","遮眼|眼罩"
"blinds","百叶窗"
"blinking","眨眼睛"
"bliss_(ferment_factory)","bliss_(艺术家)"
"bliss_(image)","Windows XP背景图"
"blister_pack","药片包装袋"
"blitz_predator","ru_251，日本色情内容"
"blitzle","岛妈"
"blizzard_entertainment","暴雪公司"
"block_(object)","阻挡"
"blonde_dog_girl_(ri-net)","rinechun的金发犬娘"
"blonde_girl_(itou)","金发女孩_(伊藤_(温顺塔莎))"
"blonde_girl_(popopoka)","欺凌女孩_(popopoka)"
"blonde_hair","金发"
"blonde_pubic_hair","金色阴毛"
"blondy_(ldlong)","ldl_(bcw1025)，加载过长_(ldlong)"
"blood","血"
"blood_bag","血族部落"
"blood_drip","滴落的鲜血"
"blood_elf_(warcraft)","血精灵"
"blood_from_eyes","血泪，带血的泪水，哭泣流出的鲜血"
"blood_from_mouth","嘴角流血"
"blood_hood","血腥暴力"
"blood_in_hair","头发上沾有血液，带血的头发"
"blood_on_arm","带血的手臂"
"blood_on_axe","带血的斧头"
"blood_on_bandages","带血的绷带"
"blood_on_breasts","带血的胸部"
"blood_on_chest","血迹斑斑的胸膛"
"blood_on_clothes","沾满血迹的衣服，带血的衣服"
"blood_on_dress","带血的连衣裙"
"blood_on_eyewear","带血的眼镜"
"blood_on_face","脸上有血"
"blood_on_feet","带血的双脚"
"blood_on_ground","地板上有血迹，血腥的地面"
"blood_on_hands","手指上有血，血腥的手指，沾满鲜血的双手"
"blood_on_knife","沾满血迹的刀子，带血的刀子"
"blood_on_leg","带血的腿部"
"blood_on_mask","带血的面具"
"blood_on_paper","带血的纸张"
"blood_on_teeth","带血的牙齿"
"blood_on_wall","带血的墙壁"
"blood_on_weapon","带血的剑，带血的武器"
"blood_splatter","溅血"
"blood_stain","血迹"
"blood+","带血场景，血液元素"
"bloodshot_eyes","充血的眼睛"
"bloody_clothes","衣服沾血"
"bloody_marie_(skullgirls)","玛丽·科尔贝尔，骷髅女孩中的玛丽"
"bloody_panther_(last_origin)","A-1型血腥黑豹"
"bloody_tears","血泪"
"bloody_weapon","沾血的武器"
"bloody_wings","翅膀上的鲜血"
"bloodytongue666","血腥舌虎克"
"bloom","盛开"
"bloomers","灯笼裤"
"bloomers_pull","短裤拉扯"
"bloopers","删减片段"
"blossom_(pokemon)","椿_(宝可梦)"
"blossomsa","狂喜万岁"
"blouse","罩衫"
"blowing","吹"
"blowing_bubbles","吹泡泡"
"blowing_kiss","飞吻，吹送的吻，飘落的吻，抛出的吻"
"blubbering_toad_(project_moon)","哭泣的蟾蜍_(limbus_company)"
"blue_(ao_maru)","蓝色_(艺术家)"
"blue_(happinesscharge_precure!)","蓝色_光之美少女"
"blue_armor","蓝色盔甲"
"blue_ascot","蓝色领结"
"blue_background","蓝色背景"
"blue_badger","太郎君"
"blue_bag","蓝色背包"
"blue_belt","蓝色饰带"
"blue_bikini","蓝色比基尼"
"blue_blouse","蓝色上衣"
"blue_bodysuit","蓝色紧身衣"
"blue_borscht","博尔什特_(艺术家)"
"blue_bow","蓝色蝴蝶结"
"blue_bra","蓝色胸罩"
"blue_buruma","蓝色短裤"
"blue_butterfly","蓝色的蝴蝶"
"blue_cape","蓝色斗篷"
"blue_capelet","蓝色披肩"
"blue_cardigan","蓝色开襟衫"
"blue_choker","蓝色项圈"
"blue_coat","蓝色外套"
"blue_dress","蓝色洋装"
"blue_eyes","蓝眼睛"
"blue_fire","蓝色的火焰"
"blue_flower","蓝色的花"
"blue_footwear","蓝色鞋类"
"blue_gemstone","蓝宝石（宝石）"
"blue_gloves","蓝色手套"
"blue_hair","蓝色头发"
"blue_hairband","蓝色发带"
"blue_haired_girl_(kamisimo_90)","蓝发女孩（由由）"
"blue_hakama","蓝色的袴"
"blue_hallelujah","兰·哈利路亚"
"blue_headband","蓝色头巾"
"blue_headwear","蓝色头饰"
"blue_hoodie","蓝色连帽衫"
"blue_horns","蓝色的角"
"blue_jacket","蓝色夹克"
"blue_kimono","蓝色和服"
"blue_legwear","蓝色紧身裤"
"blue_leotard","蓝色连身衣"
"blue_lips","蓝色口红，浅蓝色口红"
"blue_male_underwear","蓝色内裤_男性"
"blue_nails","蓝色指甲"
"blue_napoleon_(idolmaster)","蓝色拿破仑"
"blue_neckwear","蓝色的领饰"
"blue_oak","绿橡树，绿橡树，绿色（宝可梦），奥基多绿"
"blue_one-piece_swimsuit","蓝色泳装"
"blue_panties","蓝色内裤"
"blue_pants","蓝色长裤"
"blue_poison_(shoal_beat)_(arknights)","蓝色毒药_（海滩上的节奏）_（明日方舟）"
"blue_reflection_maboroshi_ni_mau_shoujo_no_ken","蓝色反光效果"
"blue_reflection_tie","蓝色反光：第二道光线"
"blue_ribbon","蓝色丝带"
"blue_rose","蓝玫瑰"
"blue_sailor_collar","蓝色水手领"
"blue_sarong","蓝色沙滩裙"
"blue_scarf","蓝色围巾"
"blue_screen_of_death","蓝屏故障，操作系统崩溃界面"
"blue_scrunchie","蓝色发束"
"blue_sealad","蓝色塞拉"
"blue_serafuku","蓝色水手服"
"blue_shirt","蓝色衬衫"
"blue_shorts","蓝色短裤"
"blue_skin","蓝色皮肤"
"blue_skirt","蓝色短裙"
"blue_sky","蓝天"
"blue_sleeves","蓝色袖子"
"blue_socks","蓝色及膝长袜"
"blue_sweater","蓝色毛衣"
"blue_swimsuit","蓝色泳衣"
"blue_theme","蓝色"
"blue_vest","蓝色背心"
"blue_w_moon","水野_12"
"blue_wings","蓝色翅膀"
"blue-framed_eyewear","蓝框眼镜"
"blueberry","蓝莓"
"bluecher_(azur_lane)","布卢彻_(蔚蓝航道)"
"blueharedraws","科迪的艺术作品"
"blueprint_(object)","蓝图，设计图，多份蓝图，结构示意图"
"bluerabbit_gap","Gappt风格"
"bluesona_(bluethebone)","蓝骨_(角色)"
"bluey_heeler","布鲁伊_(布鲁伊)"
"blunt_bangs","直刘海"
"blur_censor","模糊打码"
"blurry","模糊的"
"blurry_background","模糊的背景"
"blurry_foreground","前景模糊"
"blush","脸红"
"blush_stickers","表情贴纸"
"blushyspicy","脸红的小精灵"
"blvefo9","葵海啸"
"bo_xun_lin","妮妮_(台湾)"
"boar","猪"
"boar_costume","野猪套装"
"board_eraser","黑板擦，教室用擦除器"
"board_game","棋盘游戏"
"boat","船"
"bob_(biyonbiyon)","bob_(pixiv91521)，波波（pixiv91521）"
"bob_cut","波波头"
"bobby_fulbright","狗祖班"
"bobby_socks","美式短袜"
"bochibochi_(gyuuniku_6000)","赤人_(eyzz3775)"
"body_blush","身体泛红"
"body_bridge","后桥姿势，桥梁造型姿势"
"body_exploration","探索"
"body_hair","体毛"
"body_switch","身体互换"
"body_writing","在身上写字"
"bodypaint","人体彩绘"
"bodystocking","连体裤袜"
"bodysuit","连体紧身衣"
"bodysuit_under_clothes","紧身衣裤"
"bofors_40_mm_gun","博福斯火炮"
"boggart_(fate)","博加德_(Fate)"
"bokeh","焦外成像"
"bokken","木剑"
"boku_dake_ga_inai_machi","《擦除》（系列）"
"boku_no_ashiato_kimi_no_yukusaki_(project_sekai)","我的足迹，你的终点（project_sekai），背后之事，前方之谜（project_sekai）"
"boku_no_chikyuu_o_mamotte","请拯救我的地球"
"boku_no_hero_academia","我的英雄学院"
"boku_no_kokoro_no_yabai_yatsu","我心中的危险"
"boku_no_tsuma_wa_kanjou_ga_nai","我妻子毫无情感反应"
"boku_to_maou","影之主：暗影之王，影之主：暗影之王"
"boku_wa_tomodachi_ga_sukunai","/bokutomo/，/无法交往/，/无法交往/，/我没有很多朋友/"
"bokujou_monogatari","收获之月1，季节的故事"
"bokujou_monogatari:_hajimari_no_daichi","收获之月：新的开始，收获之月：故乡之地"
"bokujou_monogatari:_mineral_town_no_nakama_tachi","收获之月：矿物镇的朋友们"
"bokujou_monogatari:_tsunagaru_shin_tenchi","收获之月：前往新大陆，季节物语（游戏）"
"bokujou_monogatari:_waku_waku_animal_march","收获之月：动物游行"
"bokujou_monogatari:_yasuragi_no_ki","收获之月：宁静之树"
"bokura_wa_ima_no_naka_de","《如今的我们》"
"bokura_wa_minna_kawaisou","可爱综合指南：庄园与旅社行为规范"
"bokusatsu_tenshi_dokuro-chan","暴击天使多库罗酱，多库罗酱"
"bokutachi_no_remake","重制我们的生活！"
"bokutachi_no_seizon_tousou_(project_sekai)","我们的生存逃亡_（Project Sekai），我们为求生而逃离_（Project Sekai）"
"bokutachi_wa_benkyou_ga_dekinai","我们永远学不会"
"bokuya","巧美琪"
"bolero_(bo_le_ro66)","波莱罗舞画作"
"bolo_tie","波洛领带"
"bolt_(hardware)","螺栓，螺丝钉"
"bolt_action","栓式枪机"
"bomb","炸弹"
"bomb_man","炸弹人_洛克人，炸弹人"
"bomber_jacket","飞行员夹克"
"bon_bonne_(mega_man)","可爱，迷人"
"bondage","捆绑play"
"bondage_outfit","束缚服"
"bone","骨头"
"bone_hair_ornament","骨头状饰品"
"bone_nigi","骨头黑化"
"boned_meat","带骨肉"
"bonesaw_(rdkshinku)","bonesaw_(艺术家)，rdkshinku"
"bongo_cat_(meme)","邦戈猫"
"bongy_(project_moon)","bongy_(limbus_company)，邦吉（limbus_company）"
"bonkara_(sokuseki_maou)","搜寻极限兽"
"bonkareohagi","红咖喱大鱼饼"
"bonklers","超级棒"
"bonley","学水西郊"
"bonnet","bonnet女帽"
"bonnie_(pokemon)","尤里卡_(宝可梦)"
"bonno_sasu","沙沙_（卡贝沙沙）"
"bonobo_(odenokaz)","hikari551crest，光辉551之冠"
"bonolenov_ndongo","奖励福利"
"boo_(mario)","鬼叫"
"book","书"
"book_hug","抱着书"
"book_of_the_azure_sky","蓝天之书，宗天之翔"
"book_stack","书堆"
"bookbag","书包"
"bookmark","书签"
"bookshelf","书架"
"boondraws","布恩斯基"
"boonie_baby","可爱女孩_(bonnymama7)"
"booth_seating","摊位，餐厅摊位"
"boots","长靴"
"boots_removed","脱下的靴子"
"bora_(karasumin0)","pauy-1105-1-小梅"
"bordeaux_black_(voice_actor)","波尔多黑"
"border","边框"
"bored","无聊的"
"boris_(noborhys)","修心_(shoushin04)，修心_(shoushin04)"
"borrowed_character","借鉴的角色"
"borrowed_clothes","借来的衣物"
"borrowed_design","借鉴的设计"
"borrowed_garments","男友的衣服"
"borsalino_(kizaru)","基扎鲁_海贼王"
"borusen","球体1000"
"boryeon_(last_origin)","波然"
"bosshi","阿斯克雷"
"botantouki","普普伊姆伊"
"bottle","瓶子"
"bottle_(bottle1234)","瓶子漫画，科达索拉"
"bottomless","裸下半身"
"bou_(inubou)","布欧"
"boudica_(fate)","布迪卡_(命运/冠位指定)"
"bougu","剑道护具"
"boukensha_ni_naritai_to_miyako_ni_deteitta_musume_ga_s_rank_ni_natteta","我的女儿离开巢穴，归来时已是一名S级冒险家"
"bouncing","弹跳"
"bouncing_breasts","乳摇"
"bound","绑住的"
"bound_arms","手臂被束缚"
"bound_legs","腿被束缚"
"bound_together","紧密相连"
"bound_wrists","手腕被束缚"
"bounen_no_xam'd","豆子之幻影，豆子之幻象，豆子之幻影，被封印的：失落记忆"
"bouquet","花束"
"bousouzoku","暴走族"
"boutonniere","领花"
"bow","蝴蝶结"
"bow_(instrument)","弦类乐器"
"bow_(music)","弓（乐器），弓（音乐），小提琴弓"
"bow_(paper_mario)","女士蝴蝶结，蕾萨瑞莎"
"bow_(weapon)","弓"
"bow_bikini","带蝴蝶结的比基尼"
"bow_bra","带蝴蝶结的胸罩"
"bow_hairband","带蝴蝶结的发带"
"bow_legwear","带蝴蝶结的裤袜"
"bow_panties","带蝴蝶结的内裤"
"bow-shaped_hair","用头发系成的蝴蝶结，头发制成的蝴蝶结"
"bowalia","波瓦"
"bowing","鞠躬"
"bowl","碗"
"bowl_cut","锅盖头"
"bowl_hat","碗状帽子"
"bowtie","领结"
"box","箱子"
"box_art","封面图"
"box_of_chocolates","巧克力盒子"
"box_wonderland","天使加百列。"
"boxcutter","刻刀"
"boxer_(danshikobo)","拳师舞步"
"boxers","拳击手"
"boxing_gloves","拳套"
"boy_on_top","男上体位"
"boy_sandwich","三明治男角色"
"boyano","口袋屋"
"bra","胸罩"
"bra_(dragon_ball)","布拉_(龙珠)"
"bra_lift","掀上去的胸罩"
"bra_peek","微微露出胸罩"
"bra_pull","拉下的胸罩"
"bra_removed","摘下的胸罩"
"bra_strap","内衣肩带"
"bra_through_clothes","透过衣服可以看到胸罩"
"bra_visible_through_clothes","透过衣服看胸罩"
"bracelet","手镯"
"bracer","护腕"
"bradamante_(fate)","布拉达曼特_(命运/冠位指定)"
"bradamante_(welcome_bunny)_(fate)","欢迎兔子_（命运/冠位指定）"
"brady_(fire_emblem)","布雷迪_火焰之纹章"
"braid","三股辫"
"braided_bangs","辫子刘海"
"braided_bun","辫式发髻"
"braided_hair_rings","环形辫子"
"braided_ponytail","麻花辫马尾"
"brain_freeze","脑冻痛"
"branch","分支"
"branch_(blackrabbits)","艺术家分支"
"brand_name_imitation","名牌neta"
"bras_d'honneur","二头肌拍打"
"brashear_lushert","布拉舍尔卢谢特"
"brass_(medarot)","黄铜色_（Medabots），黄铜色_（Medarots）"
"bravely_default:_flying_fairy","勇敢者默认风格，勇敢者默认风格飞天仙子"
"bravely_second:_end_layer","勇敢第二部"
"brazil","巴西人"
"bread","面包"
"bread_eating_race","吃面包比赛"
"bread_slice","面包片"
"break_blade","破损刀刃_系列，布雷库·布雷多"
"breaking","破碎"
"breast_biting","咬胸部"
"breast_bondage","乳房绑缚"
"breast_conscious","对胸部在意"
"breast_curtain","乳罩遮盖"
"breast_curtains","乳帘"
"breast_envy","胸围歧视"
"breast_expansion","丰胸"
"breast_grab","揉胸"
"breast_hold","抱着胸部"
"breast_lift","托着胸部"
"breast_padding","胸垫"
"breast_pocket","乳袋"
"breast_poke","戳胸"
"breast_press","挤压胸部"
"breast_rest","搁着胸部"
"breast_slip","胸部走光"
"breast_smother","洗面奶"
"breast_squeeze","从两侧挤胸"
"breast_sucking","吸奶"
"breast_suppress","手放在乳房上方"
"breast_tattoo","胸部纹身"
"breastfeeding","母乳喂养，哺乳，吸吮乳房"
"breastless_clothes","露胸的衣服"
"breastplate","胸甲"
"breasts","乳房"
"breasts_apart","向两侧摊开的乳房"
"breasts_day","胸部日"
"breasts_on_another's_back","背部露胸"
"breasts_on_glass","胸压玻璃"
"breasts_on_head","压在头上的乳房"
"breasts_out","胸部露出，衣服外露出胸部"
"breasts_outside","露出的乳房"
"breasts_squeezed_together","挤压胸部，捏揉乳房"
"breath","呼吸"
"breath_of_fire","糟糕，太差了"
"breath_of_fire_ii","《崩坏2》"
"breath_of_fire_iii","bof3风格"
"breathing_fire","喷火"
"breikka","jao_picart，贾奥·皮卡特"
"brekkist","卡普星"
"brendan_(pokemon)","红宝石_宝可梦，雪月_宝可梦"
"brianlee709","水射流章鱼"
"briar_rose_(sinoalice)","睡美人_(中西混写版)"
"brick","砖"
"brick_(atelier_brick)","正元"
"brick_st","bzzt_gcxll，淡色罗勒"
"brick_wall","砖墙"
"bridal_garter","腿袜，大腿袜"
"bridal_gauntlets","婚纱手套"
"bridal_veil","婚纱头纱"
"bride","新娘"
"bridge","桥"
"briefcase","公文包"
"briefs","男式内裤"
"brighid_(xenoblade)","炎神_(异度之刃)"
"bright_memories_(idolmaster)","美好的回忆"
"bright_pupils","明亮的瞳孔"
"brigid_(fire_emblem)","布里吉德_（火焰之纹章），埃维尔"
"brigitta_(metaphor:_refantazio)","布里吉塔·利卡昂"
"brigitte_(overwatch)","布里吉特·林德霍尔姆"
"bro.you-yan","桑原由由"
"brock_(pokemon)","布洛克，布洛克，武志（宝可梦）"
"brodall_pixel","史诗级7爆笑"
"broken","破碎的"
"broken_armor","破损的护甲"
"broken_chain","断裂的锁链"
"broken_eyewear","碎玻璃"
"broken_glass","碎玻璃"
"broken_horn","断角"
"broken_tooth","断裂的牙齿"
"broken_weapon","破碎的武器"
"broly_(dragon_ball_z)","布罗利"
"broly_culo_(meme)","厚实型全能人（模因）"
"bronco_knight","霍勒斯·奈特利，霍勒斯·奈特利，内藤真之辅"
"bronya_zaychik_(silverwing:_n-ex)","布罗尼亚·扎伊奇克（银翼）"
"brooch","胸针"
"brook_(one_piece)","小溪"
"brooke_(mleth)","布鲁克_（马蒂亚斯·莱斯）"
"broom","扫帚"
"broom_riding","骑扫帚"
"broom_surfing","扫帚冲浪，站在扫帚上"
"brother_and_sister","姐弟|兄妹"
"brothers","兄弟"
"brown_ascot","棕色领结"
"brown_background","棕色背景"
"brown_bag","棕色背包，棕色手提包"
"brown_bear","灰熊"
"brown_belt","棕色皮带"
"brown_bikini","棕色比基尼"
"brown_bow","棕色蝴蝶结"
"brown_cape","棕色斗篷"
"brown_cardigan","棕色开襟衫"
"brown_coat","棕色外套"
"brown_dress","棕色连衣裙"
"brown_eyes","棕色的眼睛"
"brown_footwear","棕色鞋类"
"brown_gloves","棕色手套"
"brown_hair","棕色头发"
"brown_hairband","棕色发带"
"brown_headwear","棕色头饰"
"brown_jacket","棕色夹克"
"brown_kimono","棕色和服"
"brown_legwear","棕色的裤袜"
"brown_lips","棕色口红"
"brown_male_underwear","棕色男性内裤"
"brown_nails","棕色指甲"
"brown_neckwear","棕色领饰"
"brown_one-piece_swimsuit","棕色泳装"
"brown_panties","棕色内裤"
"brown_pants","棕色长裤"
"brown_ribbon","褐色丝带"
"brown_sailor_collar","棕色水手领"
"brown_scarf","棕色围巾"
"brown_shirt","棕色衬衫"
"brown_shorts","棕色短裤"
"brown_skirt","棕色短裙"
"brown_socks","棕色及膝长袜"
"brown_sweater","棕色毛衣"
"brown_theme","棕色主题"
"brown_vest","棕色马甲"
"brown-framed_eyewear","棕色镜框眼镜"
"brownie_(food)","巧克力布朗尼"
"brownie_(last_origin)","T-2布朗尼"
"browning_m2","m2hb，二次元美少女，可爱风格"
"bruce_lee's_jumpsuit","李小龙款连身衣"
"bruenhilde_(azur_lane)","布伦希尔德_(碧蓝航线)"
"bruise","挫伤"
"bruised_eye","黑眼圈，受伤导致黑眼圈"
"brunnya_(fire_emblem)","布鲁尼亚"
"bruno_(pokemon)","柴犬_宝可梦"
"bruno_bucciarati","布鲁诺·布凯拉蒂"
"brush","刷子"
"brushbuddy","刷虫"
"brushing_hair","梳理头发，梳头，刷头发，使用发刷护理头发"
"brushing_tail","舔尾巴"
"brushing_teeth","刷牙"
"brycen_(pokemon)","八岐犬_宝可梦"
"brynhildr_(cheer_for_master)_(fate)","为大师加油"
"bsapricot","丹妮尔·布林德尔"
"bseibutsu","康多利亚"
"bsgkstnals03","阿克索"
"bshi_edayo","晓组织_(4941086)"
"bsmage","水火交融"
"bssku","佩佩佩约"
"bu_zhengjing_de_xiao_xingxing","调皮的小星星"
"bubble","泡泡"
"bubble_blowing","吹泡泡"
"bubble_girl_(boku_no_hero_academia)","阿渡薰子，泡泡女孩，薰子阿渡"
"bubble_man","泡泡人"
"bubble_skirt","蓬蓬裙"
"bubble_tea","珍珠奶茶"
"bubble_tea_challenge","不用手喝珍珠奶茶挑战"
"bubbmon","帕布蒙"
"bubuzuke","布布杜克"
"buccaneer_(fma)","海贼_(钢之炼金术师)"
"bucephalus_(fate)","布塞法勒斯"
"buck_teeth","龅牙"
"bucket","水桶"
"buckle","扣"
"budesonide","共振效果"
"budgerigar_(bird)","虎皮鹦鹉_(鸟类)"
"budget_sarashi","绷带裹胸"
"buena_vista_(old_design)_(umamusume)","布埃纳维斯塔（UMAMUSUME）（旧版设计）"
"bug","虫子，昆虫，多种昆虫"
"bug_bite","蚊子叮咬"
"bugles_(food)","通加里玉米"
"bugsy_(pokemon)","月希_(宝可梦)"
"bui_(buupopopopopo)","噗噗噗噗噗"
"building","建筑"
"bukiyou_na_senpai","我那尴尬的学长"
"bukkake","射满脸"
"buko_(bukosuki)","布科维斯基"
"bulborb","红色大蘑菇"
"bulge","裆部隆起"
"bulge_to_ass","臀部凸起"
"bull","公牛，阉牛，牛群"
"bullet","子弹"
"bullet_(bullet0701)","子弹_(艺术家)"
"bullet_hole","弹孔"
"bulletin_board","软木板，软木板"
"bulletproof_vest","凯夫拉防弹背心，装甲运兵车"
"bullfalk","古川万之助"
"bullpup","牛犊式枪械"
"bullying","欺负"
"bulma_(future)","未来布尔玛"
"bumblebee_(transformers)","大黄蜂"
"bun_cover","发髻盖"
"bunalonne","史莫利波利"
"bunching_hair","手持辫子"
"bungaku_shoujo_(danshi_koukousei)","文学少女_三号"
"bungou_to_alchemist","文豪与炼金术师"
"bunny","兔子"
"bunny_costume","兔子服装"
"bunny_ears","兔耳"
"bunny_ears_prank","兔子耳手势，v_（兔子耳）"
"bunny_girl","兔娘|兔女郎"
"bunny_hair_ornament","兔子饰品"
"bunny_headphones","兔子耳机"
"bunny_hood","兔耳帽"
"bunny_pose","兔耳pose"
"bunny_print","兔子图案"
"bunny_tail","兔尾巴"
"buran_(22x)","buranketo_2，布兰凯托2"
"buran_buta","blancpig_yryr，布兰克猪_yryr"
"burent","布伦特"
"burger","芝士汉堡，汉堡包"
"burgerberg_q-taro","Q-Taro汉堡山"
"burgh_(pokemon)","宝可梦艺术风格，宝可梦艺术风格"
"burn_scar","烧伤疤痕"
"burning","燃烧"
"burnt","烧伤"
"burnt_clothes","烧焦的衣服"
"bursting_breasts","包不住的巨乳"
"bursting_pectorals","饱满的胸肌"
"buruma","女式灯笼裤"
"buruma_aside","内裤掰到一边"
"buruma_pull","褪下一部分的内裤"
"bus","公共汽车"
"bus_interior","公交车内场景"
"bus_stop","公交站"
"bush","灌木"
"bushidou_(sekaiju)","浪人_(艾特里安)，浪人_(巨兽)，武士_(巨兽)"
"business_suit","西装"
"buson_(buson0629)","武良辉，1103号"
"busou_shoujo_machiavellism","武装少女的马基雅维利主义"
"bust_chart","胸部尺寸图表，乳房尺寸图，胸部对比，千曲部"
"bust_cup","胸部之间的酒液，胸罩尺寸，胸罩杯型"
"bust_measuring","测量胸部尺寸"
"bustier","紧身胸衣"
"busujima_rio_mason","布须岛里欧·梅森"
"buta_no_liver_wa_kanetsu_shiro","豚鼠变猪：一个男人变成猪的故事，加热猪肝"
"butajima_john","变态行为"
"butler","管家"
"butt_crack","股沟"
"butt_plug","肛塞"
"buttercup_redraw_challenge_(meme)","毛地黄重绘挑战"
"butterfly","蝴蝶"
"butterfly_hair_ornament","蝴蝶发饰"
"butterfly_net","捕虫网"
"butterfly_on_hand","手指上的蝴蝶"
"butterfly_print","蝴蝶印花"
"butterfly_sitting","蝴蝶坐"
"butterfly_wings","蝴蝶翅膀"
"butters_stotch","利奥波德·斯托奇"
"buttjob","臀交"
"button_badge","纽扣徽章"
"button_eyes","纽扣式画法的眼睛"
"button_gap","天使的小窗"
"buttons","纽扣"
"buun_ko","文库本，文库本_（pixiv23590110）"
"buzz_(moi)","热议"
"by_mirin","雷藏前辈，雷藏前辈"
"byackopath_(artist)","沙月_（非幸子）"
"bygin","陈洋洋"
"byleth_(female)_(fire_emblem)","贝雷特（女性），火之纹章贝雷特（女性）"
"byleth_(female)_(summer)_(fire_emblem)","贝雷特_(夏日)_(火焰之纹章)_(女性)"
"byleth_(fire_emblem)","贝雷特"
"byleth_(male)_(fire_emblem)","贝雷特_(火焰之纹章)_(男性)，贝雷特_(男性)"
"byousoku_5_centimeter","每秒五厘米"
"bypos","金成模"
"byron_(pokemon)","图冈_(宝可梦)"
"byulzzi","比尤尔齐蒙"
"bzs_(kage_no_shinobu)","影之忍，阴格伦"
"c_(control)","控制：灵魂与可能性的金钱，C：灵魂与可能性的金钱，C_灵魂与可能性的金钱控制"
"c-7_(assate)","处决"
"c-ms_(girls'_frontline)","c-ms_（少女前线）"
"c-rabbit","猫与兔子"
"c.c.","CC素材"
"c.cu","无瞳孔"
"c.h.a","绘图天空"
"c.honey","巧克力色肌肤"
"c.parfait","人鱼圆环"
"c.q._cumber_(splatoon)","指挥家名子"
"c2h4_(1849155751)","求求了"
"c2h6o","巨乳，大胸脯"
"c96_(girls'_frontline)","c96_（少女前线）"
"caba_(caba091)","米娜里_(lmina09)"
"cabbie_hat","报童帽"
"cabinet","储藏柜"
"cable","线缆"
"cable_hair","金属色头发"
"cable_tie","扎带"
"cacao_(99chocolove99)","8041毫米，99巧克力之爱99"
"cacao_(chocotto)","可可蜜糖"
"cachet","海盗卡舒"
"cacn","狂犬"
"cactus","仙人掌"
"cad_(caddo)","加多"
"caeda_(fire_emblem)","凯达，希达"
"caeda_(talys's_bride)_(fire_emblem)","卡埃达_（新娘）_《火焰之纹章》"
"caee_penguin","企鹅_Caee"
"cael_anselm","翡翠色_永恒之选，叶轩"
"caeldori_(fire_emblem)","玛托伊_(火焰之纹章IF)"
"caelus_(honkai:_star_rail)","男性开拓者（崩坏：星穹铁道），开拓者（崩坏：星穹铁道）（男性）"
"caenis_(fate)","枪骑兵_(失落带)"
"caesar_(girls_und_panzer)","铃木贵子_(少女与战车)"
"cafe","咖啡馆"
"cafe_(cafe-chan_to_break_time)","咖啡馆酱_(波鲁琳)"
"cafe_(chuu_no_ouchi)","雷莱之26章"
"cafe_au_lait_(kafeore)","咖啡牛奶色（艺术家），咖啡橙色"
"cafe_maid_(love_live!)","LoveLive！咖啡店女仆"
"cafe_parade_(idolmaster)","咖啡馆巡游"
"cafe-chan_to_break_time","和咖啡酱一起的休息时间"
"cafenami","国境之町"
"cage","笼子"
"caibao_return","财宝，CB回归，夏澄回归"
"caim_(drag-on_dragoon)","凯姆"
"caiman_(dorohedoro)","凯曼_(咒术回战)"
"caiman_pool","凯门鳄池塘"
"caio_santos","卡约桑托斯"
"caisan","蔡皮君"
"cait_aron","凯特"
"cait_sith_(final_fantasy)","凯特·西斯（最终幻想7）"
"caitlin_(pokemon)","卡特莱亚_(宝可梦)"
"cake","蛋糕"
"cake_slice","蛋糕块"
"caladbolg_(fate)","卡拉丁之枪"
"calamity_jane_(fate)","卡勒米蒂·简_（命运/冠位指定）"
"calavera","糖制骷髅"
"calcio","卡鲁乔"
"calciumin","卡路里消耗时间"
"calem_(pokemon)","卡勒姆_（宝可梦），卡尔梅_（宝可梦），男性主角_（宝可梦XY），X_（宝可梦）"
"calendar_(medium)","日历"
"calendar_(object)","图中有日历"
"calendulamew","喵喵环视水面不动"
"caliburn_(fate)","卡利伯恩剑"
"caligula_(fate)","卡利古拉_(命运/冠位指定)"
"calin","笔触"
"call_bell","服务铃音"
"call_e","call_(石川英树)"
"call_f","呼喊_(夏目悠仁)"
"call_h","call_(小牧信辅)"
"callie_(splatoon)","葵_(喷射战士)"
"calligraphy_brush","毛笔"
"calligraphy_brush_(medium)","毛笔(中号)"
"calvin_&_hobbes","卡尔文与霍布斯"
"camcorder","摄像机"
"camellia","山茶花"
"cameltoe","骆驼趾"
"cameo","精彩片段"
"camera","照相机"
"camera_around_neck","挂在脖子上的相机，戴在脖子上的相机"
"cameron_sewell","黑暗风格"
"camieux","久美由"
"camilla_(fire_emblem)","卡米拉_(火焰之纹章IF)"
"camilla_(holiday_traveler)_(fire_emblem)","卡米拉_（新年）_（火焰之纹章）"
"camilla_(spring_princess)_(fire_emblem)","卡米拉_（春天）_（火焰之纹章）"
"camilla_(tropical_beauty)_(fire_emblem)","卡米拉_（夏日）_（火焰之纹章）"
"camisole","无袖紧身背心"
"cammy_meele","白鸟若菜"
"camouflage","迷彩"
"camouflage_bag","伪装背包"
"camouflage_headwear","迷彩帽，迷彩头盔"
"camunekoz","伪装"
"camyu","神由"
"can","缶"
"can't_be_this_cute","俺妹元素"
"canaan_(series)","迦南"
"canada_(hetalia)","马修·威廉姆斯"
"canal_vorfeed","Vorpheed运河"
"candace_flynn","坎迪斯·格特鲁德·弗林"
"candice_(pokemon)","铃娜_(宝可梦)"
"candle","蜡烛"
"candle_no_kaori_wa_omoide_to_tomo_ni_(project_sekai)","蜡烛香气承载的记忆（Project Sekai），伴随蜡烛香气的回忆（Project Sekai）"
"candlestand","烛台"
"candy","糖果"
"candy_(smile_precure!)","糖果_(光之美少女)"
"candy_apple","苹果糖"
"candy_cane","棒棒糖"
"candy_island_(idolmaster)","糖果岛"
"cane","杖"
"cang_(akaga204)","赤红204"
"canis428","里茨胡苏"
"canking","丹安南"
"cannon","炮"
"cannonball","炮弹状物体"
"cannot_goodenough","无法_(《明日方舟》)，欺诈商贩_(《明日方舟》)"
"canon_memphis","叶山佳奈子，佳奈子_孟菲斯"
"canopy_(aircraft)","树冠层"
"canopy_bed","四柱床"
"cantaloupe","甜瓜"
"canvas_(object)","画布"
"canyne","阿拉斯加雪橇犬"
"cap'n_cuttlefish","天理司令"
"cap105","光彩照人"
"capcom_fighting_jam","卡普空格斗进化系列"
"cape","披风"
"capelet","披肩"
"capri_pants","七分裤"
"captain_lamb","风_(1028594962)"
"captain_nemo_(fate)","尼莫船长_(命运/冠位指定)"
"captain_nemo_(santa)_(fate)","尼莫_（圣塔）_（命运）"
"captain_price","约翰·普莱斯"
"captain_spaceboy","太空男友_(奥莫里)"
"captured_alien_(meme)","被捕获的外星人"
"capura_lin","捕捉镜头.l"
"capybara-san","卡皮巴拉桑"
"car","汽车"
"car_interior","汽车内饰"
"caramelldansen","焦糖之舞"
"carcano_m1891_(girls'_frontline)","卡卡诺M1891_（少女前线）"
"carcano_m91/38_(girls'_frontline)","卡卡诺M91/38_（少女前线）"
"carchet","digseu_(dix)，迪克斯"
"carcinization","癌变"
"card","卡片"
"card_(medium)","卡片(中号图)"
"card_background","/cardbg 卡片背景"
"card_crusher_(meme)","碎卡器"
"card_parody","玩牌"
"cardboard_box","纸板箱"
"cardcaptor_sakura","卡通捕手小樱，/CCS，CCS"
"cardigan","开襟衫"
"cardiogram","心电图，心电图，心脏监测器"
"caren_hortensia","卡伦·奥滕西娅，卡伦·奥滕西娅"
"caressing_testicles","爱抚睾丸"
"cargo_pallet","托盘"
"carimarica","零萌萌"
"carmen_kiruya","carmen_(用户_fyvs3542)"
"carmilla_(fate)","卡米拉_(命运/冠位指定)"
"carmilla_(summertime_mistress)_(fate)","夏日女主人_（命运/冠位指定）"
"carnelian_(shimmering_dew)_(arknights)","红玉髓_(晶莹露珠)_(明日方舟)"
"caro_ru_lushe","京良_洛·卢西埃"
"carousel","旋转木马，旋转木马"
"carpaccio_(girls_und_panzer)","生鱼片"
"carpet","地毯"
"carren_(granblue_fantasy)","卡伦·埃斯塔佩拉"
"carrot","胡萝卜"
"carrot_(robosquat)","kyarotto_(zenkixd)，卡亚罗托_(zenkixd)"
"carrot_011","人参胡萝卜"
"carrot_hair_ornament","胡萝卜发饰"
"carrot_necklace","胡萝卜项链"
"carrot_summer","洛普·香塔尔2"
"carrot-shaped_pillow","胡萝卜枕头"
"carry_me","让我振作起来"
"carrying","抱起"
"carrying_over_shoulder","肩扛"
"carrying_person","背人"
"carrying_under_arm","夹在腋下"
"cart","载货推车"
"cartonbox_(zhixiang_zhi)","美少女盒，志向之志"
"cartridge","弹夹"
"casch","克里斯·阿明"
"casing_ejection","子弹抛壳"
"casino_(casinoep)","赌场_（pixiv468133）"
"casshern_(series)","卡珊_(系列)"
"cassidy_(overwatch)","科尔·卡西迪，杰西·麦克雷，麦克雷（《守望先锋》）"
"cassini_m_bisuko","卡西尼_美_碧丝子"
"cassiopeia_(league_of_legends)","仙后座之刀"
"cast","包扎着绷带"
"castanets","响板"
"castanic","栗色_(特拉)"
"castle","城堡"
"castlevania_(series)","鬼灭之刃，恶魔城"
"castlevania_iii:_dracula's_curse","恶魔城3，恶魔城III"
"castlevania:_legacy_of_darkness","恶魔城64"
"castlevania:_rondo_of_blood","恶魔城：德古拉X"
"castor_(fate)","卡斯特_(命运/冠位指定)"
"castti_florenz","卡丝蒂_(八方旅人)"
"casual","私服"
"casual_one-piece_swimsuit","连体泳衣"
"casul","卡苏尔卡苏尔卡苏尔"
"cat","猫"
"cat_bag","猫式背包"
"cat_boy","猫系男子"
"cat_breakdancing_(meme)","模拟人生猫街舞_（迷因）"
"cat_costume","猫系服装"
"cat_cutout","胸部开口出猫头剪影的服装"
"cat_day","猫之日"
"cat_ear_headphones","猫耳式耳机"
"cat_ear_legwear","猫耳乐队连裤装"
"cat_ear_panties","猫耳造型内裤"
"cat_ears","猫耳"
"cat_girl","猫娘"
"cat_hair_ornament","猫系发饰"
"cat_hat","猫耳帽子"
"cat_hood","猫耳兜帽"
"cat_lingerie","猫系内衣"
"cat_o'_nine_tails","猫耳九尾"
"cat_on_head","头上趴着猫"
"cat_paws","猫爪"
"cat_print","猫元素印花"
"cat_tail","猫尾巴"
"cat_teaser","逗猫"
"cat-shaped_pillow","猫形抱枕"
"cat's_cradle","绳结人形模型"
"catchouli_(hazuki_ruu)","香叶醇"
"catchphrase","标志性台词"
"caterpillar_tracks","履带"
"catfight","猫咪打架"
"catherine_(atlus_character)","凯瑟琳"
"catheter","小便视频"
"cathiane","辛西娅·莱曼"
"catnnn","猫_(yidsv)，天命"
"catocala","阿克斯曼"
"catria_(fire_emblem)","卡特莉亚，卡图亚"
"catria_(spring_whitewing)_(fire_emblem)","卡特莉亚_（春天）_（火焰之纹章）"
"catsmoon","游学名店"
"catstudioinc_(punepuni)","catstudio_（艺术家）"
"cattail","芦苇，香蒲"
"cattleya_(queen's_blade)","卡特兰兰花"
"catura_(granblue_fantasy)","沙托拉_（碧蓝幻想）"
"catwalk_(modeling)","T台走秀（模特展示）"
"caught","被抓现行"
"caustics","焦散"
"caution_tape","警示带"
"cavalry_(maslow)","ann_(轻骑兵年鉴)，庆喜平"
"cave","洞穴"
"cave_(neptunia)","海洞_海王星系列"
"caved_(touhou)","进入洞穴"
"caws_(girls'_frontline)","《少女前线》卡乌斯"
"caydeus","混乱角色"
"cbb_(tuucoo)","新南坊217"
"cbgb","kegani_(ymck31)，凯加尼_(ymck31)"
"cbmus","茶边舞"
"cchiii","射击奇"
"cd","光碟"
"cd_case","宝石盒风格"
"cd_walkman","随身听"
"ce-tan","CE认证"
"cecelia_(arknights)","塞西莉亚_(《明日方舟》)"
"cecil_(project_moon)","塞西尔_（废墟之图书馆）"
"cecilia_glinda_miles","迈尔斯大人"
"cecily_cambell","塞西莉·坎贝尔"
"ced_(fire_emblem)","sety_（火焰之纹章）"
"cedar_(cedar_japonica)","雪松_（艺术家）"
"ceiling","天花板"
"ceiling_light","顶灯"
"cel_da_lin","达里米_2"
"cel_rendering","细胞阴影效果_3D"
"cele_(310v3)","310v3版本"
"celestia_(strinova)","性惠_卡拉比尤"
"celestia_ludenberg","塞莱斯蒂亚·卢登贝克，塞莱斯蒂亚·鲁登贝克"
"celestial_fang","肉体执政者"
"celestial_globe","天球"
"celica_(xenoblade_x)","塞丽卡_(异度神剑_X)"
"celica_a._mercury","凯莉卡_A_墨丘利，凯莉卡_A_墨丘利，塞丽卡_A_墨丘利"
"celinepizza","pizzaceline05，披萨排队场景05"
"cell_(dragon_ball)","赛尔人_(龙珠)"
"cellien_(kemono_friends)","天蓝色_(动物伙伴)"
"cellien_queen_(kemono_friends)","天蓝女王_(动物伙伴)"
"cello","大提琴"
"cellphone","手机"
"cellphone_charm","手机挂饰"
"cellphone_photo","手机照片"
"cellphone_picture","手机相片"
"celty_sturluson","斯图鲁松凯尔特风"
"celyn404","贪睡鬼"
"censored","打码的"
"censored_(project_moon)","经过审查的_脑白质切除术公司相关内容"
"censored_by_text","文本审查"
"censored_gesture","被遮挡的手指"
"censored_identity","眼睛遮蔽，身份遮蔽"
"censored_nipples","乳头遮蔽"
"cent_u","白美彩"
"centaur","人马|马娘"
"centaur_no_nayami","半人马的生活"
"center_frills","胸口带花边的服装"
"center_opening","正中间开口的服装"
"centorea_shianus","细叶翠雀"
"central_princess","中央公主"
"cephalopod_eyes","章鱼眼"
"cerberus_(shingeki_no_bahamut)","刻耳柏洛斯_(碧蓝幻想)"
"ceres_fauna_(goth)","谷神星动物群_（第四套服装）"
"ceres_fauna_(jirai_kei)","谷神星兽族_第三套服装，谷神星兽族_休闲装"
"ceres_fauna_(new_year)","谷神星动物群_第二套服装"
"cerevevisiae","m09_mirage090，幻影090版本"
"cermia_(epic_seven)","cermia_(epic7)，塞米亚_(史诗7)"
"ceroccb","零酱"
"ceroro","苍蓝冲击"
"cervix","子宫口"
"cervus","178，鹿_(pixiv490295)"
"cesar_zebrah","czasjb，时间跳跃"
"cessa","uka_(cessa)，乌卡_塞萨"
"cetacean_tail","海豚尾，独角鲸尾，虎鲸尾，鲸鱼尾（动物尾部）"
"cete_(controllingtime)","可爱到极致"
"cetera","雨宫亚玛"
"ch00suke","卓辅"
"cha_(kancolle)","查_(舰姬Collection)"
"chaashuu","恰恰舞00"
"chaba_(hortensia)","蔷薇色_八重樱"
"chaba_ga_oishii","塔普里伊伊伊"
"chabasu","斯普里策汽水"
"chabo_(niwatori_bosori)","新户波织，太阳之辉"
"chacha_(fate)","查查_(命运/冠位指定)"
"chado","chada_(东方三魂)，东方趣味，东方三魂"
"chadol_(okt8538)","nao_(okt8538)，奈绪_(okt8538)"
"chadolbaegi","早餐，月球探险家"
"chagara","勇气_(鼓起勇气)"
"chagen_kokimu","SD美少女"
"chahan_(fried_rice0614)","炸饭0614"
"chai_(drawingchisanne)","茶"
"chai_xianghua","形象"
"chaigidhiell","末日使者"
"chain","锁链"
"chain_leash","带链条的领圈"
"chain_necklace","项链"
"chain-link_fence","铁网"
"chainmail","邮件护甲"
"chainsaw","链锯"
"chair","椅子"
"chako_nejio","C2级别"
"chalce_(pokemon)","玛瑙_(宝可梦)"
"chaldea_uniform","迦勒底制服"
"chalice","高脚杯，圣杯"
"chalk","粉笔"
"chalkboard","黑板"
"chalseu","阴郁的战斗场景"
"cham_cham","恰姆恰姆"
"chamaruk","茶丸子"
"chamba","杰弗里·克鲁兹"
"chameleon_(ryokucha_combo)","相机，摄像机"
"champagne","香槟"
"champagne_flute","香槟杯"
"champi","阿夫里"
"chamumi_(mochiumee)","mochigome2020，萌系头像2020"
"chan8016","四乳"
"chandelier","吊灯"
"changgong8745","张公"
"chanms","未完成状态"
"channel_(caststation)","channel_(_caststation)，tanosii_chan频道"
"chanti_(chantilin)","米恩塞洛特"
"chao_lingshen","灵神超"
"chaos_online","混沌英雄在线"
"chaos_space_marine","混沌阿斯塔特战士"
"chaosringen","阮玉武"
"chaozu","焦祖"
"chaps","皮套裤"
"char_(2v_26)","角色"
"chara_chara_makiato","ccmakiart艺术作品"
"character_age","年龄"
"character_censor","用人脸打码"
"character_charm","角色钥匙扣"
"character_doll","角色公仔"
"character_name","含角色名"
"character_print","印着某角色"
"character_profile","角色简介"
"character_request","/角色，tagme_（角色名）"
"character_sheet","人设表"
"character_signature","含该角色的签名"
"character-themed_food","角色食品，角色造型食品"
"charathegay","科里特盖伊"
"charisma_guard","魅力破裂_东方Project"
"charleian","查理安·布朗"
"charles_babbage_(fate)","查尔斯·巴贝奇（命运/冠位指定）"
"charles_xavier","教授_X"
"charles_zi_britannia","不列颠尼亚的查尔斯，不列颠尼亚的皇帝"
"charles-henri_sanson_(fate)","查尔斯·亨利·桑松（命运/冠位指定）"
"charlie_morningstar","查理·马格尼"
"charlotta_(granblue_fantasy)","夏洛塔·菲妮亚，夏洛特（《碧蓝幻想》）"
"charlotte_(fire_emblem)","夏洛特_(火焰之纹章IF)"
"charlotte_(seiken_densetsu_3)","夏洛特_(sd3)"
"charlotte_corday_(fate)","夏洛特·科黛（命运/冠位指定）"
"charlotte_e._yeager","夏洛特·E·耶格尔"
"charlotte_linlin","大妈_(海贼王)"
"charm_(object)","强调角色魅力的"
"charon_(project_moon)","卡戎_（利姆布斯公司）"
"chart","图表"
"chascoby","色气角色，查斯科比"
"chase_(pokemon)","卡克鲁_(宝可梦)"
"chasen","茶匙"
"chasing","追逐"
"chat_log","聊天框风格"
"chata_maru_(irori_sabou)","柴田丸_（炉边料理），铁田丸"
"che_vuoi?_(italian_gesture)","意大利式手指"
"cheat_kusushi_no_slow_life","作弊，草草子的悠闲生活，异世界药店"
"cheating","出轨"
"cheating_(relationship)","作弊"
"check_my_note_(idolmaster)","查看我的笔记"
"check_translation","翻译检查"
"checkerboard_cookie","棋盘曲奇"
"checkered","方格图案"
"checkered_background","方格背景"
"checkered_clothes","方格图案服装"
"checkered_floor","格子地板"
"checkered_kimono","格子和服"
"checkered_neckwear","格子领口"
"checkered_sash","方格纹腰带"
"checkered_scarf","格子围巾"
"checkered_shirt","格子衬衫"
"checkered_skirt","格子裙"
"cheek_bulge","鼓着腮帮"
"cheek_pinching","捏脸颊"
"cheek_poking","戳脸颊"
"cheek_press","揉脸颊"
"cheek_pull","扯脸颊"
"cheek-to-cheek","脸贴脸"
"cheer_(cheerpuppy14)","欢呼_(cheerkitty14)"
"cheering","助威"
"cheerleader","啦啦队"
"cheese","奶酪"
"cheese_(cheese_koubou)","砂丸_(五六助)"
"cheese_oho","奶酪表情_0u0"
"chef","厨师"
"chef_hat","厨师帽"
"chef_uniform","厨师工装"
"chelly_(glisten_chelly)","绫子_(gpdls0245)"
"chellyko","chelly_(chellyko)，切莉_(切莉科)"
"chemical_structure","结构式"
"chemise","女式无袖宽内衣"
"chen_hai_(azur_lane)","真海_（碧蓝航线）"
"chen_hai_(vestibule_of_wonders)_(azur_lane)","真海_奇迹前厅_碧蓝航线"
"chen_qianyu_(arknights)","远野龙女_（《明日方舟》）"
"chenbo","陈伟波"
"chenrong96","菲什曼"
"cheogtanbyeong","乔乔光"
"cherche_(fire_emblem)","塞尔吉_火焰之纹章"
"cheriina","库鲁2潘图"
"cherino_(blue_archive)","连川切丽诺"
"cherino_(hot_spring)_(blue_archive)","连川切里诺_（温泉）"
"cherish_ball","珍贵球体"
"cherng","chel_(用户_mcme3455)"
"chernobog_(housamo)","切尔诺博格_(东京放课后的召唤师们)"
"chernobyl","切尔诺贝利"
"cherokee_(1021tonii)","切罗基_(Pixiv)"
"cherry","樱花|樱桃"
"cherry_blossom_(sk8)","樱色屋香织"
"cherry_blossom_print","樱花印花"
"cherry_blossoms","樱花"
"cherry_earrings","樱桃耳环"
"cherry_in_the_sun","阳光中的樱桃"
"cheru_(sinkai_ringo)","可爱少女"
"cheryl_(pokemon)","桃子_(宝可梦)"
"cheschorv","令人毛骨悚然的姬系角色"
"cheshire_(the_cat_and_the_white_steed)_(azur_lane)","柴郡猫_白色公主_碧蓝航线"
"cheshire_cat_(alice_in_wonderland)","柴郡猫，柴郡猫_（仙境）"
"chess_piece","棋子"
"chest","胸部"
"chest_hair","胸毛"
"chest_jewel","胸前有宝石"
"chest_of_drawers","抽屉"
"chest_sarashi","纱罗希（胸部）"
"chest_tattoo","胸部有纹身"
"chester_burklight","切斯特·巴克莱特"
"chester_ocampo","埃尔皮诺伊"
"chestnut","栗子"
"chestnut_mouth","栗子嘴"
"cheval_grand_(umamusume)","戴帽子的女孩_(兔娘)"
"chevalier_d'eon_(fate)","艾恩骑士（命运/冠位指定）"
"chewing_gum","口香糖"
"cheytac_m200","切塔克介入"
"chi-chi_(dragon_ball)","奢华风格"
"chi-hatan_military_uniform","知波单学院制服"
"chiaki_(blue_archive)","望宫千明"
"chiaki_kurihara","栗原千明"
"chiaki_shin'ichi","新井千明"
"chiba_sadoru","千叶马鞍，千茶萨多鲁"
"chiba_toshirou","赛璐珞巅峰之作"
"chiba_yuzuki_(yukimoto_shuuji_(gurigura))","刺猬女孩_（雪本修二_（咕噜咕噜））"
"chibana_sora","春天_666"
"chibi","迷你角色"
"chibi_inset","内含Q版形象"
"chibi_miku","迷你初音未来"
"chibimon","半恶魔"
"chicago-x","鹿角头"
"chicchana_yukitsukai_sugar","小雪精灵糖"
"chicha_(chi_cha_rigbo)","奇查里格博，喵德罗"
"chichibu_(watson)","千叶县_（千千叶）"
"chick","小鸡"
"chicken","鸡"
"chicken_leg","鸡腿"
"chickenman","鸡人"
"chidori_kaname","雷电香苗"
"chieru_(princess_connect!)","风间千鹤"
"chiester_sisters","午睡姐妹"
"chietori","sen_(77nuvola)，森_(77努沃拉)"
"chiffon_(fresh_precure!)","雪纺裙_(美少女战士)"
"chigiri_kurenai","红发，ttt"
"chihiro_(blue_archive)","镜千寻_（蓝档案）"
"chihiro_(kemonomichi)","兽道"
"chii_(tsumami_tsumamare)","ti_owo，提欧沃"
"chiji_komari","千地美纱，花_（tmtmrgrgtrg）"
"chika_(princess_connect!)","美澄"
"chikada_haruko","春子_(K-ON！)"
"chikan_saresou_ni_natteiru_s-kyuu_bishoujo_wo_tasuketara_tonari_no_seki_no_osananajimi_datta","我在火车上救下的那个女孩竟然是我儿时的好友"
"chikefu","类似SBM风格"
"chiki_(botugo)","琪琪_爆乳"
"chiki_(chikibw)","chiki_（艺术家名）"
"chikichi","蒂克西蒂·玛约"
"chikidney","大鸡烧子"
"chikitamako","雷吉奇"
"chikkuru","粉红痒感"
"chiko_(beroro)","千子_(pixiv29364)"
"chiko_(kanhogo)","看京猪之队"
"chikoinochi","千子波婆_浴场场景"
"chikuma_(kancolle)","千曲_(舰队Collection)"
"chikuwa_(dr0603)","奇库瓦瓦犬"
"chikuwa_(tks)","tks_(千草)"
"chikyuu_boei_kigyou_dai-guard","戴卫盾"
"chil0107","同人插画"
"child","小孩"
"child_drawing","儿童画作"
"child_gilgamesh_(fate)","童版吉尔伽美什"
"child_on_child","孩子们"
"child's_drawing","儿童画作"
"chili_(pokemon)","宝可梦小精灵，口袋里的宝可梦"
"chili_pepper","辣椒"
"chili-tomato_(gekikaraya)","千里到真斗"
"chimaki_(impressiveanarchy)","奇玛基卡米赫克"
"chimjoljol_(cute_goblin)","日焰"
"chimney","烟囱"
"chimyo","水彩画，彩色墨水画"
"chin_gero","萌推"
"chin_grab","抬下巴"
"chin_rest","托着下巴"
"chin_strap","颐革"
"chin_stroking","摸下巴"
"china_(hetalia)","王瑶"
"china_dress","中国服饰"
"china_tracksuit","中国运动衫"
"chinatsu_(blue_archive)","日野宫千夏"
"chinatsu_(hot_spring)_(blue_archive)","日野宫千夏（温泉）"
"chinchickrin","普鲁普鲁萨南"
"chinese_clothes","中国风"
"chinese_lantern_(plant)","酸浆，穗花木，西葫芦"
"chinese_new_year","农历新年"
"chinese_text","中文"
"chinese_zodiac","十二生肖"
"chinnpou","令人愉悦的触感"
"chinomaron","发光效果"
"chinpan","永生黑猩猩"
"chio-chan_no_tsuugakuro","千代的校园路"
"chiot_(god_eater)","潮_(食神)"
"chipa_(arutana)","有田奈"
"chips","薯片"
"chips_(food)","薯片，膨化食品"
"chipushishi","金金尼天国"
"chiri_(ch!)","小圆脸，圆嘟嘟的脸庞"
"chiri_(o9o9)","喜爱炼金术士们"
"chirigami-san","千纸人桑"
"chiroshiron","shiron_(e1na1e2lu2ne3ru3)，白龙"
"chise_(blue_archive)","笑千世"
"chise_(cym23730)","cym23730，饭团_(chise_2119)"
"chise_(saishuu_heiki_kanojo)","千世_《凉宫春日》"
"chise_(swimsuit)_(blue_archive)","瓦拉库·千世（泳装）"
"chisen_maimai","欧吉玛迈"
"chitose_(chi_candy)","shelly_(ponkotu_shari)，雪莉_(蓬科图·沙里)"
"chitose_(kancolle)","千岁_(舰队Collection)"
"chitose-kun_wa_ramune_bin_no_naka","千岁在拉姆ネ瓶子里"
"chivo_(kalchivo)","卡尔邦2"
"chiwa_(chiwawanwan1206)","娜迦_(Pixiv)"
"chiyo_(genshin_impact)","三越千代"
"chiyoda_(kancolle)","千代田_(舰队Collection)"
"chiyu_mahou_no_machigatta_tsukaikata","错误的使用治愈魔法的方式"
"chiyu1182","千由_1182"
"chloe_(pokemon)","樱木小春"
"chloe_(princess_connect!)","黑江花子"
"chloe_angel_(voice_actor)","克洛伊·安吉尔"
"chloe_von_einzbern","黑子_（命运/花镜线）"
"chm_(macharge)","未来_(充电中)"
"cho_gum","海俊超"
"cho_yonghee","液体综合征"
"cho!cho!","酷酷的狗狗"
"chocho_(homelessfox)","蒲公英_（艺术家名）"
"chochomi","ceros艺术作品，jongigeguli_rto风格，纸蛙形象"
"choco_(chocolate_shop)","巧克力店"
"choco_(moyasi)","巧克力_(pixiv29111)"
"choco_chip_(ekitai_idou)","恶太郎"
"choco_tanuki","田子狸16"
"chocola_(nekopara)","巧克力_（沙耶丽），巧克力_（沙耶丽）"
"chocolat_(momoiro_piano)","雏田雏田"
"chocolate","巧克力"
"chocolate_banana","巧克力香蕉，巧克力香蕉味"
"chocolate_bar","巧克力板"
"chocolate_clothes","巧克力风格服装"
"chocolate_doughnut","巧克力甜甜圈"
"chocolate_heart","心形巧克力"
"chocolate_on_breasts","胸上的巧克力"
"chocolate_on_hand","手指沾满巧克力"
"chocomaru","ch0c0_maru，玛鲁"
"chocpocalypse","入来妹"
"choi_mochimazzui","千代麻糬真棒"
"choi_palbo","巴尔博，帕尔博_(hshhhh321)"
"choir","副歌"
"choker","项圈"
"chokin_tsucho","妖奇物语357"
"choking_on_object","窒息，哽咽"
"choko_(cup)","猪口杯"
"chokotto_sister","巧克力妹妹"
"chomoran","惊变侦探社"
"chongyu","南诏关"
"chongyue_(alighting)_(arknights)","崇月（降临）（《明日方舟》）"
"chongyue_(arknights)","崇月_《明日方舟》"
"chongyun_(genshin_impact)","原神，中二"
"chono_maika","千野舞香"
"choo","choo_（哆啦A梦.exe）"
"chooco_(chocoshi)","巧克力色"
"chopsticks","筷子"
"choro-q","便士赛车游戏"
"chorohanage","玛莎重生"
"choroi_amachori","菠萝6胡扎"
"chou_megami_shinkou_noire_gekishin_black_heart","极度虔诚之黑，极度虔诚之黑：黑心女神"
"chou_shippai-saku","老虎刀"
"chou_shittou_caduceus","创伤中心，创伤中心"
"choudenji_machine_voltes_v","伏特斯V"
"choudenji_robo_combattler_v","战斗者_V"
"chouginga_gurren-lagann","《反叛的鲁路修》楚京加"
"chougoukin_kurobikari","超合金黑亮质感"
"chougoukin_potato","二世之卵"
"choujigen_game_neptune","超次元海王星"
"choujigen_game_neptune_mk2","超次元海王星2"
"choujigen_taisen_neptune_vs_sega_hard_girls","超次元海王星 对决世嘉硬核女孩"
"choujikuu_kidan_southern_cross","超维骑兵南十字队"
"choujikuu_seiki_orguss","超级维度世纪奥古斯"
"choujikuu_yousai_macross","《超时空要塞》超级维度要塞"
"choujin_koukousei-tachi_wa_isekai_demo_yoyuu_de_ikinuku_you_desu!","高中天才在异世界也依然轻松取胜"
"choukai_(kancolle)","初开_(舰队Collection)"
"choukou_sennin_haruka","破刃春香"
"choukou_taisen_escalation_heroines","战力升级的女主角们"
"choukou_tenshi_escalayer","节拍天使，逐层攀升者"
"chounorin","晓宁"
"chouon_senshi_borgman","索尼克士兵博格曼"
"chouzetsusaikawa_tenshi-chan","kangel_（需要关注的主播过剩），omg可爱天使酱"
"choyeon","千代"
"chris_(ginseng)","chris_(babo)，克里斯_(巴博)"
"christian_louboutin_(brand)","卢布汀鞋"
"christina_(princess_connect!)","克里斯蒂娜·摩根"
"christina_brecht","克里斯_(计数器：侧面)"
"christmas","圣诞节"
"christmas_lights","圣诞彩灯"
"christmas_ornaments","圣诞装饰品，圣诞小挂饰"
"christmas_present","圣诞礼物"
"christmas_stocking","圣诞袜填充物"
"christmas_tree","圣诞树"
"christmas_tree_costume","圣诞树_角色扮演"
"christopher_columbus_(fate)","克里斯托弗·哥伦布（命运/冠位指定）"
"chro_(rulurullu)","噜噜噜"
"chroah_vatel","巴特尔十字架"
"chroche_latel_pastalie","钟形罩致命帕斯塔利亚"
"chrom_(fire_emblem)","克罗姆（火焰之纹章：觉醒），克罗姆"
"chrom_(spring_exalt)_(fire_emblem)","火之纹章，春日，铬色"
"chromapan","3个芒果图案，蒙古风格艺术"
"chromatic_aberration","色差"
"chrome_(pgr)","铬色_（惩罚主题：灰鸦）"
"chrono_crusade","克鲁诺圣战"
"chrono_harlaown","克洛诺·哈劳恩，克拉奥恩·哈劳恩"
"chroong","克罗马农人"
"chrysa_(_sa0ru)","年雨_微德"
"chu_dong","冬季1116"
"chu_x_chu_idol","楚楚偶像"
"chuck_(pokemon)","志岛_(宝可梦)"
"chun-li","春丽，楚莉"
"chunbuchou","机飞，寻大迅"
"chung_seiker","chung_(elsword)，钟_(艾尔之剑)"
"chunhwei_lee","春晖_李，上官婉玉"
"chuo_academy_school_uniform","中央学院制服，中央大学校服"
"chupimaro","提尤皮马罗"
"chuppa_(katotsuba)","帕丘"
"church","教堂"
"chuukan_kanriroku_tonegawa","mr._tonegawa:_中层管理的烦恼"
"chuunibyou_demo_koi_ga_shitai!","中二恋爱，中二病演示：我想要恋爱，爱情，中二病与其他妄想，喜欢中二病与其他妄想"
"chuunioniika","鬼姐姐，斯派克·威布尔，斯派克威布尔"
"chuuou_higashiguchi","中央高，中央高中"
"chuushuu_meigetsu_miku","初音未来（收获之月）"
"chuuten_(clam_chowder)","中二_(中二病)"
"chypre_(heartcatch_precure!)","奇普雷_(光之美少女)"
"cia_(hyrule_warriors)","CIA_（塞尔达无双）"
"cicada_block_(meme)","蝉块"
"cidolfus_orlandeau","西多尔法斯·奥兰杜"
"ciel_(mega_man)","西尔_洛克人，西尔_合金战士"
"ciel_sacred","ciel_(mishima_kurone)，苍空_(三岛黑音)"
"cigar","雪茄"
"cigarette","香烟"
"cigarette_pack","香烟盒"
"cigma","草间"
"cilan_(pokemon)","Dent_（宝可梦）"
"ciloranko","基皮卢斯，云克"
"cinamon_(cinamori)","肉桂色，dspring426"
"cinder_dryad_(voice_actor)","灰烬树精瓦"
"cinderella_(nikke)","anachiro_(nikke)，安纳奇罗_(尼kke)"
"cinderella_dream_(idolmaster)","灰姑娘梦"
"cindy_aurum","西德尼·奥鲁姆，西德尼（最终幻想15），西德尼（最终幻想系列），辛迪（最终幻想15）"
"cindy_campbell","辛迪·坎贝尔"
"cinnabar_(houseki_no_kuni)","真沙_（冰之国）"
"cinnabarbie","亚洲肯德里克·霍顿，亚洲芭比，朱红芭比EXO"
"cinnamon_(mega_man)","肉桂色"
"cinnamon_(nekopara)","肉桂_(纱世莉)"
"cinndvl","恶魔灯笼"
"cinque_izumi","泉信辅"
"cioccolatodorima","巧克力君，罗塞尔-D"
"circe_(fate)","喀耳刻_(命运/冠位指定)"
"circle","圆圈"
"circle_cut","单行本概念预告图"
"circle_formation","环形阵型，放射状布局"
"circle_name","封绘署名"
"circle_skirt","圆领连衣裙，露肩连衣裙，开叉裙子"
"circlet","头冠"
"circuit_board","电路板"
"circussion","立方体_马戏表演"
"cirilla_lin","西里尔字母"
"cirucci_sanderwicci","奇鲁奇·雷霆女巫"
"cis_(carcharias)","鼠鲨！，紫荆花，枕子娘_(nacoll)"
"cismlyri","ama_i_zzz，kei_(隐藏)"
"cissnei","手里剑_女性"
"citemer","流落雨8888"
"citez_456","城市名"
"citrus7763","用户cvsr8384"
"citrusarjun","阿琼_FGO，甘甘与阿琼"
"citti_(show_by_rock!!)","cheety_(由rock!!呈现)"
"city","城市"
"city_lights","城市灯光背景"
"cityscape","城市背景"
"cla_(finesoda)","细苏打水"
"clair_(pokemon)","伊布奇_(宝可梦)"
"clair_vaux_bernardus","克莱尔·伯纳杜斯"
"claire_stanfield","葡萄酒"
"clam","蛤蜊"
"clamp_(circle)","Clamp工作室"
"claparo","风景照片"
"clapping","鼓掌"
"clara_dolls_(madoka_magica)","虚假城市中的儿童，伪造都市里的孩童"
"clarence_clayden","思兰"
"clarent_(fate)","克雷伦特剑"
"clarissa_(epic_seven)","克拉丽莎_(史诗7)"
"clarisse_(fire_emblem)","库拉涅"
"clark_(159123)","美咲159123"
"classroom","教室"
"claude_(housamo)","克劳德_（东京放课后的召唤师们）"
"claude_c._kenny","克劳德·肯尼"
"claude_von_riegan","克劳德（火焰之纹章：三屋）"
"claudette_(queen's_blade)","克劳黛特"
"claudia_hortensia","克劳迪娅·奥滕西娅"
"claus_lester","克拉思·莱斯特"
"claw_(weapon)","爪(武器)"
"claw_pose","嘎哦"
"claw_ring","手指护甲戒指"
"claws","爪"
"clay_(clayjun)","黏土_(1517036882)，黏土42，黏土君，黏土君1"
"clay_(pokemon)","雅贡_(宝可梦)"
"clay_terran","青井大志"
"claymore_(series)","大剑"
"cle_masahiro","克莱斯塔，久世正广"
"cleaning","打扫"
"cleaning_eyewear","清洁眼镜"
"cleaning_rag","抹布，破布"
"clear_(princess_connect!)","quria_（公主连结！）"
"cleavage","乳沟"
"cleavage_cutout","露出的乳沟"
"cleave_gag","被封住嘴"
"cleaver","砍肉刀"
"cleft_of_venus","蜜缝"
"clem_(calmeremerald)","平静绿宝石色，数字指甲"
"clemont_(pokemon)","柠檬宝可梦"
"clenched_hand","握紧的手"
"clenched_hands","紧握的双手"
"clenched_teeth","牙齿紧咬"
"cleo_(dragalia_lost)","clau_（失落的龙族）"
"cleopatra_(fate)","克利奥帕特拉_(命运/冠位指定)"
"clero_(viprimo)","克莱罗维普里莫"
"clevelad_(azur_lane)","小克利夫兰_(碧蓝航线)"
"cleveland_(reaper_fever)_(azur_lane)","克利夫兰_（恶魔热）_（碧蓝航线）"
"cliff","悬崖"
"climbing","攀爬"
"clip_(weapon)","弹药夹，子弹夹"
"clipboard","写字板"
"clitoral_hood","阴蒂包皮"
"clitoral_stimulation","玩弄阴蒂"
"clitoris","阴核"
"clitoris_clamp","阴蒂夹具"
"clitoris_leash","阴蒂束缚带"
"clitoris_piercing","阴核环"
"clitoris_pull","阴蒂拉伸"
"clitoris_slip","阴蒂滑套，阴蒂滑片"
"clitoris_torture","阴蒂折磨"
"clitoris_tweak","阴蒂改造"
"clive_(fire_emblem)","克莱夫"
"cloak","斗篷"
"clock","时钟"
"clock_eyes","独眼人"
"clock_tower","钟楼"
"clona","冬夏"
"clone","克隆"
"cloneko_(zelmeledf2)","尤米克隆"
"cloritin","库洛莉钦"
"close-up","特写镜头"
"closed_curtains","拉上的窗帘"
"closed_eyes","闭上的眼睛"
"closed_fan","折扇"
"closed_lab_coat","封闭式实验服"
"closed_mouth","闭着的嘴"
"closed_umbrella","收着的伞"
"cloth","布"
"cloth_gag","OTM搞笑桥段"
"clothed_animal","有衣着的动物"
"clothed_bath","穿着衣服洗澡，穿衣淋浴，穿着衣物冲澡"
"clothed_female_nude_female","穿着衣服的女性和裸女"
"clothed_female_nude_male","穿着衣服的女性和裸男"
"clothed_male_nude_female","穿着衣服的男性和裸女"
"clothed_male_nude_male","穿衣男性，裸体男性，/cmnm，cmnm，裸体男性，穿衣男性"
"clothed_masturbation","穿着衣服自慰"
"clothed_pokemon","有衣着的口袋妖怪"
"clothed_sex","着衣性交"
"clothes","衣服"
"clothes_around_waist","衣服系在腰上"
"clothes_between_breasts","衣服勒在乳沟里"
"clothes_between_thighs","衣物挂到大腿之间"
"clothes_down","褪下衣物"
"clothes_gag","被堵住嘴巴的衣服"
"clothes_grab","扯着衣物"
"clothes_hanger","衣架"
"clothes_lift","掀起衣物"
"clothes_on_and_off","穿着衣服/脱掉衣服"
"clothes_pin","衣夹，衣服夹子，衣夹们，衣物夹"
"clothes_pull","拉开衣物"
"clothes_removed","脱下的衣服"
"clothes_shop","服装店"
"clothes_theft","偷衣服"
"clothes_tug","拖拽衣服"
"clothes_writing","印着字的T恤"
"clothesline","晒衣服"
"clothing_aside","将衣服放在一旁"
"cloud","云"
"cloud_hair","云絮状发型"
"cloud_print","云状印花"
"cloud9","cloud_9_(团队)，cloud9_(团队)"
"cloudxmoe","莫艾克斯云"
"cloudy_sky","多云天气"
"cloudyman","云人"
"clover","三叶草"
"clover_dot_(clov_erd)","丁香花，丁香植物"
"clover_hair_ornament","三叶草发饰"
"clow_card","纸牌魔术"
"club","棍棒"
"club_(shape)","梅花(扑克)"
"club_(weapon)","俱乐部"
"club3","奈奈亚_(大江林)"
"clueless","毫无察觉的"
"clumsy_nun_(diva)","主角修女（歌后型）"
"cmoku","赤木CC"
"cnoc_na_riabh_(fate)","诺克纳雷亚_（命运）"
"coa_(chroo_x)","pjrmhm_coa，未知含义标签"
"coat","外套"
"coattails","燕尾"
"coba_(coba_xp)","夜子黑帮风（系别）"
"cobra_(cobra_63)","airi9，cobra_（艺术家）"
"cobra_no_oyatsu","黑子酱"
"coca-cola","可口可乐"
"coccix","马扎克"
"cock_ring","阴茎环"
"cocking_gun","滑轨滑动效果"
"cockpit","外套"
"cockroach","蟑螂，蜚蠊，蟑虫"
"cocktail","鸡尾酒"
"cocktail_dress","(社交场合穿的)短裙"
"cocktail_glass","鸡尾酒杯"
"cocktail_umbrella","雨伞饮品"
"coco_(aikatsu_friends!)","可可_(爱卡茨朋友！)"
"coco_(setawar)","节川"
"coco_(yes!_precure_5)","可可_(光之美少女)"
"cocodar","锌库赛3850"
"cocokana","il_cocokana，伊尔·科科卡纳"
"cocoloco","心心念念"
"cocomeen","ddyozy，nanashi_（大一）"
"cocona_vatel","科科娜·巴特尔"
"cocontma","无色菌落"
"coconut","椰子"
"coconut_(nekopara)","椰子_(沙耶香)"
"cocoon_(loveririn)","茧_(pixiv479260)"
"cocotsuko1204","美玉莫拉"
"cocozasa","玩波波游戏"
"code_geass","反叛的鲁路修R2，代码Geass"
"code_geass:_boukoku_no_akito","代码地理亚斯：流放者阿基托"
"code_geass:_fukkatsu_no_lelouch","代码几何学：反叛的莱卢什"
"code_geass:_soubou_no_oz","代码几何学：反叛的鲁路修"
"coefont","coefont工作室"
"coelacanth_(gyotaku)","千兵介"
"coffee","咖啡"
"coffee_cup","咖啡杯"
"coffee_maker","咖啡机_(物品)"
"coffee_mug","马克杯"
"cofffee","ffff咖啡，保存场景A"
"coffin","棺材"
"coffret_(heartcatch_precure!)","Precure主题礼盒"
"cogecha","小鸡仔_(coge_ch)"
"cogita_(pokemon)","我思故我在_宝可梦"
"coin","硬币"
"coin_(pokemon)","欧米_(宝可梦)"
"coin_rand","随机选择（艺术家）"
"coke-bottle_glasses","厚如玻璃瓶底的圆眼镜"
"coke0502","akibin_0502的中文名称"
"cola_(gotouryouta)","可乐_(pixiv810305)"
"cola-alter","可乐变体"
"cold","寒冷的"
"cold_pack","散热垫"
"colette_brunel","布鲁内尔领结"
"collage","拼贴画"
"collar","项圈"
"collar_tug","拉领子动作"
"collarbone","锁骨"
"collarbone_piercing","锁骨穿刺"
"collared_blouse","翻领短衫"
"collared_dress","有领连衣裙"
"collared_jacket","翻领夹克"
"collared_shirt","翻领衬衫"
"cologne_(heartcatch_precure!)","柯琳娜_(美少女战士)"
"colombia_pose_(meme)","哥伦比亚姿势"
"colonel_(mega_man)","洛克人X上校"
"colonel_olcott_(fate)","奥尔科特上校（命运/冠位指定）"
"color_banding","贴图化处理"
"color_connection","色彩关联"
"color_guide","色标卡"
"color_halftone","放映"
"color_trace","原画"
"colorado_(kancolle)","科罗拉多_(舰队Collection)"
"colored_extremities","更暗色的手臂，更暗色的手"
"colored_eyelashes","彩色的睫毛"
"colored_eyepatch","蓝色眼罩，棕色眼罩，绿色眼罩，橙色眼罩，粉色眼罩，紫色眼罩，红色眼罩，黄色眼罩，水色眼罩"
"colored_inner_hair","内层挑染"
"colored_pencil","彩色铅笔"
"colored_pencil_(medium)","彩色铅笔画"
"colored_pubic_hair","阴毛颜色"
"colored_smoke","蓝色烟雾，绿色烟雾，粉色烟雾，红色烟雾"
"colored_speech_bubble","彩色思维气泡"
"colored_stripes","多彩条纹"
"colored_tips","双色染发，发梢磨白处理"
"colorful","五彩斑斓的"
"colosseum","竞技场"
"colress_(pokemon)","赤红玛瑙_宝可梦"
"colt_(monster_farm)","小马驹_(怪物牧场主)"
"colt_9mm_smg","柯尔特冲锋枪，RO635"
"colt_commando","CAR-15步枪"
"colt_revolver_(girls'_frontline)","柯尔特M1873_（少女前线），柯尔特M1873_（少女前线），SAA_（少女前线）"
"colt_single_action_army","小马萨阿"
"columbina_(genshin_impact)","达姆塞莱特_原神，达姆塞莱特_原神"
"column","柱子"
"column_lineup","立绘并列"
"comaya","昏迷状态_(light825)"
"comaza","小光"
"comb","梳子"
"combat_boots","军用靴"
"combat_helmet","军用头盔"
"combat_medic","军医"
"come_hither","诱受"
"comforting","安慰"
"comic","漫画"
"comic_lo","可爱，萌趣"
"comic_panel_redraw","漫画分页重绘"
"comically_sharp_chin","耽美中国风"
"command_&_conquer","命令与征服"
"command_&_conquer:_red_alert_2","命令与征服：红色警戒2"
"command_&_conquer:_red_alert_3","命令与征服：红色警报3"
"command_spell","令咒"
"commandant_(pgr)","指挥官_（惩罚模式：灰鸦）"
"commandant_teste_(kancolle)","指挥官特斯特_（舰队Collection）"
"commander_(azur_lane)","海军上将_（碧蓝航线），诗季香_（碧蓝航线）"
"commander_(girls'_frontline)","指挥官_《少女前线》，诗季香_《少女前线》"
"commander_(girls'_frontline)_(xiujia_yihuizi)","少女前线指挥官（修佳雨姬子），少女前线指挥官（修佳雨姬子）"
"commander_(nier:automata)","白指挥官，约尔哈指挥官，约尔哈步兵小队指挥官"
"commander_shepard_(female)","女性牧羊人"
"commando_(movie)","《突击队》（电影）"
"commeowdore","尼佩塔420"
"common_raccoon_(kemono_friends)","浣熊_(动物朋友)"
"communism","共产主义者"
"comp_h's","conpu_h的"
"company_connection","联动"
"company_name","有版权署名"
"comparison","对比图"
"compass","指南针"
"competition","竞赛"
"competition_school_swimsuit","竞泳死库水"
"competition_swimsuit","赛用泳衣"
"completely_nude","全裸"
"completion_time","绘制时间"
"compound_eyes","昆虫眼睛"
"computer","计算机"
"computer_keyboard","电脑键盘"
"computer_mouse","鼠标_(电脑)"
"comugikun","motamo_(motamotri)，莫塔莫_(莫塔莫特里)"
"con_(fate)","kon_(fate)，命运系列"
"concealed_weapon","隐藏刀刃"
"concept_art","概念艺术"
"conconcon1031","comacomavlog视频日志"
"condensation_trail","飞机云"
"condenser_unit","空调冷凝器，空气调节器冷凝器，室外机"
"condom","避孕套"
"condom_in_mouth","口叼避孕套"
"condom_on_penis","戴避孕套"
"condom_packet_strip","避孕套包装"
"condom_wrapper","避孕套包装"
"condom_wrapper_in_clothes","衣服里的避孕套"
"conductor_baton","指挥棒，乐器指挥棒"
"cone_hair_bun","发箍"
"confession","表白"
"confetti","彩色纸屑(祝贺)"
"confetti_ball","串珠，派对球"
"conjoined","连体双胞胎"
"connie_springer","康妮·斯普林格"
"conohi_(snvcenni)","conohi_(onisnvc)，古诺希_(onisnvc)"
"consensual_tentacles","非强行的触手侵犯"
"consome_(consome_kitchen)","胡里伊格雷"
"constellation","星座"
"constricted_pupils","收缩的瞳孔"
"contamination_(contami0813)","污染"
"conte_ryuu","苍龙计数"
"contemporary","现代改编"
"contender_(girls'_frontline)","《少女前线》竞争者"
"content_rating","年龄分级，评分"
"contllenge","邻居"
"conto","conto_(已删除)，contos，talez01"
"contrail","凝结尾迹，航迹云，水汽尾迹，水汽尾迹群"
"contrapposto","对立式平衡"
"control_rod_(touhou)","控制杆"
"controller","控制器"
"convenience_store","便利店"
"convenient_arm","遮住关键部位的手臂"
"convenient_censoring","简单巧妙的打码"
"convenient_leg","挡住关键部位的腿"
"convenient_skirt","魔法裙摆，特佩基裙装"
"convention_greeting","展会问候"
"cookie","曲奇"
"cookie_cutter","饼干模具"
"cooking","烹饪"
"cooking_idol_ai!_mai!_main!","AI！_Mai！_Main，烹饪偶像AI！_Mai！_Main，烹饪偶像AI Mai Main"
"cooking_pot","煮菜锅"
"cool_&_sexy_(idolmaster)","酷炫与性感（偶像大师）"
"cool_doji_danshi","冷静点，伙计们"
"cool-kyou_shinja","久留宫真夏"
"cooler","冷藏器"
"cooler_(dragon_ball)","《龙珠》酷拉皮卡"
"coomer_(meme)","蹲守党"
"coopa","库巴"
"cooperative_buttjob","双肛交，多重肛交"
"cooperative_fellatio","多次口交"
"cooperative_footjob","多次脚交"
"cooperative_grinding","双重研磨"
"cooperative_handjob","多次手淫"
"cooperative_naizuri","多重蓝色"
"cooperative_paizuri","多重派兹丽"
"copy_x_(mega_man)","复制_x"
"copyright","版权"
"copyright_name","版权署名"
"copyright_notice","保留所有权利，版权声明，商标通知"
"copyright_request","复制，系列请求"
"coral","珊瑚"
"coral_(pokemon)","三江_(宝可梦)"
"corded_phone","有线电话"
"cordelia_(fire_emblem)","蒂亚莫"
"cordelia_(knight_paradise)_(fire_emblem)","科迪莉亚_（夏日）_（火焰之纹章）"
"cordelia_(perfect_bride)_(fire_emblem)","科迪莉亚_（新娘装）_（火焰之纹章）"
"core","史莱姆核心"
"core_(girls'_frontline)","核心_(少女前线)"
"core_(mayomayo)","核心艺术家"
"corn","玉米"
"corn_dog","玉米热狗"
"corn_kuten","锥形爆发，贪食之翼"
"cornea_(asteroid_ill)","角膜（异形结构）"
"cornelia_li_britannia","科妮莉亚·李·布里塔尼亚"
"corneria_(atelier)","科妮莉亚_（工坊）"
"coronavirus_pandemic","新冠疫情大流行"
"corpse","尸体"
"corriente_(show_by_rock!!)","东方风格"
"corrin_(dragon)_(fire_emblem)","科琳_(火焰之纹章)_(龙)"
"corrin_(female)_(fire_emblem)","科琳（火焰之纹章），女性角色，我的部队成员（火焰之纹章IF）"
"corrin_(female)_(novice_vacationer)_(fire_emblem)","科琳（女性），夏日，火焰之纹章，科琳（夏日），火焰之纹章（女性）"
"corrin_(fire_emblem)","火之纹章伊芙的化身，火之纹章伊芙的科琳，火之纹章伊芙的神威，火之纹章伊芙的我方单位"
"corrin_(male)_(fire_emblem)","科琳（火焰之纹章），男性角色，我的部队成员（火焰之纹章if）"
"corrugated_galvanized_iron_sheet","波纹镀锌铁板，波纹金属板"
"corrupted_file","损坏的图片，损坏的视频"
"corrupted_metadata","损坏的EXIF数据"
"corruption","恶堕|婊子化"
"corsage","胸前口袋里的花朵"
"corset","束腰"
"cosmic_&_funny_(idolmaster)","充满科幻感的搞笑，《偶像大师》相关"
"cosmic_bear","k3_（太糟糕了）"
"cosmos_(the_crying_moon)","沙由里_艺术家"
"cosplay","角色扮演"
"costume","服装"
"costume_switch","服饰互换"
"cotelier","mai_(tsupiem)，舞衣_(tsupiem)"
"cotocoto","琴音"
"cotoji","琴次，琴次"
"cotori_(globule)","共同小体"
"cototiworld","二旋翼飞行器"
"cotta_(heleif)","cotta_(artstation)，赫莱夫"
"cotton_candy","棉花糖"
"cotton_swab","棉花蕾，棉签"
"cottontail_(voice_actor)","棉尾兔_(弗吉尼亚州)"
"couch","沙发"
"cougar_(cougar1404)","1404岁的熟女"
"coughing","咳嗽"
"coughing_flowers","花灼病，吐花现象"
"countdown","倒计时"
"counter","柜台"
"counter-strike_2","反恐精英：全球攻势"
"counter:side","反面"
"couple","情侣"
"courreges_accel","库雷热·阿克塞尔"
"courtney_(pokemon)","辉夜_(宝可梦)"
"cousins","表亲"
"couter","考特"
"cover","封面"
"cover_image","封面图片"
"cover_page","封面"
"covered_collarbone","有衣物裹住的锁骨"
"covered_eyes","蒙住的眼"
"covered_face","蒙脸"
"covered_groin","胯部轮廓，腹股沟轮廓"
"covered_mouth","蒙住的嘴"
"covered_navel","隐约入目的肚脐"
"covered_nipples","激凸的乳头|隐约可见的乳头"
"covered_testicles","衣服下的睾丸"
"covering","遮盖的动作"
"covering_ass","遮着臀部"
"covering_breasts","遮着乳房"
"covering_crotch","遮着裆部"
"covering_eyes","遮住眼睛"
"covering_face","挡住脸"
"covering_mouth","挡住嘴巴"
"covering_nipples","挡住乳头"
"covering_one_breast","遮盖胸部"
"covering_one_eye","遮盖眼睛"
"covering_own_ears","捂住耳朵，双手遮盖耳朵"
"covering_own_eyes","遮住眼睛，双手掩面"
"covering_own_mouth","捂住嘴巴，双手遮住嘴巴，用手盖住自己的嘴巴，遮掩嘴巴"
"covering_privates","遮盖物"
"covering_with_blanket","盖好被子"
"cow","牛"
"cow_ears","牛耳朵"
"cow_girl","牛娘"
"cow_horns","牛角"
"cow_print","奶牛系印花"
"cow_tail","牛尾"
"cowbell","牛铃"
"cowboy","牛仔"
"cowboy_boots","牛仔靴"
"cowboy_hat","牛仔帽"
"cowboy_shot","七分身镜头"
"cowboy_western","西部风格"
"cowfee","足够好"
"cowgirl_position","女上位"
"coyote_starrk","科约特·斯塔克"
"coyucom",".com_(cu_105)，哭泣表情"
"cozyu","小城由宇"
"cpieng","cp_.ieng，英格"
"cpu_(hexivision)","CPU_（艺术家名）"
"cqqqqdaze","可爱兽耳，空空如也"
"crab","螃蟹"
"crab_d","达尔-朗格"
"crack","裂痕"
"cracked_glass","裂痕镜片"
"cracker","饼干"
"crackingtaro","奇迹苏里"
"cradle_(circle)","摇篮_(艺术家)"
"craft_essence","概念礼装"
"craft_essence_(fate)","工艺精髓"
"craft_lawrence","劳伦斯·克拉夫特"
"crane_(animal)","鹤（鸟类）"
"crane_(machine)","起重机"
"crane_game","爪状鹤，机械爪，UFO捕捉器"
"crash_man","坠机者"
"crasher_wake","真希志_(宝可梦)"
"crate","大木箱"
"cravat","男式领巾"
"crayfish","小龙虾，淡水龙虾，泥虫"
"craymond_(splatoon)","艾比_(喷射战士)"
"crayon","蜡笔"
"crazy","病娇"
"crazy_eyes","坏掉的眼神"
"cream","奶油"
"cream_(nipakupa)","cream_(艺术家)"
"cream_puff","奶油泡芙，水果塔"
"creamyghost","ck_(26982497)，克克_(26982497)"
"creator_(ragnarok_online)","生化学家_(诸神黄昏在线)"
"creator_connection","同个原作者的角色们的同人"
"creature","创造物"
"creature_and_personification","拟人化(含对比)"
"creature_as_food","宝可梦作为食物"
"credits_page","书脊"
"creepy_chin_joey_wheeler_(meme)","令人毛骨悚然的乔伊·惠勒下巴造型"
"crepe","可丽饼"
"crescent","月牙"
"crescent_earrings","月牙耳环"
"crescent_hair_ornament","月牙发饰"
"crescent_moon","新月"
"crescent_pin","新月形别针"
"crescent_rose","新月玫瑰"
"crescentia_fortuna","克雷森西亚，奈由鲁"
"cress_(pokemon)","玉米_(宝可梦)"
"cress_albane","克蕾丝·阿尔文"
"crested_ibis","日本凤头鹮"
"crestren","cresxart艺术风格"
"crime_city_miss_fortune","黑手党，幸运小姐"
"crime_prevention_buzzer","个人闹钟"
"cris_art","cris_(crisart)，克里斯(克里斯艺术)"
"crisis_core_final_fantasy_vii","危机核心，最终幻想7危机核心"
"criss-cross_halter","交叉吊带"
"cristina_valenzuela","克里斯蒂娜·薇"
"crocodile_(one_piece)","鳄鱼先生"
"crocodilian_tail","鳄鱼尾，短吻鳄尾"
"croissant_(seeker)_(arknights)","《明日方舟》探索者牛角面包"
"crona_(soul_eater)","真希·克罗娜"
"crooked_eyewear","眼镜滑落"
"crop_top","露腹短上衣"
"crop_top_overhang","乳帘"
"cropped_jacket","短夹克"
"cropped_legs","只画了一部分腿"
"cropped_shirt","短衬衫"
"cropped_torso","只画了一部分躯干"
"cropped_vest","小款背心"
"croriin","clip_(ririasu)，莉莉亚丝片段"
"crosier","西方牧师法杖"
"cross","十字"
"cross_academy_school_uniform","跨学院制服"
"cross_earrings","十字耳环"
"cross_hair_ornament","十字发饰"
"cross_halo","十字形光环"
"cross_necklace","十字架项链"
"cross_pasties","糊状物，面团状物体"
"cross_print","十字架元素图案"
"cross_regalia","吸血公主的十字圣甲守护物"
"cross_scar","X_Scar角色"
"cross_tie","X形项圈"
"cross-eyed","斗鸡眼，斜视眼"
"cross-laced_clothes","交叉花边服饰"
"cross-laced_footwear","交叉系带鞋"
"cross-laced_top","交叉系带衬衫"
"cross-section","截面图"
"crossbow","弩"
"crossdressing","(变装)女装|男装|女装男子|女装"
"crossed_ankles","交叉脚踝"
"crossed_arms","交叉双臂"
"crossed_bandaids","创可贴元素"
"crossed_bangs","交叉的刘海"
"crossed_legs","交叉的腿"
"crossed_swords","剑交叉姿势"
"crossette_(xenoblade)","日向花_(异度神剑2)"
"crosshair","准星"
"crossover","跨界作品"
"crosswalk","人行横道"
"crotch","胯部"
"crotch_cutout","心形胯部镂空设计"
"crotch_grab","抓住凸起物"
"crotch_kick","腹股沟踢击"
"crotch_mousepad","中国脚垫"
"crotch_plate","裆部有特别覆盖物"
"crotch_rope","裆部勒着的绳子"
"crotch_rub","摩擦裆部"
"crotch_seam","裆部的缝"
"crotch_stomping","踩跨裆部"
"crotchless","开裆的"
"crotchless_panties","开档内裤"
"crouching_start","库劳钦开场"
"crow","乌鸦"
"crow_(crowatelier)","jude_（少数族裔紫罗兰）"
"crow_(gravity_daze)","渡鸦_(重力冲刺)"
"crow_(siranui)","黑_白流"
"crowd","人群"
"crown","王冠|皇冠"
"crown_braid","法式冠编发"
"crrn","雷布努伊"
"crt","老式电视机"
"crusader_(darkest_dungeon)","雷诺尔德_（最黑暗的地牢）"
"crushing","暗恋对象"
"crusty_sean","《喷射战士》罗布"
"crutch","拐杖"
"crybringer","杰森·罗宾逊"
"crying","哭"
"crying_with_eyes_open","睁着眼落泪"
"crymsie","瑞秋·布维耶"
"cryokinesis","冰系魔法，冰之法术，操控冰雪"
"crystal","矿石"
"crystal_ball","水晶球"
"crystal_earrings","水晶耳环"
"crystal_hair","水晶状的头发"
"crystal_horns","水晶角"
"crystal_night_party_(idolmaster)","水晶之夜派对"
"crystal_shards","水晶碎片"
"crystal_sword","冰剑"
"crystalsugarstars","一瓶星星"
"cs_(connectedskyy)","cs_(用户_rysm3224)"
"cscarus","赢嘴于微博的成长"
"ct-08","指挥坦克08"
"cteno_(slugbox)","栉水母"
"cthugha_(housamo)","cthugha_（东京放课後召唤师）"
"cthulhu_mythos","洛夫克拉夫特"
"ctn_sasuke","勘十郎"
"cu_chulainn_(caster)_(fate)","库丘林_(命运/冠位指定)"
"cu_chulainn_(fate)","库丘林_(命运)_全系列"
"cu_chulainn_(fate/stay_night)","枪骑兵"
"cu_chulainn_alter_(fate)","库丘林Alter_（命运/冠位指定）"
"cu_sith_(housamo)","库西斯_（东京放学后召唤师）"
"cube","立方体"
"cube_hair_ornament","发块"
"cube_x_cursed_x_curious","c3，c3:_立方体_诅咒_好奇，c立方体"
"cubed_(houkuaid)","后快"
"cubesona","色情内容"
"cuboon","米斯米"
"cucouroux_(granblue_fantasy)","库库鲁_（碧蓝幻想）"
"cucumber","黄瓜"
"cuddling","拥抱"
"cuderia_von_feuerbach","科迪莉亚·冯·费尔巴哈，科迪莉亚·冯·费尔巴哈"
"cue_stick","台球杆"
"cuff_links","袖扣，袖扣，袖扣们"
"cuffs","手铐"
"cui_pi_zha_xia_qiu","用户_yeuh8484"
"cuisine_dimension","辽丽公园"
"culton","风暴零号"
"culture_japan","丹尼丘_（网站）"
"culumon","卡路蒙"
"cum","精液"
"cum_in_ass","肛门内射"
"cum_in_clothes","衣服里射精，过膝袜内射精，衣物下方射精"
"cum_in_cup","玻璃杯内射精"
"cum_in_footwear","鞋内射精"
"cum_in_mouth","口内射精"
"cum_in_pussy","内射|中出"
"cum_on_ass","射在屁股上"
"cum_on_body","射在身上"
"cum_on_boy","射在男性身上"
"cum_on_breasts","射在胸上"
"cum_on_clothes","射在衣服上"
"cum_on_eyewear","在眼镜上射精"
"cum_on_figure","人物身上有精液"
"cum_on_hair","射在头发上"
"cum_on_hands","手握精液"
"cum_on_headwear","在帽子上射精"
"cum_on_legs","射在腿上，射在大腿上"
"cum_on_lower_body","射在下半身上"
"cum_on_male","在男孩身上射精"
"cum_on_pectorals","胸肌上的精液"
"cum_on_pussy","射在阴部上"
"cum_on_self","射在自己身上"
"cum_on_stomach","射在嘴里"
"cum_on_tongue","射在舌头上"
"cum_on_upper_body","射在上半身"
"cum_overflow","溢出"
"cum_pool","淌成一滩的精液"
"cum_string","拉丝的精液"
"cum_swap","精液交换，雪球式升级"
"cum_while_penetrated","射在后庭里"
"cumdrip","溢出的精液(已拔出)"
"cunnilingus","舔阴"
"cuntouxiaoyeju","秋丽改嫁版"
"cup","杯子"
"cup_on_head","头上戴着玻璃罩"
"cup_ramen","杯面"
"cupcake","纸杯蛋糕"
"cupid_(housamo)","丘比特_（东京放课后的召唤师们）"
"cupid_kirby","天使柯比"
"cupless_bra","高露出度胸罩"
"cupping_hands","合十的手掌"
"curacoa_(azur_lane)","库拉索_(碧蓝航线)"
"curakuru","咔咔声"
"cure_nico","顺次位"
"cure_sky_(dark)","暗色治愈之空，暗色天空（光之美少女）"
"curious","好奇心"
"curled_horns","弯曲的角"
"curly_hair","卷发"
"curran_(dragalia_lost)","柯伦"
"curry","咖喱"
"curry_rice","咖喱饭"
"currynoodle_art","耶奥·伊·恒"
"curse_maker","六芒星施法者（怪兽），法师（怪兽）"
"cursed_m4a1_(meme)","被诅咒的M4A1步枪"
"cursor","光标"
"curss","奇异幻想"
"curtain_call_challenge_(meme)","谢幕挑战"
"curtained_hair","丝带刘海"
"curtains","窗帘"
"curtsey","(女子的)屈膝礼"
"curvy","展现魅力的姿势"
"cushion","坐垫"
"custom_(cus-tom)","自定义"
"cut_man","剪辑师"
"cut-here_line","分割线"
"cute_&_girly_(idolmaster)","cute&girly (偶像大师)"
"cutepet","色气明星，色气明星！"
"cutesexyrobutts","机器人"
"cutie_honey","可爱甜心"
"cutlass","弯刀_（剑类）"
"cutoffs","热裤"
"cuts","割伤"
"cutting_board","砧板"
"cutting_hair","剪头发"
"cwind","国庆节"
"cyan_garamonde","卡宴·加拉蒙德"
"cyan_sung-sun","阳光灿烂"
"cyaron!_(love_live!)","赛隆_(LoveLive!)"
"cyber_elf_(mega_man)","网络精灵"
"cyberpunk","赛博朋克"
"cyberunique","里卡多·兰德尔"
"cyborg","赛博人类"
"cyclone_(reizei)","旋风"
"cyclops","独眼巨人"
"cygnet_(an_offer_to_be_maid)_(azur_lane)","天鹅_(已完成献祭)_(碧蓝航线)"
"cygnus_hyouga","天鹅座辉夜"
"cyjalway","小型反转_（cyjalway）"
"cyllene_(pokemon)","岛波希_(宝可梦)"
"cymbals","钹声"
"cynthia_(pokemon)","希罗娜_(宝可梦)"
"cynthia_(uuzz5324)","骆驼色，马尔色"
"cyobiro","凤尾鱼_最终幻想14"
"cyrillic","斯拉夫文"
"cyrus_(pokemon)","赤红龙_(宝可梦)"
"cyrus_albright","赛勒斯_(八方旅人)"
"cyzir_visheen","rpcshell，vcr_艺术家，粘液质"
"cz_805_bren","cz_bren-2，布伦2"
"cz75_(girls'_frontline)","cz-75_（少女前线），cz-75_（少女前线）"
"d_tomoki","托莫万"
"d-aprken","幼犬量子态，量子幼犬"
"d-art","18岁，飞镖1"
"d-pad","方向键"
"d-pad_hair_ornament","方向键发饰"
"d-wheel","决斗奔跑者"
"d-zhai","PCW内容"
"d._joko","自私者-001"
"d.gray-man","灰人"
"d.koutya","大叔，口茶"
"d.va_(overwatch)","diva_(overwatch)，花音之歌，花音歌曲"
"da_(datako)","百合花"
"da_capo_ii","从头再来_2"
"da_mao_banlangen","艾泽莎的变体"
"da-kuro","达库罗"
"dacha00001","用户_ksmr4253"
"dadijiji","辉夜托鲁"
"daffodil","水仙花，水仙属植物（花朵）"
"dagasi","糖果_(daga2626)"
"dagger","匕首"
"dagon_(housamo)","达贡_（东京放课后的召唤师）"
"dahlia_(xenoblade)","月之女神_(异度神剑)"
"dahlia_hawthorne","宫永千波"
"dai_(uhyoko1102151)","宇洋子"
"daiba_canon","大场加奈子"
"daibanchou","大爆炸年龄"
"daichengqi","琪琪同学呀哇"
"daichi_(tokoya)","托科亚_（前变态娘）"
"daifuku_mame_(kageroudt33)","影红322"
"daijoubu_da_mondai_nai","别担心，一切都没事。"
"daijoubu?_oppai_momu?_(meme)","没问题吗？_巨乳萌妹？"
"daika_(last_origin)","类型37大河"
"daikoku_(housamo)","大黑_（东京放课后的召唤师）"
"daikokuten_(fate)","caster_(学习漫画！FGO)，理世从者_(老鼠)，理世从者_(老鼠)_(命运)"
"daikou-chan","kson_（旧版设计）"
"daimaou_k","大魔王_k"
"daimaou_ruaeru","伦卡鲁亚，斯宾内尔·克兰韦斯（艺术家）"
"dainana_sugune","第七宿根"
"dainatsu","夏日24a"
"dairoku_ryouhei","大六勇平，猎鹰六号"
"daisufuumi","戴斯胡米"
"daisy","雏菊"
"daisy_oak","雏菊_(宝可梦)，七海_(宝可梦)，七海_(宝可梦)，奥基多·七海"
"daitabashi_kinu","奇努_(勒)"
"daitai_konna_kanji","龙平"
"daito_academy_school_uniform","大东学院制服，大东学园校服"
"daitoshokan_no_hitsujikai","像优秀牧羊人一样的优秀图书管理员"
"daitou_(kancolle)","大东_(舰姬Collection)"
"daiwa_scarlet_(umamusume)","大和猩红"
"daizan_(mount_position)","站立姿势"
"daji_(monster_strike)","达基_(怪物打击)"
"dakappa","达加帕"
"dakimakura","抱枕"
"dakimakura_(medium)","抱枕"
"dakimakura_(object)","抱枕(物体)"
"dakku_(ogitsune)","小狐妖_(安卡凯西亚酱)"
"dalloc_(project_moon)","dalloc_（鲁伊纳之书）"
"dalrye_v3","达尔里耶"
"dalujiadebianyuan","辫子娘"
"damage_control_crew_(kancolle)","损害控制小组_（舰姬Collection）"
"damage_control_goddess_(kancolle)","危机处理女神_（舰队Collection）"
"damaged","受损的"
"damao_(all_saints_street)","弗拉基米尔·埃利奥特·基里连科"
"damao_(kiwa777)","撒哈拉夫人"
"damascus_(dearigazu2001)","亲爱的加祖2001"
"damien_dozias","胸骨"
"damobelmont","达莫达尔"
"damon_gant","甘藤海士"
"dampi","hon_(neo2462)，荣誉_(neo2462)"
"dan_evan","艾尔·正"
"dan_heng_(honkai:_star_rail)","丹恒_（崩坏：星穹铁道）"
"dana_iclucia","dana_(ys)，达娜_(ys)"
"danball_senki","小小战斗者的体验"
"danboo","丹波尔，丹博板"
"dance_pad","舞蹈垫，舞蹈平台"
"dancer","舞者"
"dancer_(fire_emblem:_three_houses)","舞者_(三栋房子)"
"dancing","跳舞"
"dancing_pallbearers_(meme)","跳舞的抬棺人"
"dandara_(karakure)","暗黑风格_(龟之南番)"
"dandelion","蒲公英"
"dandelion_(girls'_frontline)","蒲公英_(少女前线)"
"danemaru","波间由里惠"
"dangaiou","丹盖欧"
"danganronpa_(series)","弹丸论破，弹丸论破系列，弹丸论破游戏"
"danganronpa_2:_goodbye_despair","弹丸论破2，弹丸论破2，超级弹丸论破2，超级弹丸论破2，超级弹丸论破2"
"danganronpa_3_(anime)","弹丸论破3，弹丸论破3"
"danganronpa_another_episode:_ultra_despair_girls","绝对绝望少女"
"danganronpa_v3:_killing_harmony","弹丸论破V3，新弹丸论破V3"
"danganronpa:_trigger_happy_havoc","弹丸论破1"
"danganronpa/zero","弹丸论破0"
"dangerous_beast","《危险的野兽》FGO礼装"
"dango","团子"
"dango_(uni_520)","团子_404"
"danha","u_on角色"
"dani_grew","dani_(复古版)，复古动力学，复古_(合成风格)"
"danial","清晓"
"danimaru","伊莉艾娜"
"danish_text","丹麦风格"
"daniwae","丹泽罗，丹泽罗"
"daniyyel+jennifer","丹尼尔+詹妮弗_（魔法少女小圆）"
"danji_bang","丹吉，丹吉_（丹吉爆炸）"
"dankestofdans","丹尼尔·阿伯特顿"
"danmaku","弹幕"
"danmaku_comments","哔哩哔哩弹幕，尼康尼科评论"
"danna_ga_nani_wo_itte_iru_ka_wakaranai_ken","我听不懂我丈夫在说什么，我完全听不懂我丈夫的话"
"dannex009","xennad_eulano，埃乌拉诺·泽纳德"
"danshi_koukou_valentine_(meme)","老师情人节"
"danshi_koukousei_no_nichijou","高中男生的日常生活，尼奇布洛斯"
"dantalian_no_shoka","但丁利亚的神秘图书馆，但丁利亚的秘境档案库，但丁利亚的秘境档案库"
"dantewontdie","尹楠崔"
"danzen","丹尼奇戈，丹信"
"daphne_blake","达芙妮·安·布莱克"
"dappled_sunlight","透过树叶洒下的阳光"
"daram_(shappydude)","呆萌角色"
"daran9","伊露达"
"daraz","daraz18aka，达拉兹18阿卡"
"darius_iii_(fate)","达里乌斯三世（命运/冠位指定）"
"darjeeling_(girls_und_panzer)","大吉岭"
"dark","黑暗"
"dark_areolae","深色的乳晕"
"dark_aura","黑暗的光环|黑暗的气场"
"dark_background","/黑暗背景"
"dark_blue_hair","深蓝色头发"
"dark_duck","鸭子外貌"
"dark_elf","暗精灵"
"dark_jewel_(gem_oblivion)","宝石湮灭"
"dark_labia","黑暗色阴部"
"dark_magician","黑色魔法师"
"dark_magician_girl","黑色魔法师女孩"
"dark_nipples","深色的乳头"
"dark_penis","深色的阴茎"
"dark_persona","黑化"
"dark_pit","黑色坑洞"
"dark_rhongomyniad_(fate)","黑暗罗贡米尼亚德"
"dark_sakura","黑色樱花"
"dark_skin","褐色皮肤"
"dark_souls_(series)","黑暗之魂，魂类游戏（软件相关），魂系列"
"dark_souls_i","黑暗之魂"
"dark_souls_ii","黑暗之魂2"
"dark_souls_iii","《黑暗之魂3》"
"dark-skinned_female","深色皮肤女性"
"dark-skinned_male","深色皮肤男性"
"darker_than_black","/dtb，数据标签框"
"darkereve","达尔文·努涅斯"
"darkmoney","暗金14"
"darkmoon_knightess","暗夜女神"
"darkness","黑暗"
"darkstalkers","黑暗追踪者，吸血鬼（游戏），吸血鬼救世主，吸血鬼救世主（游戏），吸血鬼拯救者"
"darmanitan","日向龙马"
"dart","飞镖"
"darudayu_(show_by_rock!!)","达鲁大宇"
"das_(dan_dan)","用户hxfc2387"
"dasha","莉丝"
"dashed_eyes","泪眼，眼中含线"
"data_(mega_man)","数据_洛克人冲刺"
"date_(senpen)","艺术家日期标签"
"dated","付上日期的"
"dateko_(92m)","达特科"
"datenshi-chan_(nanawo_akari)","数据姬酱"
"dateya_torahachi","莫库金"
"dating","发布日期"
"dave_cheung","乱涂小孩"
"dave_rapoza","无法接受的漫画"
"davi_(dokidoki!_precure)","达比伊_(心跳！光之美少女)，戴维_(光之美少女)"
"david_(fate)","大卫_（命运/冠位指定）"
"david_liu","愤怒，愤怒，亚洲人"
"dawit","杜拉汉1184"
"dawito","大卫·李"
"dawn_(pokemon)","光之宝可梦，白金贝利茨，宝可梦白金，白金贝利茨，宝可梦白金"
"dawn02","黎明_(664387320)"
"day","白天"
"daydarion","日晒肤色"
"db_(dokidoki!_precure)","db_(美少女战士)，真琴的经纪人_(心跳！美少女战士)"
"dbox_2525","用户_xukf7723"
"dbz_(misaki339)","美咲339"
"dclockwork","黄昏/黎明_（艺术家名）"
"dcon_34","D级角色"
"dd_(ijigendd)","dd_(艺术家)"
"ddlcclia","恩尼勒菲尔诺兹特劳"
"ddolbang","呆萌笨蛋1"
"ddu_45","yubto_45，悠人_45"
"dduck_kong","李硕浩"
"dduehddueh","瑟尔南_(dduehddueh)"
"ddungddang","塔克奥"
"de_ruyter_(kancolle)","德鲁伊特_(舰队Collection)"
"de-chan_(belko)","德酱_(洛丽塞普特)"
"de4d_fish","冰冷感"
"dead_aegis","死路护盾"
"dead_animal","尸体"
"dead_or_alive","死亡画面，死亡相关内容"
"dead-robot","新辅·荒井"
"deadbeat_(mori_calliope)","懒汉_(卡利俄珀·莫里)"
"deagle_(deagleiii)","德伊，德斯塞利"
"deal_with_it_(meme)","解决它"
"dean_(momodean)","院长"
"dearly_stars_(idolmaster)","亲爱的星星们"
"death","死"
"death_march_kara_hajimaru_isekai_kyousoukyoku","通往平行世界的死亡进行曲狂想曲"
"death_note","死亡笔记"
"deatiose","深度溅射"
"debris","碎片|残骸"
"debt","负债的"
"decensored","去滤镜版"
"decepticon","霸天虎"
"decim_(death_parade)","德奇姆"
"deck_of_cards","卡牌组"
"decoponmagi","白龙博士"
"ded_(housamo)","ded_（东京放课后的召唤师）"
"dedeko","中国政府部门"
"dedf1sh","八人模式_(喷射战士)"
"deego_(omochi_bazooka)","DGO风格"
"deep_dark_wolf","黑狼"
"deep_penetration","捅到子宫"
"deep_skin","角色的另一面(多指色情)"
"deep_wound","伤口"
"deepthroat","深喉"
"deer","鹿"
"deer_(deer423-81)","deer07_14，14号鹿模型"
"deer_cracker","鹿仙贝"
"deer_ears","驯鹿耳"
"deer_tail","驯鹿尾巴"
"deez_nuts_(meme)","ligma_（迷因）"
"defeat","败北"
"defense_of_the_ancients","Dota游戏"
"defloration","处女"
"defy_(girls'_frontline)","反抗_(少女前线)"
"dei_shirou","橙色泽丽"
"deino_(deino3330)","前田琴太郎"
"deirdre_(fire_emblem)","迪亚多拉_(火焰之纹章)"
"deitaku","帝拓"
"deitycyla","罪恶姬"
"dejiko","迪吉角色_（人物设定）"
"dekitate_evo!_revo!_generation!_(idolmaster)","出立定进化！，重置！，生成！"
"dekoboko_majo_no_oyako_jijou","那位异端女巫的家庭背景"
"dekochin_hammer","氙气火焰"
"deku_(dekunosu)","绿谷出久_(pixiv26269)"
"delia_ketchum","黛莉亚（宝可梦），黛莉亚（宝可梦），小樱（宝可梦），凯奇姆夫人，凯奇姆夫人，凯奇姆夫人，凯奇姆夫人"
"delichuu","迪利皮里皮里"
"deliciousbrain","美味胸部，美味大脑"
"deliciousorange","伊恩·蔡斯"
"delinquent","美国佬"
"deliriumcenter","糖果色，微笑，q7g7q"
"delita_heiral","德莉塔·希拉尔"
"delthea_(fire_emblem)","dyute_（火焰之纹章）"
"deluxe<<<","迪奥_乌瑞伊"
"demcheg","dem4eg，恶魔形象"
"deme_(karesuki)","哭泣"
"demento","阴森之地"
"demeter_(fate)","得墨忒耳_(命运/冠位指定)"
"demi-chan_wa_kataritai","与怪物女孩们的访谈"
"demi-fiend","人仓"
"demian_(project_moon)","德米安_（利姆布斯公司）"
"demon","恶魔"
"demon_boy","恶魔男孩"
"demon_girl","魅魔"
"demon_horns","恶魔的角"
"demon_pillar_(fate)","恶魔之柱_（命运/冠位指定）"
"demon_tail","恶魔尾巴"
"demon_wings","恶魔翅膀"
"demongem","波温格"
"demonio_fleur","恶魔之子_海贼王"
"demonlorddante","魔王"
"den_(fma)","钢之炼金术师_丹波尔"
"den_den_tumuri","mi_(3i_y)，美少女，可爱风格"
"den'ei_shoujo","视频，女孩，人工智能"
"dendra_(pokemon)","宝可梦运动服老师"
"dengeki_moeoh","电击萌系"
"denhijou_niki","美坂美登子0903"
"denim","牛仔布"
"denim_shorts","牛仔短裤"
"denim_skirt","牛仔裙"
"denimcatfish","凯瑟琳·莱诺"
"denjirou_(one_piece)","吉良吉影_(海贼王)"
"denki_showgun","电击将军，电击将军"
"denn_(naluse_flow)","纳鲁塞之流"
"dennou_coil","/dc，二次元风格，动漫角色，日系画风"
"dennou_shoujo_siro","白子_（科幻少女油管主白子），诗罗_（科幻少女油管主诗罗）"
"deno_(denomina0)","memetsu_(umvn4442)，迷因图"
"denpa_onna_to_seishun_otoko","/dotso，地面控制向灵能少女发送指令"
"densetsu_kyojin_ideon","太空逃亡伊登"
"densetsu_no_yuusha_da-garn","传说中的勇士达加恩"
"densou_tenshi_valforce","赛博天使军团"
"deon_(jetaime)","迪昂·杰泰姆"
"depth_of_field","景深(画法)"
"der_freischuetz_(project_moon)","《自由射手》（脑白质切除公司），《自由射手》（脑白质切除公司）"
"der_untergang","《堕落》（2004年电影）"
"dera_mochimazzui","dera_mochi'好痛苦，托里_(玉子市场)"
"derby_(dabidabi)","dbi_dbi，双BI"
"derek_hetrick","鳕鱼慕斯图"
"derivative_work","衍生作品，抄袭"
"desert","沙漠"
"desert_camouflage","巧克力碎（迷彩），沙漠图案，三色沙漠（迷彩），三色沙漠风格"
"desert_eagle_(girls'_frontline)","沙漠之鹰_（少女前线）"
"desire_(des1re)","渴望_(tbot7)，不渴望_(tbot7)"
"desk","书桌"
"desk_lamp","台灯"
"desktop_(computing)","Windows桌面"
"dessert","甜点"
"destroyer_(girls'_frontline)","毁灭者_少女前线"
"destroyer_princess","破坏姬"
"destruction","破坏"
"detached_arm","分离的手臂"
"detached_collar","假领"
"detached_sleeves","分离袖子"
"detached_wings","不与本体相连的翅膀"
"detective_pikachu_(series)","皮卡丘侦探"
"dethmaid","不对称性"
"dev_(dev0614)","开发者"
"dev_voxy","恶魔之声"
"devil_(tekken)","恶魔和也"
"devil_may_cry_(series)","鬼泣"
"devil_may_cry_1","《魔鬼代言人》（2001年）"
"devil_summoner_(series)","恶魔召唤师"
"devil_summoner:_soul_hackers","灵魂窃取者"
"devil_survivor","女神异闻录恶魔生存者"
"devil_yanghyeok","杨赫"
"devilot_de_deathsatan_ix","恶魔兽，恶魔少女"
"devilukez","裸星"
"dew_drop","露水，露珠，露滴，小露珠"
"dewprism","命运之线"
"deyuyama","德玉_(aytms)"
"dhokidoki","海斗"
"di_gi_charat","数字角色，数码角色"
"dia_(ansatsu_kizoku)","dia_(成为世界第一杀手异世界家族的一员)"
"dia_(shugo_chara!)","dia_（守护角色）"
"dia_de_muertos","亡灵节（节日），死者之日"
"diablomon","迪亚波罗蒙"
"diadem","冠饰"
"diagonal_bangs","斜刘海"
"diagonal_stripes","斜纹"
"diagonal-striped_clothes","对角条纹服饰"
"diagonal-striped_neckwear","斜纹领结"
"dial_kasper","多迈_(迪亚尔·卡斯珀)"
"diamond_(gemstone)","钻石(宝石)"
"diamond_(shape)","菱形(形状)"
"diamond_(symbol)","菱形(符号)"
"diamond_button","菱形按钮"
"diamond_wa_kudakenai","钻石坚不可摧"
"diantha_(pokemon)","卡比兽_(宝可梦)"
"diaper","尿布"
"diarmuid_ua_duibhne_(lancer)_(fate)","枪兵_(命运/零)"
"diarmuid_ua_duibhne_(saber)_(fate)","迪亚穆伊德·乌阿·杜伊布涅（命运/冠位指定）"
"dias_(tajima_kouki)","田岛黛亚丝"
"dice","骰子"
"dice_gt","大须"
"dicesms","斯蒂芬妮·西比德洛"
"dichlorvos","敌敌畏121"
"dick_gumshoe","伊东古切敬辅"
"didi_esmeralda","迪迪伦工作室"
"dido_(magicc)","魔法元素"
"die_(die0118)","die_(艺术家)"
"die_letzte_(tc)","悲喜剧"
"diego_armando","神乃木苍龙"
"dier_(girls'_frontline)","deele_（少女前线），deele_（少女前线）"
"diethard_ried","迪特哈德·里德"
"different_reflection","映出的另一面"
"diffraction_spikes","衍射十字星"
"diforland","异界大陆"
"digimon_adventure","数码宝贝冒险"
"digimon_adventure_02","数码宝贝冒险02"
"digimon_adventure_tri.","数码宝贝冒险三"
"digimon_adventure:_(2020)","数码宝贝冒险："
"digimon_crest","数码兽冠部，数码兽头冠"
"digimon_savers","数码宝贝数据小队"
"digimon_xros_wars","数码宝贝融合"
"digital_(digital001)","数字001"
"digital_camouflage","marpat，像素化迷彩"
"digital_dissolve","化成数据般消失"
"digital_media_player","随身听"
"digitama","Digiegg，数码宝贝蛋"
"dildo","假阴茎"
"dildo_gag","阴茎封口"
"diluc_(genshin_impact)","迪卢克·拉格恩文德"
"dima_(girls'_frontline)","迪玛_(少女前线)"
"dimitri_alexandre_blaiddyd","迪米特里·亚历山大·布拉杜德"
"dimos_(dawn_1945)","1945年黎明"
"dimples_of_venus","女性的腰窝|维纳斯之眼"
"dinergate_(girls'_frontline)","战时餐厅_(少女前线)"
"dingding_(chongsangjun)","0_0_0，冲桑君"
"dinned","银都口海王"
"dinosaur","恐龙"
"dinotodon","埃里萨乌里亚类"
"dinyc","D2C模式，毛石十三"
"dio_brando's_pose_(jojo)","迪奥姿势，迪奥的姿态"
"dio_knarf","弗兰克·刘"
"dirge_of_cerberus_final_fantasy_vii","刻耳柏洛斯的挽歌，最终幻想7 刻耳柏洛斯的挽歌"
"dirigible","飞艇，齐柏林飞艇"
"dirndl","阿尔卑斯村姑裙"
"dirty","肮脏的"
"dirty_clothes","弄脏的衣服"
"dirty_ero","贝库尔韦洛"
"dirty_face","弄脏的脸"
"dirty_feet","弄脏的脚"
"dirtyfox911911","去污剂"
"discord_username","Discord标签"
"dise_(psychoro)","病态美"
"disembodied_eye","飘浮的眼睛"
"disembodied_hand","分离的手部，无实体手部，无实体的肢体，漂浮的手部"
"disembodied_head","分离的头"
"disembodied_limb","断肢"
"disembodied_penis","断掉的阴茎"
"disembodied_tongue","魔法语言"
"disgust","感到厌恶"
"dish_rack","晾盘架"
"dishui_tangni","碟子堂尼，水波"
"dishwasher1910","巴赫多"
"dispenser_(tf2)","分配器_(团队堡垒)"
"disposable_coffee_cup","咖啡杯"
"disposable_cup","一次性纸杯"
"dissidia_012_final_fantasy","战乱之歌012，战乱之歌012[十二人]最终幻想版，战乱之歌012_[十二人]最终幻想版，战乱之歌十二人最终幻想版"
"dissidia_final_fantasy","/dff，战乱幻想"
"dissolving","溶解的"
"dissolving_clothes","溶解掉的衣服"
"distr","仁拉海滩男孩"
"ditama_bow","吉塔玛_布欧"
"ditienan_ddn","机械男DDN"
"diuda","迪乌达达"
"divel_qree","神圣意面饺"
"divine_spirit_mausoleum","梦之巨大幻想"
"diving","潜水"
"diving_mask","潜水面罩"
"diving_mask_on_head","头戴潜水面罩"
"diving_penguin","T娘，M娘，MM"
"dixie_cup_hat","狗盆帽"
"dizzyspells","堡垒"
"dj_octavio","dj_takowasa，高和沙DJ"
"djeeta_(granblue_fantasy)","吉塔_《碧蓝幻想》"
"djeeta_(granblue_fantasy)_(cosplay)","吉塔_（碧蓝幻想）_（角色扮演）"
"djheycha","深夜氛围"
"djibril_(makai_tenshi_djibril)","吉卜利尔_角色"
"djibril_aries","吉卜力·艾瑞斯"
"djmax_portable","dj_max便携版"
"djmax_respect","对dj_max的最高敬意"
"djmax_technika","dj_max_technika，DJ Max技术流"
"dl_(dl_6ix)","明治字体"
"dlanor_a._knox","dlanor_a_knox，德拉诺尔·A·诺克斯"
"dm_(dai_miao)","大猫喵喵"
"dmitry_grozov","阿赫里曼_（艺术家）"
"dmt_(auburn)","比塔普"
"dna","DNA链"
"doatobira","死亡画面_侘寂风格"
"dobermann","杜宾犬"
"dobermann_(lieutenant)_(arknights)","杜宾犬_少尉_《明日方舟》"
"doc_shoddy","画质低劣"
"dock","船坞"
"docozi","doco_(doco3811)，多可_(doco3811)"
"doctor","医生"
"doctor_magus","战争法师_巨兽"
"doctor_zexxck","doctorzexxck，医生角色，性向标签"
"dodai_shouji","翔太郎"
"dodo_(purofu_hitsudoku)","纯福数独"
"dodok_(gj77230)","低色调"
"dodome-iro_mayonnaise","多朵美_莎伦"
"dog","狗"
"dog_boy","狗男孩"
"dog_collar","狗项圈"
"dog_ears","狗耳朵"
"dog_girl","犬娘"
"dog_tags","狗牌"
"dog_tail","狗尾巴"
"dogansa","卡鲁凯罗洛1，PPPEPETPS"
"dogfight","斗狗"
"doggystyle","后入式"
"dogpile","连环相撞"
"dogs:_bullets_&_carnage","狗狗_(漫画)"
"dohyo123123","都贺阳子角色"
"doily","花边元素"
"dojima_daigo","堂岛大悟"
"dojipan","喷出式猫舍"
"doki_doki_literature_club","《命运石之门》"
"dokibird_(vtuber)_(retro_doki)","多奇鸟_(虚拟主播)_(旧版设计)"
"dokidoki!_precure","心跳！光之美少女，心跳光之美少女，哆基哆基光之美少女"
"doko_tetora","志云子，西格玛子"
"doktor_malefic","邪恶医生"
"doku_yanagi","独秀柳5322，法国熊猫"
"dokuro-san","黑子小姐_（画师名）"
"dolechan","dole_(lo628)，多尔_(lo628)"
"doll","人偶|玩偶"
"doll_house","玩偶屋"
"doll_hug","抱着玩偶"
"doll_joints","玩偶球形关节"
"dolldolldd","dd_prichan，普里昌"
"dolly_(toaru_kagaku_no_railgun)","多莉_（到宇宙的电磁炮）"
"dolman_(dm)","dm_(5956449)，编号为5956449的标签"
"dolosse","蛋加乐"
"dolphenry","三刻月时"
"dolphin","海豚"
"dolphin_shorts","海豚短裤"
"domestic_na_kanojo","国内女友"
"dominatrix","女王(SM中)"
"dominica_s._gentile","多米尼卡·S·詹蒂莱"
"domino_mask","SM面具"
"domo_(domo_kizusuki)","多摩半肯，多摩浦拉，天电雷藏"
"domyoji_karin","道明寺卡琳"
"don_allan_figueroa","唐·菲格罗亚"
"don_quixote_(project_moon)","堂吉诃德_(limbus_company)"
"don't_say_""lazy""","别说懒字"
"don't_you_ever_stop_(meme)","托玛鲁恩贾尼佐"
"donarudo","安德森君"
"donata_(donatasama)","多奇拉萨玛_(yujg3254)，用户_yujg3254"
"donatello_versus","多纳泰罗·范思哲"
"donation_box","募捐箱"
"donburi_(donburikazoku)","豚族"
"dongbaek_(project_moon)","东白_(limbus_company)"
"dongho_kang","dhk_(dh_k)，黑暗系，哥特风格"
"dongsa_wonhyong","bitchcraft123，恶作剧技巧"
"dongtan_dress","东滩女士_(k_pring)_(角色扮演)"
"donguri_suzume","东云猫0"
"donnel_(fire_emblem)","唐尼_火焰之纹章"
"donquixote_rocinante","心之果实_(海贼王)"
"doodle_sensei_(blue_archive)","阿罗娜老师的涂鸦（蓝色档案）"
"doom_(series)","末日危机"
"doomfist_(overwatch)","阿坎德·奥贡迪穆"
"doomykiwi","维玛克丽"
"door","门"
"doora_(dora0913)","恶心感"
"dopamine70","hpb8642，金贤庆"
"dopey_(dopq)","张珠贤"
"doppel_(bonnypir)","双子_(Pixiv)"
"dora_ita","多拉_E"
"doraemon:_nobita_to_tetsujin_heidan","哆啦A梦：大雄与钢铁军团"
"dore_(gilles_dore)","肌肉娘"
"dorei_to_no_seikatsu_~teaching_feeling~","教学感"
"doremi_(doremi4704)","哆来咪"
"dori_(choejeongmin7)","崔正民7"
"doria_(p_f_dolia)","多莉亚_(5073726)"
"dorifesu!","梦幻节！"
"dormouse_(alice_in_wonderland)","睡鼠"
"doroame_(ameyu)","阿梅由_(拉蓬)"
"dorok","胸针_(急板)"
"dororo_(tezuka)","血迹会诉说真相"
"dororon_enma-kun","可怕的炎魔王子燃烧形态"
"dorry_(utawarerumono)","多莉亚"
"dorsiflexion","脚尖上翘"
"dos_(james30226)","dos_（艺术家）"
"dosanko_gal_wa_namaramenkoi","毒山子辣妹超可爱，北海道女孩们超级讨人喜欢！"
"dosei","ryvlab标签库"
"doseisan","土星先生"
"dot_(poni_taoyaka)","伊雷库·巴道，小马_(od.zrf0vka)"
"dot_nose","小圆点鼻"
"dota_(series)","Dota游戏"
"dota_2","古战场防御2"
"dota:_dragon's_blood","Dota：龙之鲜血"
"dotabata_cafe_rec!!_(project_sekai)","热闹咖啡馆记录！！_（Project Sekai），繁忙咖啡馆记录！！_（Project Sekai）"
"dotori_(seulseul)","苏鲁苏鲁"
"dotted_eighth_note","点八分音符"
"dotted_half_note","点状极简风"
"dotted_line","虚线"
"dotted_quarter_note","点状钩针纹"
"dotz","康妮_(keean2019)"
"double_anal","双重肛门插入"
"double_bass","低音贝斯"
"double_bun","团子头"
"double_dildo","双头假阴茎"
"double_exposure","图像填充"
"double_fox_shadow_puppet","双狐手势"
"double_handjob","双手各握着一根阴茎"
"double_lariat_(vocaloid)","双绞绳攻击"
"double_penetration","二穴"
"double_v","啊嘿颜比V"
"double_vaginal","双阴道插入"
"double_vertical_stripe","服饰上有两条平行条纹"
"double-blade","双刃剑"
"double-breasted","双排纽扣"
"doubutsunoujyou","芥花油"
"doudanuki_masakuni","堂丹犬正国"
"doughnut","甜甜圈"
"doughnut_hair_bun","甜甜圈发髻"
"doughnut_hair_ornament","甜甜圈发饰"
"doughnut-shaped_pillow","甜甜圈形状枕头，甜甜圈造型枕头"
"dougi","武道服"
"doujima_nanako","堂岛奈奈子"
"doujima_ryoutarou","堂岛亮太郎，堂岛亮太郎"
"doujin_cover","同人封面"
"doujinshi","同人志"
"douki-chan_(douki-chan)","豆琪酱_（由梦_（sgt_epper）），办公室女郎_（由梦_（sgt_epper））"
"douki-kun_(douki-chan)","豆气君_（由读_(sgt_epper)），学长_（由读_(sgt_epper)）"
"doukutsu_monogatari","《洞穴物语》"
"doupo_cangqiong","穿越天际的战斗"
"dousaki_shin'ya","堂崎信也"
"doushi_tatsu_to_dekkai_no","维瑞恩"
"doushimasho","阿蓬"
"doushitara_osananajimi_no_kanojo_ni_naremasu_ka!?","我该如何让最好的朋友变成我的女朋友？"
"doutei_(one-punch_man)","童帝，斗影（一拳超人）"
"doutei_no_roran","月下之罗兰"
"douya_(233)","妈美美娜"
"dovakini-chan_(nisetanaka)","多瓦基尼酱"
"dove","白鸽"
"doveking","天宫饼AI"
"down_jacket","羽绒服"
"downblouse","胸部走光"
"downpants","长裤"
"dowsing_rod","占星杖"
"doxy","去毒，昂塔，昂塔"
"doyagao","得意脸"
"dp-12_(girls'_frontline)","dp-12_（少女前线）"
"dp28_(girls'_frontline)","dp28_（少女前线）"
"dr_pepper","胡椒博士"
"dr._bug","毒蛇博士"
"dr._eggman","伊沃·罗伯特尼克博士"
"dr._slump","龙珠失意篇"
"dr._weil_(mega_man)","德夫·维尔"
"dr._wily_(mega_man)","阿尔伯特·W·威利，阿尔伯特_W_威利，威利博士，威利医生"
"dr.latency's_freak_report","dr._latency的异常报告"
"dr.p","人物与场景"
"dra_(area-s)","德拉"
"dracky","德雷基"
"drag-on_dragoon","龙之信条"
"drag-on_dragoon_1","龙之信条1"
"drag-on_dragoon_2","龙之信条2"
"drag-on_dragoon_3","龙之信条3"
"dragging","角色在拖某物"
"dragon","龙"
"dragon_ball","/db，龙珠"
"dragon_ball_(object)","龙珠_(物品)"
"dragon_ball_gt","/dbgt，龙珠GT"
"dragon_ball_z","/dbz，龙珠Z"
"dragon_crisis!","龙之危机"
"dragon_empery_(emblem)","东方光辉（徽章）"
"dragon_fruit","火龙果，红心果"
"dragon_girl","龙娘"
"dragon_horns","龙角"
"dragon_knight_(dota)","戴维恩_(Dota：龙之血脉)"
"dragon_quest","/dq，深度剧情，复杂叙事结构"
"dragon_quest_i","/dq1，龙之信条1"
"dragon_quest_ii","/dq2，龙与地下城2"
"dragon_quest_iii","/dq3，龙之信条3"
"dragon_quest_iv","/dq4，龙之信条4"
"dragon_quest_ix","/dq9，龙之信条9"
"dragon_quest_v","/dq5，龙之信条5"
"dragon_quest_vi","/dq6，龙之信条6"
"dragon_quest_vii","/dq7，龙之信条7"
"dragon_quest_viii","/dq8,dq8，《龙与地下城8》"
"dragon_quest_x","/dq10，龙之信条10"
"dragon_shiryuu","龙白龙"
"dragon_tail","龙尾"
"dragon_wings","龙翼"
"dragon's_dogma_2","《龙之信条2》"
"dragonfly","蜻蜓"
"dragoon_(fft)","枪骑兵_(快速傅里叶变换)"
"dragoon_(girls'_frontline)","龙骑兵_(少女前线)"
"drakeposting_(meme)","德雷克相关帖子"
"dramatic_stars_(idolmaster)","戏剧性星星效果"
"dramus","鼓手_(艺术家)"
"dramz","hyuckjune_jeon，全真雅恩"
"draph","牛角族"
"drasna_(pokemon)","龙血树_宝可梦"
"draugnut","封禁用户"
"drawer","抽屉"
"drawfag","绘友，绘友"
"drawing","绘画"
"drawing_(object)","物体图片"
"drawing_bow","拉弓"
"drawing_flover","去色版"
"drawing_on_another's_face","画脸妆，在他人脸上写字"
"drawing_on_fourth_wall","对白墙作画，向白墙写字"
"drawing_on_own_face","在脸上写字"
"drawing_tablet","手绘板"
"drawr","源drawr不可寻"
"drawstring","衣服的抽绳"
"drayden_(pokemon)","沙加_(宝可梦)"
"drdr_ao_midoro","34_（三十三）"
"dreadlocks","头发位置，头发位置列表，头发位置集合"
"dream_academy_school_uniform","梦想学院制服"
"dream_c_club","梦想俱乐部"
"dream_c_club_gogo.","梦之C俱乐部，加油吧"
"dreamer_(girls'_frontline)","梦想家_(少女前线)"
"dreaming","做梦"
"dreaming_cell","用户_rkzj3823"
"dreamysuite","星形阿米巴"
"dress","连衣裙"
"dress_bow","连衣裙上的蝴蝶结"
"dress_lift","掀起裙子"
"dress_pull","剥下裙子胸口的部分"
"dress_removed","脱下裙子"
"dress_shirt","西服衬衫"
"dress_tug","压住裙摆"
"dressing","穿衣"
"dressing_another","着装"
"dressy_alice_(idolmaster)","优雅爱丽丝风格"
"drill","钻头"
"drill_hair","钻头发型"
"drill_sidelocks","钻孔锁具"
"drink","饮料"
"drinking","喝"
"drinking_fountain","饮用水喷泉"
"drinking_glass","酒杯"
"drinking_pee","喝尿"
"drinking_straw","吸管"
"drinking_straw_in_mouth","嘴里含着吸管（喝水）"
"dripping","液体滴落"
"driving","驾驶"
"dromarch_(xenoblade)","白虎_异度神剑"
"drone","无人机"
"drooling","流口水"
"drop_shadow","立绘阴影"
"drop_trap","箱式陷阱"
"dropping","(意外)掉落"
"drossel_von_flugel","冯·弗吕格尔之歌雀"
"druaga_no_tou","龙牙之塔"
"drugs","药物"
"drum","鼓"
"drum_(container)","桶(容器)"
"drum_set","架子鼓"
"drumsticks","鼓槌"
"drunk","喝醉的"
"dry_humping","穿着衣服的颠臀动作"
"drying","弄干(浴后)"
"drying_hair","弄干头发"
"dsr-50_(girls'_frontline)","DSR-50_（少女前线）"
"dsuzu","大卫苏兹"
"dterl","晨曲雅"
"du_yaoye_(arknights)","暗黑圣堂骑士，(暗黑圣堂)骑士"
"dual_persona","双重人格"
"dual_wielding","双持"
"duan_zhu","该死的混蛋"
"duany","端毅1111"
"duck","鸭子"
"duckchuni","吉戈班孔"
"duckpasta_flo","卡佩利尼扁面，鸭肉意面"
"dudeunderscore","刘德华"
"dudou","肚兜"
"duel","决斗"
"duel_monster","游戏王决斗怪兽"
"duffel_bag","行李包"
"duffel_coat","粗呢大衣"
"duke_(inu_daimyou)","恶魔角色"
"duke_of_york_(eternal_night's_carola)_(azur_lane)","约克公爵_（永恒之夜的卡罗拉）_（碧蓝航线）"
"duke_pantarei","杜克_(黄昏之诗篇)"
"duke_tougou","东乡公爵"
"dukemon","英勇的蒙恩"
"duma_(fire_emblem)","多玛_(火焰之纹章)"
"dumbbell","哑铃"
"dumbbell_nan_kilo_moteru?","丹波鲁，纳米，发光，马达？，你举起的哑铃有多重？"
"dumpling","饺子"
"dun_stallion_(fate)","敦·斯泰利昂"
"dune_(series)","沙丘_(电影)"
"dungeon_and_fighter","荒野战记，地下城战士在线"
"dungeon_meshi","地下城里的美味佳肴"
"dungeon_ni_deai_wo_motomeru_no_wa_machigatteiru_darou_ka","丹马奇，想在地下城里搭讪女孩有错吗？"
"dungeon_no_naka_no_hito","地下城居民"
"dungeons_&_dragons","《龙与地下城》，《被遗忘的国度》"
"dungeons_&_dragons:_chronicles_of_mystara","《龙与地下城》：神秘拉尔的阴影，《龙与地下城》：毁灭之塔"
"dunkerque_(afternoon_venus)_(azur_lane)","敦刻尔克_(阿芙罗狄蒂的午后)_(碧蓝航线)"
"duoqing_tie_ban_shao","我喜欢一护"
"duplicate","重复内容，转载帖子"
"durandal_(honkai_impact)","比安卡·杜兰达尔·阿泰吉娜"
"durga_(housamo)","杜尔迦_（东京放课后的召唤师们）"
"dusk","黄昏"
"dusk_ball","黑暗球体"
"dusk_ming","黄昏51026470249"
"dust","灰尘"
"dust_cloud","烟尘"
"duster","掸子"
"dusty_(gravity_daze)","尘土飞扬_重力冲刺"
"dutch_angle","德式倾斜镜头"
"dutch_text","荷兰语，荷兰语（语言）"
"duto","崔晓灿"
"dvd_cover","DVD封面"
"dvddvd_(meme)","双DVD，双碟装"
"dwarf","矮人，侏儒"
"dwayne_hakkai_2","kt_(kusare171)，库萨雷171的KT作品"
"dwyer_(fire_emblem)","迪尔_(火焰之纹章IF)"
"dygenguar","大将鬼"
"dynamo_(mega_man)","动力核心"
"dynamo_heart","动力-X"
"dynatron_(mighty_no._9)","mighty_no._3，强大力量之三"
"dysoor","雨前带道的雾"
"dyun","威希普"
"e_sky_rugo","奥库扎希基"
"e_volution","ege_(597100016)，艾吉_597100016"
"e-fa-dorn","在蓉毛班药蓝里四区的我们"
"e-hentai_sample","色情样本"
"ea_(fate)","ea_(命运/夜之守望)"
"eagle","鹰"
"eahta_(granblue_fantasy)","奥克托"
"ear_biting","咬耳朵"
"ear_blush","耳红"
"ear_focus","耳朵，聚焦耳朵"
"ear_piercing","穿耳洞"
"ear_protection","护耳罩"
"ear_ribbon","动物耳形发饰，耳形发箍"
"ear_sex","耳部刺激"
"ear_tag","耳标"
"ear_wiggle","耳朵抽动"
"ear-to-ear","耳朵贴在一起"
"earbuds","耳塞"
"earclip","耳夹"
"earmuffs","耳罩"
"earphones","耳机"
"earrings","耳环"
"ears","多双耳朵"
"ears_down","下垂的耳朵"
"ears_through_headwear","为耳朵留洞的头饰"
"earth_(planet)","地球"
"eas_(fresh_precure!)","简单易操作"
"easel","画架"
"east_asian_architecture","东方风格建筑"
"east_germany","德意志民主共和国"
"easter_egg","复活节彩蛋"
"eastern_dragon","东方龙"
"eating","咀嚼"
"ebbilin","muki_(mayuiki)，穆基（玛由伊基）"
"ebi_(eeotoko)","女性角色"
"ebi_(shrimp_eleven)","虾类PKM"
"ebi_bento","虾仁午餐套餐"
"ebi_draw","艾蕾娜伊比，艾蕾娜伊比尤219"
"ebiblue","青虾"
"ebichiri_sunday","онтama_(z1p579)，橙田马"
"ebihara_beniko","贝妮科_(ymdbnk)"
"ebiko_yaki","龙虾先生"
"ebimomo","马球服_(pixiv1844541)"
"ebinomi","大吉_(艺术家)"
"ebira","跳舞的妖怪"
"ebisu_senri","艾比科"
"ebisujima_misato","咖啡牛奶慕慕"
"ebitendon","惠天堂，川津_（川津0925）"
"eboda-x","八八八八八"
"ebonyxh","小花_(ebonyxh1)"
"ebora","年轻男子倒下"
"ecchi_na_bunny-san_wa_kirai?","你喜欢色气兔娘吗？，你喜欢色气兔娘吗？，可爱的色气兔娘真让人喜爱"
"ecchi_na_bunny-san_wa_kirai?_2","你喜欢色气兔娘吗？_2，我喜欢色色的兔娘小姐_2"
"echizen_ryooma","越前龙马"
"eco_(petticoat)","科里努"
"edain_(fire_emblem)","阿迪安_火焰之纹章"
"edajima_denki","罗妮卡"
"edaki_shin'ya","埃达扬"
"edasaki_banri","江户崎治愈"
"eddie_(mega_man)","艾迪_(洛克人)"
"eddie_fender","雷蒙德·希尔德斯，志贺烧铁雪"
"eddlayer","fross2art艺术风格"
"edelgard_von_hresvelg_(hegemon_husk)","赫格蒙·艾黛尔贾特"
"eden_academy_school_uniform","伊甸学院制服"
"eden-gumi","伊甸_(二三善次)"
"ediblepanda","jomo_(haccapan)，乔莫_(哈卡潘)"
"edmond_dantes_(fate)","埃德蒙·但丁斯（命运/冠位指定）"
"edmond_dantes_(monte_cristo_selection)_(fate)","基督山伯爵精选集"
"edo_phoenix","凤凰星云"
"edo_tatsuki","乌鸦_(Pixiv)"
"edo-sama","江之岛大人画作"
"edomae_elf","御宅族精灵"
"edomae_lunar","家里的路娜，家里的露娜"
"edoya_inuhachi","猫耳装"
"edpan","天鹅绒质感"
"edward_chris_von_muir","吉尔巴特·克里斯·冯·穆尔"
"edward_newgate","白胡子_(海贼王)"
"edward_teach_(fate)","黑胡子_(Fate)，爱德华·蒂奇_(Fate/Grand Order)"
"edward_teach_(final_ascension)_(fate)","黑胡子_最终升华_命运"
"edwin_(cyberdark_impacts)","埃多温"
"eel","鳗鱼"
"ef_(visual_novel)","EF，EF_-_记忆之章"
"effects_pedal","吉他效果器"
"effie_(fire_emblem)","艾菲_(火焰之纹章命运)，艾尔菲_(火焰之纹章if)"
"efu_(angelschatedral99)","鲁乌吉"
"egaki_numa","CGY_iY风格"
"egao_(sikorsky)","卡拉扎_（黑目镜）"
"egasumi","工霞"
"egawa_satsuki","沙月_(多罗瓦)"
"egg","蛋"
"egg_(aiu404l)","aiu_角色"
"egg_laying","产卵，下蛋"
"egg_vibrator","跳蛋"
"egg_yolk","蛋黄"
"eggloaf","施慧芙，斯蒂芬妮·施"
"eggman_(ni_tamagoex)","蛋头博士_(pixiv28975023)"
"eggplant","茄子"
"eguchi_kanade","江之电"
"egypt_(hetalia)","古普塔·穆罕默德·哈桑"
"egyptian","埃及"
"egyptian_clothes","埃及风格服饰"
"ehoumaki","惠方卷"
"ehryel","艾莉尔X"
"ei_(marutendon)","英吉_(mknskhnbs)"
"eichi_(yashokuya)","芦花少女"
"eien_no_aselia","永恒的阿塞莉亚"
"eien_no_juu_nana-sai","堕落天堂"
"eight_of_diamonds_(playing_card)","方块八（纸牌）"
"eight_tohyama","东山八号"
"eighth_note","八分音符"
"eighth_rest","颤音休止符"
"eightyfourart","84XL尺寸"
"eigo_ichii","咕咕咕"
"eihire","真田飞鸟斯基"
"eijima_moko","春咲伊奈绪"
"eikawa_suru","川澄_(15微米)"
"eila_yagyu","写作"
"eileen_(project_moon)","艾琳_废墟之馆"
"eimi_(blue_archive)","泉本英美"
"ein_lee","艾因莉"
"eine_(eine_dx)","eine_dx，艾妮·DX"
"eipenor","d_ooo0，玛米亚"
"eiri_(eirri)","海帕欧卡拉"
"eitarou_(kaminari_neko)","英太郎_(摩托GP)"
"eiyuu_densetsu","英雄传说，英雄传说的故事"
"eiyuu_kyoushitsu","英雄们的教室，英雄专属教室"
"eiyuuou_bu_wo_kiwameru_tame_tenseisu:_soshite_sekai_saikyou_no_minarai_kishi","重生为剑之大师：从英雄之王到非凡侍从"
"eizouken_ni_wa_te_wo_dasu_na!","请不要碰英藏剑！"
"ejaculating_while_penetrated","插入时射精，深入体内即高潮"
"ejaculation","射精"
"ekaki_kukuma","求抱抱"
"ekami_gumi_(uenomigi)","江神组"
"ekina_(1217)","丹尼_(丹尼尔)"
"ekita_kuro","埃基拉·尼托，埃基塔·玄"
"ekomori_eko","埃科·埃科莫里"
"ekrea_jan","ekurea_dji，埃库雷亚_DJI"
"ekubo_(mob_psycho_100)","酒窝_(疯狂怪物_100)"
"ekuskarma","感官体验"
"ekz_(robotekz)","ekz_（画渣）"
"el_cazador_de_la_bruja","猎手埃尔"
"el_quijote","堂吉诃德"
"elaine_(pokemon)","步美_(宝可梦)"
"elbia_hernaiman","艾鲁比娅·哈奈曼"
"elbow_gloves","长手套"
"elbow_pads","护肘"
"eldigan_(fire_emblem)","eltoshan_（火焰之纹章）"
"eldridge_(kitty_idol)_(azur_lane)","埃尔德里奇_（猫娘偶像？）_（碧蓝航线）"
"eldridge_(the_inquisitive_recluse)_(azur_lane)","埃尔德里奇_（空荡教室之谜）_（碧蓝航线）"
"elec_man","电工角色"
"electra_(xenoblade)","雷子_异度神剑"
"electric_fan","电风扇"
"electric_guitar","电吉他"
"electric_panel","断路器面板，配电盘"
"electric_socket","插座"
"electrical_outlet","电源插座，电插孔，电源接口，电力插座"
"electricity","电"
"electrodes","电极（物体）"
"electrokinesis","操控电能"
"electronic_cigarette","电子烟"
"elemental_gelade","元素格拉德，埃雷门塔尔·格拉德，埃雷门塔格拉德"
"elen_(fire_emblem)","艾伦_火焰之纹章"
"elephant","大象"
"elesa_(pokemon)","天空坐_宝可梦"
"elevator_operator","电梯服务员，电梯女孩"
"elf","精灵"
"elf-san_wa_yaserarenai.","大码精灵"
"elfboiii","黑白风格"
"elfen_lied","精灵之歌"
"elfuda_(elf-san_wa_yaserarenai.)","绘里芙达小姐"
"elhaym_van_houten","艾莉_(异度装甲)"
"eli_clark","先知_(身份_V)"
"elias_ainsworth","埃利亚斯·艾恩斯沃思"
"elicia_hughes","埃莉西亚·休斯"
"elin","埃琳_特拉"
"elina_(e2n04n)","紫大帝悦夫"
"elina_(queen's_blade)","艾莉娜"
"elio_(pokemon)","太阳_(宝可梦)，你_(宝可梦)"
"elis_120%","eris_120，艾瑞斯120"
"elisa_(girls'_frontline)","艾丽莎_(少女前线)"
"elisabeth_blanctorche","伊丽莎白·布兰奇托什"
"elisabetlis","莉莉·梅萨伊娜"
"elisanne","elphyllis_（失落的德拉加利亚）"
"elise_(fire_emblem)","艾莉丝_火焰之纹章IF"
"elise_(tropical_flower)_(fire_emblem)","艾莉丝_（夏日）_（火焰之纹章）"
"eliskalti","艾莉丝克"
"elite_four","四天王"
"elite_nappa","elitenappa1，精英纳帕1"
"elizabeth_bathory_(cinderella)_(fate)","伊丽莎白·巴托里（灰姑娘骑士）（命运）"
"elizabeth_bathory_(fate)","伊丽莎白·巴托里（命运）（全），枪兵（命运/EXTRA CCC）"
"elizabeth_bathory_(fate/extra_ccc)","伊丽莎白·巴托里_初次登场_命运，枪兵_命运/extra_ccc"
"elizabeth_f._beurling","伊丽莎白·F·比尔林"
"elizabeth_tower","大本钟"
"elize_lutus","艾莉丝·卢图斯"
"eljimadooor","川崎信"
"elk115","麋鹿_(pixiv633222)"
"elle_(vtuber)","可爱公主风"
"elleciel.eud","eud_(系统蓝色)"
"ellen_(majo_no_ie)","艾伦_（女巫之屋）"
"ellen_(touhou)","艾伦"
"elli_(bokujou_monogatari)","elli_（收获之月）"
"ellin_meiji","凯泽_（明吉的丈夫），凯泽_（明吉的丈夫）"
"ellipsis_(mitei)","ellipsis_(艺术家)"
"ellis_(toushinden)","埃利斯（战斗竞技场讨神战），埃利斯（讨神战）"
"elm_(pokemon)","埃尔姆教授，埃尔姆教授，埃尔姆教授，埃尔姆教授，埃尔姆老师，埃尔姆老师，乌茨基（宝可梦）"
"elmo_(st_elmomomo)","苍穹之海，圣艾尔莫莫莫"
"elnie_tachibana","橘艾尔妮"
"elodeas","可能哭泣"
"elpeo_puru","elpeo_ple，艾尔佩奥普莱"
"elpizo_(mega_man)","埃尔皮斯"
"elsevilla","赫克托·恩里克·塞维利亚·卢汉，赫克托·塞维利亚·卢汉"
"elster_(signalis)","lstr-512，第512个列表项"
"elsynien","kyo_(user_jpfr5738)，京子"
"eltir","色情内容"
"elulit2","艾露特"
"elwing","埃尔文"
"elysia_(herrscher_of_human:_ego)_(honkai_impact)","艾莉西亚_（人类之主：自我）_（崩坏：星穹铁道）"
"elysia_(miss_pink_elf)_(honkai_impact)","艾莉西娅_(粉红精灵小姐)"
"elysia_de_lute_ima","切尔西·德·卢特·伊尔玛，埃莉西·德·露丝·伊玛"
"elysium_(shimmering_dew)_(arknights)","极乐净土_(闪耀露水)_(明日方舟)"
"em_(totsuzen_no_hakike)","表情，面部表情"
"ema","绘马"
"ema_(kuguiema)","九鬼卫马"
"ema_skye","虹月茜，虹月茜"
"ema3","空_(赤色幻想)"
"emaciated","厌食症患者，骨瘦如柴，极其消瘦"
"email2140","avril214，艾薇儿214"
"emanuella_porlallora","埃马努埃拉·波拉罗拉，埃马努埃拉·波雷洛拉，艾米（赫涅科）"
"embarrassed","害羞"
"embellished_costume","经润饰的服装"
"ember_(7012)","安波"
"embers","余烬"
"emblem","纹章"
"embodiment_of_scarlet_devil","猩红恶魔的化身"
"emdo_(norabbit)","小兔子"
"emduck","鸭子埃德"
"emerada_(xenogears)","艾梅拉达·卡西姆"
"emerald_(gemstone)","翡翠(宝石)"
"emergence_(shindol)","变形_(shindol)"
"emergency_exi10","日式口吻"
"emil_(fafa)","摊位番茄"
"emil_(nier)","无_7_（尼尔）"
"emile_aoi","埃米尔·拉"
"emilico_(shadows_house)","艾米莉科"
"emilou_apacci","阿帕奇"
"emily_(last_origin)","x-05_emily，艾米丽"
"emily_(pure_dream)","艾米丽_（斯托莫米），纯净梦境"
"emirichu","埃米里楚伊特"
"emirio_(emirio110)","emirio_(user_wmup5874)，艾米里奥"
"emma_(kumaema)","诺卡诺克"
"emma_(project_moon)","艾玛_废墟之馆"
"emma_pressure","压力线"
"emmeryn_(fire_emblem)","埃梅丽娜"
"emmet_(pokemon)","库达利_(宝可梦)"
"emmmerald","神圣南瓜"
"emon-yu","玛霍_（请抚摸我的脸）"
"emoriza","马头船"
"emotionless_sex","面无表情的性爱"
"emoto_shikeko","emor18_shikeko，江之岛志惠子"
"emperor_(arknights)","《方舟骑士》皇帝"
"emperor_(ff2)","帕拉梅西亚皇帝，马特乌斯·帕拉梅西亚"
"emphasis_lines","集中线"
"employee_(project_moon)","员工_脑白质切除公司"
"empty_eyes","空洞的眼神"
"emu_(emum)","町泽"
"emyo","由马奥米"
"en_(enxxx)","en_(pixiv1642655)，英文标签"
"en'en_no_shouboutai","艾连之救世队，消防队"
"ena_(enaa97)","恩娜"
"enaki_(mtmti)","宗宗宫"
"enarane","娜拉妮"
"encore_(wuthering_waves)","安克_狂风巨浪"
"end_card","片尾画面"
"end_of_eternity","命运的共振"
"endeavor_(boku_no_hero_academia)","轰焦冻"
"endo_yohane","《我的英雄学院》结局，《进击的巨人》结局"
"endou_michiko","一只眼睛下方有痣的女孩_(K-On!)_"
"endou_okito","冲户奥基托"
"enemy_aircraft_(kancolle)","敌机_(舰姬Collection)"
"enemy_lifebuoy_(kancolle)","敌人救生圈_(舰队Collection)"
"enemy_naval_mine_(kancolle)","敌方海军水雷（舰队Collection）"
"energy_ball","能量球"
"energy_barrier","力场"
"energy_gun","镭射枪"
"energy_shield","全息护盾"
"energy_sword","光剑"
"energy_tank","电子油箱，电子油箱，燃油箱，燃油箱"
"eneru_(enepuni)","恩埃普尼"
"eneshi","海兔1号，昆茨涅"
"enfuku","未来百景，里大_（恶作剧）"
"engawa_suguru","埃隆登战靴"
"engiyoshi","泪目，悲伤"
"english_text","英语"
"engrish_text","L和R不分的英文"
"enico","yinyu_(nico)，音雨_(nico)"
"enjelicious","艾莉珍妮"
"enjin_(idolmaster)","引擎"
"enjin_y","日野子"
"enjo_kouhai","欢乐同学会请求是精灵龙人偶金龙"
"enjoji_michiru","远藤实"
"enkidu_(fate)","恩奇都_(命运/奇妙伪物)"
"enkidu_(weapon)_(fate)","恩奇都_武器"
"enkyo_yuuichirou","渚黑兔"
"enma_(enmanuelart)","恩曼纽尔艺术20"
"enmaided","女仆装"
"enn_matien","恩赫entai，恩玛蒂安"
"enno_rei_(masochist_high)","0位移，千里眼"
"enobun3gyo","想要铁娜艾卡琪"
"enokawa_kokoro_(hara_kenshi)","榎川心"
"enoki-kou","口乃野"
"enokuma_uuta","榎久马_塔"
"enomaru_saku","enmr39_（匿名用户）"
"enomoto_hina","皮哟小鹦鹉"
"enouchi_ai","星期三"
"enpera","(围巾束成的)乌贼鳍发型"
"enperuto_(yarumi)","八六_(斯伊娜)"
"enpido","恩皮克"
"enporion","eno_(joqeve)，艾诺_(乔克维)"
"enru","早苗哭泣"
"ensemble_girls!","群像女孩"
"entangled","缠结在一起"
"entenca","盐分补充剂"
"enterprise_(meta)_(azur_lane)","代码G_（碧蓝航线）"
"entombed_air_defense_guardian_princess","埋葬之空防御守护姬"
"enu_(brandnewday02)","品牌日02，全新的一天，n_(mo_02323)"
"enumiyaa","海之妖姬"
"envel203","恩维尔奥利普"
"envelope","信封"
"envenomist_(gengoroumaru)","源五郎丸_（双手操作）"
"envy_adams","娜塔莉·V·亚当斯"
"envysoda","嫉妒苏打水"
"eorx","红发少女"
"epaulettes","肩章"
"epeulu_(ate5424)","fru_(fru69923366)，水果主题，可爱风格"
"epic","壮丽且经典的故事(的同人)"
"epic_seven","史诗级7"
"epilepsy_warning","闪烁的灯光，抽搐警告，频闪灯光"
"epomeno","神秘感"
"equal_(melomelopunch)","伊库鲁"
"equipment_layout","武器装备配置"
"erakin","罗宾逊k9999"
"erasa_(dragon_ball)","伊蕾扎"
"eraser","橡皮擦"
"erbium","铒元素，尹善淑"
"erect_clitoris","膨胀的阴核"
"erect_sawaru","触碰勃起物"
"erection","勃起"
"erection_under_clothes","老二立帐篷"
"eren_yeager","埃伦·耶格尔"
"ereraero","ere2earo，埃雷二艾罗"
"ereshkigal_(fate)","埃雷什基伽尔_(命运/冠位指定)"
"eretto","宇津良浦丽华"
"erha_he_tadebai_mao_shizun","哈士奇与它的白色猫咪静"
"erhuo","秋叶"
"eric_flay","绘里子_(青鸟)"
"eric_lowery","索尼克"
"ericx_gasi","mads_ez，疯狂易兹"
"eriimyon","艾米丽·埃巴罗拉"
"erika_(blue_archive)","波多见绘里香"
"erika_(ericx_gasi)","埃丽卡_(mads_ez)"
"eriko_(princess_connect!)","仓石绘里子"
"eringi_(rmrafrn)","埃萨通吉"
"erinys_(fire_emblem)","愤怒_(火焰之纹章)"
"erio_mondial","埃利奥·蒙迪亚尔"
"eriyama_e","江山_（用户_csua4255）"
"erlenmeyer_flask","圆锥形烧瓶"
"ermes_costello","赫尔墨斯·科斯特洛"
"ermuzibu","尼基戈·努诺"
"ero_guro","色情游戏"
"ero_kaeru","艾可罗伦"
"erodrunky","略显疯狂的动画风格，略显疯狂的动画风格"
"eromanga","色情漫画"
"eromanga_sensei","色情漫画老师"
"eromegane3103","erosu(95lo8ofmuf3nakb)，艾洛苏(95lo8ofmuf3nakb)"
"erotanuki","色狼角色"
"error","有问题的作画"
"ershuihe","CIE_GLA效果"
"erty113","狂犬病_50"
"eru_(eru_illust)","亚纱美_(user_kbd9247)"
"eru-sennin","eru_(9878622)，艾露"
"erua_(_8eru)","erua_(8eru)，哈杜喷发"
"erubetie","埃尔维蒂"
"erune","兽耳族"
"eruruu","埃鲁鲁，埃鲁鲁W"
"erwin_(girls_und_panzer)","松本里子"
"erwin_smith","欧文·史密斯"
"es_(xblaze)","胚胎储存，es_mitsurugi，es_(xblaze_code:_embryo)"
"escaflowne","艾斯卡弗洛涅_（古伊梅莱夫）"
"escort_fortress_(kancolle)","护航要塞_（舰队Collection）"
"escort_princess","护卫姬"
"escort_water_princess","护水姬"
"esencey","至高无上"
"eshineko","电打音乐"
"esidisi","AC/DC_(乔乔)"
"esozima_gari","江岛加里"
"esports","电子竞技"
"esther_(project_moon)","埃丝特_废墟之书"
"esther_shen","埃丝特粉丝世界"
"estinien_varlineau","埃斯蒂尼安巨蛇之血"
"estonia_(hetalia)","爱德华·冯·博克"
"esu_(tasoesu)","tei_(auntaso)，黛伊（阿姨索）"
"etchimune","H-MUNE角色"
"eternal_arcadia","阿卡迪亚的天空"
"eternal_sakura","平假名樱子，男子之樱的奇迹"
"ethan_(pokemon)","金色宝可梦，响亮宝可梦，响亮宝可梦"
"ethan69_(anhuzart)","鬼医"
"ethlyn_(fire_emblem)","埃斯琳_火焰之纹章"
"etihw_(funamusea)","etihw_（海色天边）"
"etiv","屎坦_(tantan_0821)"
"etna_(disgaea)","埃特纳火山"
"etoile","etot_qaq，可爱风格"
"etorofu_(kancolle)","埃托罗夫_(舰队Collection)"
"etou_mei","绘里萌"
"etra-chan_wa_mita!","艾特拉酱看见啦！"
"etyaduke","大根煮鸡蛋，小根煮鸡蛋"
"eu03","欧恩丹_（艺术家）"
"eugene_chaud_(mega_man)","二重院山"
"euhage73","eeu_(musuka73)，欧洲联盟相关标签"
"eula_(genshin_impact)","尤拉，尤拉·劳伦斯"
"eunyoo","恩宇"
"eupha_(metaphor:_refantazio)","长尾虾，埃托雷克长尾虾"
"euphemism","性暗示用语"
"euphyllia_magenta","尤菲莉亚·玛格娜塔"
"eureka_(eureka_seven)","太好了"
"eureka_seven","尤里卡7，宇宙英雄尤里卡7，宇宙英雄尤里卡七"
"eureka_seven_ao","尤里卡7号_青空，尤里卡7号_星之海洋，尤里卡七号_星之海洋"
"eureka_seven:_pocket_ga_niji_de_ippai","eureka_7：满口袋的彩虹"
"europa_(fate)","欧罗巴_(命运/冠位指定)"
"european_princess","欧洲系美少女"
"european_water_princess","欧洲水姬"
"euryale_(fate)","尤丽艾尔"
"eusine_(pokemon)","美奈基_(宝可梦)"
"eustace_winner","一柳由彦，塞巴斯蒂安·德贝斯特"
"eustass_kid","尤斯塔斯船长小孩版"
"euyueuy","月萌"
"euzh266","髅人"
"ev_(dai00888)","dai00888，色情视频"
"ev_(kemomimizuku)","伊吹S_forpm，草莓味眼泪"
"eva_(hq8nn1ef)","eba_uenihane，上泉优奈"
"evangeline_a.k._mcdowell","伊万杰琳·A·K·麦克道威尔"
"evanyi","evan_(912319)，埃文_(912319)"
"eve_(meltdown)","ivu_(e10x)，伊武_(e10x)"
"eve_(nier:automata)","夏娃_(尼尔：机械纪元)"
"eve_on_k","伊布昂克"
"evedesuuu","夜星0012"
"even_(even_yiwen)","even_(17245601)，偶数"
"evening","傍晚"
"evening_gown","晚会礼服"
"everyone","集合绘"
"evil_grin","邪恶的露齿笑"
"evil_smile","邪恶的笑容"
"evil_trevo","特雷沃布特维尔"
"evo_moment_#37","让我们一起出发吧，贾斯汀"
"evzeva","鬼厉书"
"ex-keine","已删除，已移除"
"exabyte_(parallax05)","视差效果05"
"exaxuxer","熊_x"
"excalibur_(fate/stay_night)","神剑艾克斯卡利伯"
"excalibur_galatine_(fate)","埃克斯卡利伯尔炸肉排，埃克斯卡利伯尔肉饼"
"excalibur_morgan_(fate)","黑暗之埃克斯卡利伯，摩根的埃克斯卡利伯"
"excel_(gewalt)","Excel_（艺术家名）"
"excelcius_winner","布莱斯·德贝斯特，一柳万才"
"excella_(delltothu)","埃库塞拉，艾克塞拉_(艾克塞拉444)"
"excessive_cum","超大的射精量"
"excessive_nosebleed","史诗级流鼻血"
"excessive_pubic_hair","极浓密的阴毛"
"executioner_(girls'_frontline)","处决者_(少女前线)"
"exercise","做运动"
"exercise_ball","平衡球，健身球，瑜伽球"
"exercising","锻炼，健身"
"exhibitionism","露出"
"exmile","牛蛇，可怕的微笑，马特（前微笑），马特（前微笑），斯佩罗尼，三重微笑"
"expectation_vs._reality","期望与现实"
"explorer_(azur_lane)","塞壬拾荒者_（碧蓝航线）"
"explosion","爆炸"
"explosion_psycho","阿亚坦克"
"explosive","易爆的"
"exposed_pocket","口袋可见"
"expression_chart","角色的多表情展示"
"expressionless","无口"
"expressions","表情"
"expressive_clothes","富有表现力的衣服"
"expressive_hair","富有表现力的头发"
"expulse","库里斯汀娜赫"
"extra","衍生角色(形象)"
"extra_arms","多只手臂"
"extra_breasts","多乳房，双乳，巨乳症"
"extra_digits","多余手指，多指症，指数过多"
"extra_ears","四只耳朵"
"extra_eyes","多只眼睛"
"extra_mouth","有多张嘴巴"
"extra_penises","多阴茎"
"extra_pupils","额外虹膜，多个瞳孔"
"extraspiky","苍白肌肤"
"eydis_(sao)","艾迪丝_(SAO)"
"eye_beam","目光注视"
"eye_contact","眼神交流"
"eye_drops","眼药水"
"eye_focus","眼睛聚焦"
"eye_mask","眼罩"
"eye_of_horus","荷鲁斯之眼"
"eye_of_providence","全视之眼，光明会符号"
"eye_reflection","带有反光效果的眼睛"
"eyeball","眼球"
"eyebrow_cut","贯穿眉骨的伤痕"
"eyebrows","眉毛"
"eyebrows_behind_hair","挡在头发下的眉毛"
"eyebrows_hidden_by_hair","头发遮住的眉毛"
"eyebrows_visible_through_hair","透过头发可以看到的眉毛"
"eyecatch","吸睛之处"
"eyelashes","睫毛"
"eyeliner","眼线"
"eyepatch","眼罩"
"eyepatch_bikini","眼罩比基尼"
"eyepatch_removed","摘眼罩"
"eyes","眼睛"
"eyes_visible_through_hair","透过头发可以看到的眼睛"
"eyesee","娃娃世界"
"eyeshadow","眼影"
"eyeshield_21","护目镜21"
"eyewear_hang","衣物上佩戴的眼镜"
"eyewear_in_mouth","嘴里含着眼镜"
"eyewear_on_head","眼镜别在头上"
"eyewear_removed","摘眼镜"
"eyewear_strap","眼镜链，镜框链条"
"eyewear_switch","眼镜切换"
"eyjafjalla_(summer_flower)_(arknights)","埃亚菲亚德拉冰盖_(夏日花朵)_(明日方舟)"
"ezier","拉塔科伊"
"ezra_(project_moon)","以斯拉_（扭曲侦探）"
"f-15_eagle","F-15J鹰式战斗机"
"f-5_freedom_fighter","F-5E虎II战斗机"
"f-ism","菲丝姆"
"f.a.n.g","方飞"
"f.k_(hs225kr)","工作"
"f4f_wildcat","信天翁式飞机"
"fa_no_hito","favfavver2，favfavver2_（艺术家名）"
"faba_(pokemon)","萨布欧_(宝可梦)"
"face","脸部"
"face_between_breasts","脸埋在胸前，摩托艇游玩"
"face_down","脸着地，面部贴在地面上"
"face_in_ass","臀部之间的头部"
"face_of_the_people_who_sank_all_their_money_into_the_fx_(meme)","把所有钱都投进外汇市场的那些人的脸"
"face_punch","打脸，击打面部"
"face-to-face","脸贴脸"
"facejob","酒窝工作"
"faceless","没有脸部细节的"
"faceless_female","无脸部女性"
"faceless_male","无脸部男性"
"facepaint","脸部画有图案"
"facepalm","以手掩面"
"facial","颜射"
"facial_hair","胡须"
"facial_mark","脸部有图案"
"facial_tattoo","脸部有纹身"
"facing_another","二人面对面(脸贴得很近)"
"facing_away","面向别处"
"facing_viewer","面向镜头"
"fading_border","渐隐边框"
"fae_(fire_emblem)","FA风格"
"faerie_(seiken_densetsu_3)","精灵族_(sd3)"
"fafayu","fafayu_0425的翻译"
"fai_(fai-storage)","佩索克斯"
"fai_d._flowright","fay_d._萤石"
"fail_(djmax)","失败场景"
"failure","失败"
"fainted","昏厥"
"fairimon","费尔蒙，卡泽蒙"
"fairy","妖精"
"fairy_(girls'_frontline)","《少女前线》中的精灵角色"
"fairy_(kancolle)","妖精_(舰姬Collection)"
"fairy_leviathan_(mega_man)","利维坦_（洛克人），利维坦_（巨人之拳）"
"fairy_maid_(touhou)","仙女女仆"
"fairy_wings","妖精的翅膀"
"fairyfloss","面容义理"
"fake_(lord_socar)","索卡尔大人"
"fake_animal_ears","仿制的动物耳朵"
"fake_censor","不必要的审查"
"fake_cover","(同人向玩梗向的)封面"
"fake_facial_hair","假胡须"
"fake_horns","装饰性的角"
"fake_mustache","假胡子"
"fake_nails","假指甲"
"fake_phone_screenshot","锁屏界面，手机屏幕"
"fake_photograph","假照片"
"fake_screenshot","(同人向玩梗向的)截图"
"fake_tail","仿造的尾巴"
"fake_text","虚构文本，神秘文本"
"fake_wings","仿造的翅膀"
"fal_(girls'_frontline)","fal_（少女前线）"
"falchion_(fire_emblem)","法尔西昂(火焰之纹章)"
"falcom_(neptunia)","法尔科姆_海王星系列"
"falcon_(girls'_frontline)","zvi_falcon_（《少女前线》）"
"faldeus","法尔杜斯_（加文·B）"
"falin_touden","法林·索登"
"falin_touden_(chimera)","法林·索登_（奇美拉）"
"falin_touden_(tallman)","法林·索登_（高个子男人）"
"falken_(yutozin)","凛·猎鹰"
"falkner_(pokemon)","早人_宝可梦"
"fall_(aki)","伊汉，浣熊_(raccoonccoon)"
"fallen_down","倒地的"
"fallen_of_albaz","灰烬之阿尔巴兹"
"fallenspherell","PaulyUp主页"
"falling","正在下坠的"
"falling_leaves","落叶"
"falling_petals","落花"
"fallopian_tubes","输卵管"
"fallout:_new_vegas","《辐射：新维加斯》，《辐射：新维加斯》死亡金钱模式"
"false_smile","假笑"
"famas_(girls'_frontline)","法玛斯_(少女前线)"
"fami_(chainsaw_man)","饥荒恶魔_电锯人"
"family","一家子"
"family_computer_robot","机械人"
"family_crest","家徽"
"fan","扇子|电风扇"
"fan_la_norne","雾气_(异度神剑2)，霞_(异度神剑2)"
"fan_no_hitori","R18色情图片机器人"
"fan_yang_(jiuge)","杨帆"
"fang","虎牙"
"fang_out","露出虎牙|露出尖牙"
"fangdan_runiu","噩梦版MK2"
"fangs","尖牙"
"fanny_pack","腰包"
"fantasy","幻想"
"fantasy_bishoujo_juniku_ojisan_to","与转生为奇幻界顶级强者的普通男子一起的生活"
"fantina_(pokemon)","梅莉莎_(宝可梦)"
"fartooth_(arknights)","尤斯蒂娜_(《明日方舟》)"
"faruzan_(genshin_cafe_in_seoul)_(genshin_impact)","faruzan_（原神咖啡馆）_（原神影响）"
"fary5","farys_(afopahqfw)，富雷塔"
"fashion","时尚"
"fast_&_furious","速度与激情"
"fat","肥胖的|大号美女"
"fat_gum_(boku_no_hero_academia)","丰光太郎"
"fat_man","胖子"
"fat_mons","丰满的"
"fat_pikachu","胖皮卡丘（迷因）"
"fat_rolls","脂肪褶皱"
"fata_morgana_no_yakata","海市蜃楼中的房子"
"fatal_frame_2","深红色蝴蝶，致命一帧II"
"fatal_fury","狼人，狼人传说"
"fate_testarossa","命运测试红龙哈拉欧恩，命运T版哈拉欧恩，/FT"
"fate:lost_einherjar","命运/失落的英灵战车"
"fate/hollow_ataraxia","/fha，幻想艺术，手绘插画"
"fate/stay_night","命运之夜，/FSN"
"fate/zero","命运0"
"father_(diva)","brother_shades_（女神版）"
"father_and_daughter","父女"
"father_and_son","父子"
"faucet","水龙头"
"faucre_the_evil_overlord","淡黄色"
"faulds","腹甲"
"faust_(project_moon)","浮士德_利姆布斯公司"
"faustsketcher","sketcher2007，素描师2007"
"faux_figurine","仿手办风格"
"faux_traditional_media","传统手绘风格"
"favnvs_(s910a_ib6)","痛苦日，s910a_ib6"
"fazekas","安法泽卡斯"
"fcx4l","公共领域塔索作品"
"fear_&_hunger_(series)","恐惧与饥饿"
"feason","艺术家创作季"
"feather_boa","羽毛围巾"
"feather_earrings","羽毛耳环"
"feather_hair","头部羽毛"
"feather_hair_ornament","头发中的羽毛，毛发上的羽毛，多根毛发构成的羽毛"
"feather-trimmed_sleeves","羽毛装饰的袖子"
"feathered_wings","羽翼"
"feathers","羽毛"
"febrie","发热"
"feca","粪便护盾"
"fed_(giba)","吉巴_(下低角度)"
"federica_n._doglio","费德里卡·N·多格利奥"
"fedora","软呢帽"
"fee_(fire_emblem)","phee_(火之纹章)"
"feeding","喂食"
"feena_(shingeki_no_bahamut)","菲娜_《碧蓝幻想》"
"feeno","福尔马林_(费诺帕克)"
"feet","脚"
"feet_against_wall","脚贴墙"
"feet_on_chair","脚搭在椅子上"
"feet_out_of_frame","双脚不在图内"
"feet_up","翘起脚"
"fei_(maidoll)","飞_艺术家"
"fei_luo_mao","飞利奥毛"
"feibai","36361825，泽成飞白"
"feichu_keju","海狮角斗"
"feigning_sleep","假睡"
"feint721","心肠柔软，sunny721"
"feipin_zhanshi","fptts1300，平泽吉太"
"feitan_portor","飞天"
"feiwusheng","修生_海面上升党协会"
"felching","吞精"
"feldt_grace","优雅质感"
"felfia","愤怒"
"felicia_(darkstalkers)","费莉西亚_吸血鬼"
"felicia_(fire_emblem)","菲莉西娅_(火焰之纹章IF)"
"felix_(golden_sun)","加西亚_金色的太阳"
"felix_argyle","费里斯_(Re:Zero)"
"fellatio","口交"
"fellatio_gesture","摆着口交的手势"
"fellatio_under_mask","面纱下的口交"
"felyne","帕利科"
"female_abyssal_admiral_(kancolle)","女性深渊舰队司令（舰姬Collection）"
"female_admiral_(kancolle)","女性海军上将（舰姬Collection）"
"female_commander_(girls'_frontline)","女性指挥官_《少女前线》"
"female_ejaculation","潮吹"
"female_ejaculation_through_clothes","女性通过衣物射精"
"female_goblin","女哥布林"
"female_masturbation","女性自慰"
"female_orc","女兽人"
"female_orgasm","女性高潮"
"female_pervert","痴女"
"female_pov","女性视角"
"female_pubic_hair","女性阴毛"
"femboy_hooters_(meme)","娘系男孩，暴露胸部装束"
"femdom","逆强奸"
"fence","栅栏"
"fender_jazz_bass","爵士贝斯，J型贝斯"
"fender_jazzmaster","爵士大师，迷幻节奏_心灵大师"
"fender_precision_bass","精准低音"
"fender_stratocaster","斯特拉托卡斯特吉他"
"fender_telecaster","电吉他"
"fengguai","微博_7369735388"
"fennel_(pokemon)","玛可莫_(宝可梦)"
"fennery_(show_by_rock!!)","茴香味_(由Rock!!展示)"
"fenrir_(housamo)","芬里尔_（东京放课后的召唤师们）"
"fenrir_(shingeki_no_bahamut)","芬里尔_《碧蓝幻想》"
"fensedekaoji","狐狸边界框"
"feower_(granblue_fantasy)","四重奏_碧蓝幻想"
"ferdinand_marl_e","费迪南德·马尔_E。"
"fergus_mac_roich_(fate)","费格斯·麦克罗伊奇_（命运/冠位指定）"
"fergus_mac_roich_(young)_(fate)","费格斯·麦克罗伊奇（年轻版）（命运/冠位指定）"
"fern_(bhbtr)","bhbtr_dr，变态角色扮演"
"fernanda_suarez","费尔南达"
"ferret","貂"
"ferret_ears","雪貂咪咪"
"ferret-san","ferretsan7，费雷特桑7"
"ferris_wheel","摩天轮"
"ferry_(granblue_fantasy)","费里_(碧蓝幻想)"
"festival","节日|祭典"
"fetal_position","胎儿状的蜷缩"
"fewer_digits","三指手"
"fff_threesome","女女女3P"
"ffm_threesome","女女男3P"
"fgm-148_javelin","标枪型（火箭发射器）"
"fh_moya","烟雾病_(moya11158375)"
"fi_(zelda)","菲"
"fi_zz_ill","菲兹萨达"
"fiammetta_(arknights)","《明日方舟》痛苦主题"
"fictional_persona","原创人物"
"fidelio_(metaphor:_refantazio)","菲德里奥·马格努斯"
"fidgeting","坐立不安"
"field","田野"
"field_cap","巡逻帽"
"field_ration","军事角色，口粮"
"fiery_background","燃烧背景，/火焰背景，火之背景，/火元素背景，火焰状背景"
"fiery_hair","火焰色头发，燃烧状头发"
"fiery_horns","燃烧的角，火焰般的角，火之角"
"fiery_tail","火焰尾巴，燃烧的尾羽"
"fiery_wings","燃烧着的翅膀"
"fif_(granblue_fantasy)","有趣，欢乐"
"fig_leaf","遮羞布，掩饰手段"
"fig_sign","杜莉娅，手指手势，手部图案，曼诺菲科"
"fight_class_3","gyeoggi_3_ban，极恶之三禁"
"fight_ippatsu!_juuden-chan!!","战斗一发十连弹酱，十连弹酱"
"fighter_jet","战斗机"
"fighting","战斗中的"
"fighting_fefnir_(mega_man)","菲尼尔_(洛克人)"
"fighting_stance","战斗姿态|摆着架势的"
"figmnts","恶心感"
"figure","手办"
"figure_17","图17"
"figure_story","人物奇幻风格"
"fii-tan_the_figure","秋叶原娘"
"file_cabinet","文件柜"
"film_grain","胶片颗粒感|老电影滤镜"
"film_strip","电影胶片"
"filo_(tate_no_yuusha_no_nariagari)","菲罗_（勇者斗恶龙）"
"fin_e_ld_si_laffinty","fin_ay_ludo_sui_lavinty，lan_(拉格朗日)"
"final_fantasy","/ff，最终幻想"
"final_fantasy_crystal_chronicles","淡粉色，粉红色系"
"final_fantasy_i","/ff1,ff1,ffi，最终幻想1，最终幻想1，最终幻想I"
"final_fantasy_iii","/ff3,ff3,ffiii，最终幻想3，最终幻想3，最终幻想III"
"final_fantasy_iv","最终幻想4，最终幻想4，最终幻想5，最终幻想IV"
"final_fantasy_iv:_the_after_years","最终幻想IV：终章，最终幻想IV：多年之后"
"final_fantasy_tactics","FFT，FFT战术，战斗策略"
"final_fantasy_tactics_a2","FFTA2，《最终幻想战略版2》"
"final_fantasy_type-0","最终幻想13，最终幻想零式，最终幻想Type-0，最终幻想Type Zero"
"final_fantasy_unlimited","FFU过滤器"
"final_fantasy_v","《最终幻想5》，《最终幻想5》，《最终幻想V》"
"final_fantasy_vi","/ff6,ff6,ffvi，最终幻想6，最终幻想6，最终幻想VI"
"final_fantasy_vii","最终幻想7，最终幻想7，最终幻想7游戏，最终幻想7相关内容"
"final_fantasy_viii","《最终幻想8》，《最终幻想8》，《最终幻想8》"
"final_fantasy_x","最终幻想10，最终幻想10，最终幻想X，最终幻想10，最终幻想10"
"final_fantasy_xi","最终幻想11，最终幻想11，最终幻想11X，最终幻想11"
"final_fantasy_xii","《最终幻想12》，《最终幻想12》，《最终幻想12》"
"final_fantasy_xii_revenant_wings","亡灵之翼"
"final_fantasy_xiii","《最终幻想13》，《最终幻想13》，《最终幻想13》"
"final_fantasy_xiv","《最终幻想14》，《最终幻想14》，《最终幻想14：重生》"
"final_fantasy_xv","最终幻想15，最终幻想15，最终幻想15X，最终幻想对决13"
"final_fantasy_xvi","最终幻想16，最终幻想16，最终幻想16"
"finch_(xenoblade)","伊布基_(异度神剑)"
"fine_(futagohime)","完美，完美_深月之双姬"
"fine_art_parody","对某美术品的模仿|模仿名画"
"fine_fabric_emphasis","精细的面料感|超还原的丝袜"
"finger_biting","咬手指"
"finger_cots","手指套"
"finger_counting","手指数量"
"finger_frame","手指摄像头"
"finger_gun","手指作手枪状"
"finger_in_another's_mouth","口内指交"
"finger_in_mouth","手指伸进嘴里"
"finger_in_own_mouth","含手指于口内，手指伸入口中，多根手指在口中，多根手指伸入口腔"
"finger_on_trigger","准备扣扳机的手势"
"finger_puppet","手指木偶"
"finger_sucking","吮吸手指"
"finger_to_another's_mouth","手指轻触他人嘴唇"
"finger_to_mouth","手抵在嘴唇边"
"finger_to_own_chin","手指抵下巴"
"finger_twirl","旋转手指"
"fingering","指交"
"fingering_through_clothes","手指隔着衣物摸来摸去"
"fingerless_gloves","无指手套"
"fingernails","指甲"
"fingers","手指"
"fingers_together","手指并拢"
"fingersmile","手指微笑"
"finland_(hetalia)","蒂诺·瓦伊纳莫伊宁"
"finni_chang","菲尼"
"finnish_text","芬兰人"
"fino_bloodstone","菲诺血石"
"fins","鱼鳍"
"fintowing","李汉杓"
"fio_(nier)","白色皮肤的女孩"
"fio_germi","菲奥莉娜·格米"
"fiodo","说了好多好多"
"fionna_campbell","人类女孩菲奥娜"
"fiora_(league_of_legends)","菲奥拉·劳伦特"
"fiora_(xenoblade)","菲奥伦格_异度之刃"
"fire","火"
"fire_emblem","火焰纹章，火焰之纹章"
"fire_emblem_awakening","/fire11，火焰之纹章：觉醒，火焰之纹章：苍炎，火焰之纹章苍炎"
"fire_emblem_echoes:_shadows_of_valentia","火焰之纹章：回声_孤独的英雄"
"fire_emblem_fates","火焰之纹章IF"
"fire_emblem_warriors","火焰之纹章无双"
"fire_emblem_warriors:_three_hopes","火焰之纹章：三重希望"
"fire_emblem:_genealogy_of_the_holy_war","/fe4,fe4，《火焰之纹章：圣战传说》，《火焰之纹章：英雄的凯歌》，《火焰之纹章：英雄的凯歌》"
"fire_emblem:_mystery_of_the_emblem","/fire3，/fire3，《火焰之纹章：英雄的谜题》，《火焰之纹章 英雄的谜题》，《火焰之纹章：徽章之谜》"
"fire_emblem:_new_mystery_of_the_emblem","火焰之纹章：圣魔之光之谜"
"fire_emblem:_path_of_radiance","/fire9，/fe9，《火焰之纹章：光之轨迹》，《火焰之纹章：苍之封印》，《火焰之纹章：苍之封印》"
"fire_emblem:_radiant_dawn","/fire10，/fire10，《火焰之纹章：晓之女神》，《火焰之纹章 晓之女神》，《火焰之纹章：光辉的黎明》"
"fire_emblem:_shadow_dragon","火焰之纹章：暗黑龙与光之剑，火焰之纹章：新黑暗龙与光之剑"
"fire_emblem:_shadow_dragon_and_the_blade_of_light","/fire1，/fire1，《火焰之纹章：暗黑龙与光之剑》"
"fire_emblem:_the_binding_blade","/fire6，/fire6，《火焰之纹章：风花雪月》，《火焰之纹章 风花雪月》，《火焰之纹章 封印之剑》"
"fire_emblem:_the_blazing_blade","/fire7，/fire7，《火焰之纹章：烈火之剑》，《火焰之纹章：雷卡之剑》，《火焰之纹章：雷卡之剑》"
"fire_emblem:_the_sacred_stones","/fire8，/fire8，《火焰之纹章：圣石》，《火焰之纹章：塞玛的封印》，《火焰之纹章：塞玛的封印》"
"fire_emblem:_thracia_776","/fe5,fe5，《火焰之纹章：色雷斯》776"
"fire_emblem:_three_houses","火焰之纹章：风花雪月"
"fire_man","消防员"
"fire_truck","消防车，灭火车"
"fireball","火球，火球（火焰），多个火球"
"firecrackers","鞭炮"
"firefighter","消防员"
"firefighter_jacket","防火服"
"fireflies","萤火虫"
"firefly_(honkai:_star_rail)","萤_(崩坏：星穹铁道)"
"firelight_ekko","奥术艾克奥"
"fireman's_carry","消防员背负，多名消防员共同背负，将人扛在双肩上"
"fireplace","壁炉"
"firestar_(warrior_cats)","火星人_战士"
"fireworks","烟花"
"firing","射击"
"firion","弗里奥妮尔"
"first_aid_kit","医疗包，急救箱，医药包"
"firstw1","合气第一式W1"
"fish","鱼"
"fish_(sakana135026)","yu_(user_ppmu8883)，用户ppmu8883"
"fish_bone","鱼骨图，鱼骨结构，多条鱼骨"
"fish_boy","渔人"
"fish_bread","楚丽_E_(suse09)"
"fish_girl","鱼人"
"fish_hair_ornament","鱼形发饰"
"fish_print","鱼形印花"
"fish_tail","尾鳍"
"fish_tank","鱼缸"
"fish-shaped_pillow","鱼形枕头"
"fish.boy","a4typhoon，风暴型角色"
"fishbowl","鱼缸场景"
"fisheye","鱼眼镜头"
"fishing","钓鱼"
"fishing_line","钓鱼线"
"fishing_rod","钓鱼竿"
"fishneak","黑发函数"
"fishnet_legwear","渔网袜"
"fishnet_top","渔网衫"
"fishnets","渔网"
"fist_bump","握拳碰拳，拳头碰撞"
"fitness_boxing_feat._hatsune_miku:_isshoni_exercise","fit_boxing_feat._初音未来:_单人锻炼"
"five_star_stories","全裸场景"
"five-seven_(girls'_frontline)","五七_(少女前线)"
"fjorm_(fire_emblem)","菲约姆_（火焰之纹章英雄传）"
"flaccid","未勃起的"
"fladramon","火焰龙魔龙"
"flag","旗"
"flag_print","旗帜印花"
"flail","梿枷"
"flame","火焰"
"flame_print","火焰图案"
"flame-tipped_tail","火尖尾，火焰尖尾，燃烧尖端尾，尾尖火焰"
"flamebringer_(casual_vacation)_(arknights)","火焰使者_(节日)_《明日方舟》"
"flametail_(arknights)","索娜_(《明日方舟》)"
"flamie_speeddraw","弗雷米快速绘图"
"flaming_eye","焰目"
"flaming_eyes","燃烧的眼眸，炽热的眼瞳，火红眼眸"
"flaming_hand","燃烧之手，燃烧之手，火焰之手，火焰之手，火之拳，火之拳"
"flaming_skull","燃烧的头骨"
"flaming_sword","燃烧之剑，火焰之剑，火属性之剑，烈焰之剑"
"flaming_weapon","燃烧武器，火焰武器，火属性武器，烈焰武器"
"flan_(zhd91)","服部岚"
"flandre_scarlet","/FS风格"
"flannery_(pokemon)","亚丝娜_(宝可梦)，弗兰纳里"
"flapping","拍打动作"
"flash_game","游戏"
"flash_man","弗莱什曼"
"flashback","回忆场景"
"flashing","露出"
"flashlight","手电筒"
"flask","烧瓶"
"flat_ass","贫瘠的屁股"
"flat_cap","平顶帽|司机帽"
"flat_chest","平胸|贫乳"
"flat_chest_grab","抓着贫乳"
"flat_color","平涂风格"
"flats","无背景|平铺的背景"
"flattop","平顶发型"
"flauschtraut","人们需要英雄，角地狱"
"flayne_(basedbinkie)","骑士_(basedbinkie)"
"flcl","愚蠢又酷炫，疯狂又古怪"
"fleeing","在逃跑的"
"fletcher_(kancolle)","弗莱彻_(舰姬Collection)"
"fleur_de_lapin_uniform","点兔女仆装"
"fleur-de-lis","百合花图案"
"flexible","柔韧性好的"
"flexing","秀肌肉"
"flexing_pectorals","展示胸肌"
"flight_attendant","空乘人员"
"flint_(mother_3)","打火石"
"flint_(pokemon)","欧巴_(宝可梦)"
"flip_phone","翻盖手机"
"flip-flops","人字拖"
"flipped_hair","外卷发型"
"flippers","泳鳍"
"flit_asuno","亚丝娜炸版，亚丝娜油炸版"
"floating","浮动的|在漂浮的"
"floating_cape","飘动的披风，漂浮的小披肩，飘逸的长斗篷"
"floating_card","掉落的卡片"
"floating_clothes","吹动衣物"
"floating_earring","垂耳环，吊耳环"
"floating_fortress_(kancolle)","浮空要塞_(舰姬Collection)"
"floating_hair","飘动的头发"
"floating_island","浮岛"
"floating_neckwear","漂浮领结，漂浮颈带，漂浮领带"
"floating_object","漂浮物"
"floating_scarf","飘逸围巾"
"floating_skull","飞行头骨"
"floating_sword","漂浮之剑，飞剑"
"flock","悠远|恢弘感|一大群"
"floor","地板"
"floppy_ears","大耳朵|下垂的耳朵|飞机耳发型"
"flora_(fire_emblem)","弗洛拉_(火焰之纹章IF)"
"florakinesis","植物魔法，操控植物"
"floral_background","花朵点缀的背景|有花香的感觉"
"floral_border","花朵边框"
"floral_bow","礼物蝴蝶结"
"floral_print","花朵图案(印花)"
"floralmi","花朵地板图案"
"floren_(xenoblade)","萤火虫_(异度之刃)"
"florence_nightingale_(divine_princess_of_the_storm)_(fate)","风暴之神圣公主"
"florence_nightingale_(fate)","弗洛伦斯·南丁格尔（命运/冠位指定）"
"florence_nightingale_(santa)_(fate)","弗洛伦斯·南丁格尔·圣诞老人（命运/冠位指定）"
"florence_nightingale_(trick_or_treatment)_(fate)","万圣节讨糖"
"florian_(pokemon)","男性主角_(宝可梦太阳/月亮版)"
"flow_(splatoon)","三浦_《喷射战士》"
"flower","花"
"flower_(gynoid_talk)","v_flower_（女体人形对话）"
"flower_(symbol)","花(符号)"
"flower_(vocaloid)","花朵特效"
"flower_bracelet","花手镯"
"flower_earrings","花耳环"
"flower_field","花田"
"flower_knot","绳结"
"flower_necklace","花环|鲜花项链"
"flower_pot","花盆，植物盆，种植用盆"
"flower_tank_(touhou)","花之坦克"
"flower-shaped_hair","头发上插花，发间花朵"
"flower-shaped_pupils","花朵形状的瞳孔"
"fluf.p","Tshna风格"
"fluffy","毛茸茸的"
"flustered","慌乱的"
"flute","笛"
"fly","飞虫"
"fly_tutu","芙图兹"
"flying","飞行"
"flying_kick","飞踢"
"flying_nimbus","金堂"
"flying_saucer","不明飞行物"
"flying_sweatdrops","飞扬的汗珠"
"flynn_(megami_tensei)","主角_(SMT4)"
"flyswatter","拍苍蝇棒"
"fn_five-seven","五七式步枪"
"fn-49_(girls'_frontline)","FN-49_（少女前线），fn49_（少女前线）"
"fnc_(girls'_frontline)","《少女前线》，FNC_少女前线"
"foam","泡沫"
"foam_mustache","泡沫胡子"
"focke_wulf","福克，霍克尔鲁夫，超级扁平洛丽尼特龙"
"fog","雾"
"foil","铝箔，锡箔"
"folded","抬腿露阴"
"folded_fan","闭合风扇"
"folded_ponytail","蜷起来的马尾"
"folder","文件夹"
"folding_chair","折叠椅"
"folding_fan","扇子"
"folding_screen","日式活动隔墙"
"folkssoul","民间传说_游戏"
"fomnant","元宇托伊赛"
"fon_(96nokimihito)","96诺基米希托"
"fong_pudding","黄布玲"
"foo_fighters_(jojo)","大金刚"
"food","食物"
"food_dildo","糖果形状假阳具，水果形状假阳具，蔬菜形状假阳具"
"food_fantasy","美食羁绊，美味传奇"
"food_in_mouth","嘴里有食物"
"food_insertion","阴道进食"
"food_on_body","身体上有食物"
"food_on_face","脸上有食物"
"food_on_hand","手指上的食物"
"food_print","食物印花"
"food_stand","食品摊"
"food_theft","偷食物"
"food_truck","冰淇淋车"
"food-themed_background","以食物为主题的背景"
"food-themed_clothes","以食物为主题的服装"
"food-themed_creature","食物动物"
"food-themed_earrings","以食物为主题的耳环"
"food-themed_hair_ornament","食物主题发饰，食品造型发饰"
"food-themed_ornament","以食物为主题的装饰品"
"food-themed_pillow","食品主题枕头"
"foot_against_wall","脚踩墙壁"
"foot_focus","脚部特写，脚部视角"
"foot_kabedon","腿部卡贝顿装"
"foot_on_another's_face","脚踩在他人脸上，脚压脸，用脚捂住嘴"
"foot_out_of_frame","单脚不在图内"
"footjob","足交"
"footprints","脚印"
"footwear_bow","靴子蝴蝶结，蝴蝶结鞋类，鞋子蝴蝶结"
"footwear_flower","鞋花"
"footwear_ribbon","靴带，鞋带"
"force-feeding","强制喂食，强迫进食"
"forced_dressing","强制角色扮演"
"forced_orgasm","强制高潮"
"forced_partners","轮奸"
"forehead","额头"
"forehead_flick","贴纸图片"
"forehead_jewel","额前有宝石"
"forehead_kiss","亲吻额头"
"forehead_mark","额前有图案"
"forehead_protector","护额"
"forehead-to-forehead","额头贴额头"
"foreshortening","正前缩距透视法"
"foreskin","包皮"
"foreskin_pull","包皮回缩"
"forest","森林"
"forest_(4423)","森林，丛林"
"fork","餐叉"
"forked_tongue","蛇舌，分叉舌头"
"formal","正装"
"formal_clothes","正式场合"
"formula_one","一级方程式赛车"
"forrest_(fire_emblem)","foleo_(火之纹章IF)"
"forsyth_(fire_emblem)","火焰之纹章强制力"
"forzen","forzen_ppi，我讨厌我的姐姐"
"fou_(fate)","命运_(命运/冠位指定)"
"foul_detective_satori","欺诈侦探悟，高速侦探悟"
"fountain","喷泉"
"four-leaf_clover","四叶草"
"fouriasensei","芙莉亚老师"
"fourleafisland","猫面具，四叶草，魔术表演"
"fourth_of_july","独立日_(美国)"
"fourth_wall","虚实穿插|连接到现实的感觉|次元壁"
"fourtwelve","白子_(b7akko)"
"fox","狐狸"
"fox_costume","狐狸装"
"fox_ears","狐耳"
"fox_girl","狐娘"
"fox_mask","狐狸面具"
"fox_shadow_puppet","狐狸手势"
"fox_statue","稻荷神像"
"fox_tail","狐狸尾巴"
"foxykuro","黑狐"
"foxyreine","狐雨"
"fragarach_(fate)","弗拉加拉克剑"
"fragile:_sayonara_tsuki_no_haikyo","脆弱的梦想"
"framed_breasts","极具立体感的乳房"
"france_(hetalia)","弗朗西斯·邦诺费伊"
"franceska_mila_rose","米拉·罗斯"
"francisco_valle","虚拟主播"
"franhill","芙兰雪儿，胡兰西鲁"
"franken_fran","弗兰肯弗兰_（漫画）"
"franken_stein_(soul_eater)","弗兰肯斯坦博士"
"franklin_bordeau","富兰克林_全职猎人"
"franky_(one_piece)","弗兰基"
"franziska_von_karma","枫雅"
"fraw_bow","Frau Bow角色，芙劳·鲍"
"fre_(haochilanzuo)","藏雪"
"freakyfir","穆罕默德·菲尔道斯"
"freckles","雀斑"
"freckles_nun_(diva)","单发修女（歌后）"
"freddyhalloween","弗雷迪_(pixiv30729500)"
"frederica_nikola_tesla","尼古拉·特斯拉（崩坏：星穹铁道）"
"frederica_sawyer","清洁工索耶"
"frederick_(fire_emblem)","弗雷德里克_火焰之纹章"
"freediving","潜水(泳姿不限)"
"freeglass","费德里科·伊格莱西亚斯"
"freesia_(granblue_fantasy)","俾斯麦风信子"
"freestyle18","乐天理论"
"freeze-ex","冻结性行为"
"freija_crescent","芙蕾雅新月"
"french_battleship_princess","法国战列舰姬"
"french_braid","法式辫子"
"french_cruller","卷饼"
"french_flag","法国国旗"
"french_fries","炸薯条"
"french_kiss","舌吻"
"french_text","法文"
"frenlyse","盖尔·尼尔"
"fresh_precure!","新鲜光之美少女，可爱新鲜光之美少女，可爱新鲜光之美少女！"
"frfr","ls-lrtha，长发，蓝色眼睛，白色皮肤"
"friday_night_funkin'","周五夜晚放克乐"
"fried_egg","煎蛋|荷包蛋"
"fried_rice_prank_(meme)","米浪_表情包"
"friedbirdchips","洋葱破解器v3"
"friends","朋友"
"frieren_blowing_a_kiss","弗利伦飞吻（迷因）"
"frieza","弗利萨"
"frilled_apron","花边围裙"
"frilled_bikini","花边比基尼"
"frilled_bonnet","褶边帽"
"frilled_bow","花边蝴蝶结"
"frilled_bra","花边胸罩"
"frilled_capelet","花边披肩"
"frilled_choker","花边项圈"
"frilled_collar","花边衣领"
"frilled_dress","花边连衣裙"
"frilled_gloves","花边手套"
"frilled_hairband","花边发带"
"frilled_kimono","花边和服"
"frilled_legwear","花边的裤袜"
"frilled_panties","花边内裤"
"frilled_ribbon","花边缎带"
"frilled_shirt","花边衬衫"
"frilled_shirt_collar","花边衬衫领"
"frilled_skirt","花边裙子"
"frilled_sleeves","花边袖子"
"frilled_swimsuit","花边泳衣"
"frills","花边"
"fringe_trim","碎边饰物|边缘装饰物"
"frog","青蛙"
"frog_(chrono_trigger)","苍鹭_(时间触发器)"
"frog_costume","青蛙装，蛙人服"
"frog_girl","青蛙娘"
"frog_hair_ornament","青蛙发饰"
"froggy_nun_(diva)","钩状刘海修女（歌后风）"
"froggy_nun's_father_(diva)","钩鼻修女的父亲（歌后）"
"frogtie","青蛙捆绑"
"from_above","俯视镜头"
"from_argonavis","来自《Bang Dream！》的氩鸟兽"
"from_behind","背影"
"from_below","仰视镜头"
"from_outside","室外看向室内(的镜头)"
"from_side","角色的侧面"
"front_ponytail","束在正面的马尾"
"front_zipper_swimsuit","拉链在正面的泳衣"
"front-print_panties","正面有图案的内裤"
"front-tie_bikini","从正面打结的比基尼"
"front-tie_bikini_top","前系式比基尼"
"front-tie_top","从正面打结的衣物"
"froslass","雪女"
"frostleaf_(breaking_the_ice)_(arknights)","霜叶_(打破坚冰)_(明日方舟)"
"frottage","摩擦性器官|用性器官摩擦别人的身体"
"frown","皱眉"
"froze_(funamusea)","冻结_(海色天边)"
"frozen","被冻住的"
"frqz_bijutsu","普通水平艺术家"
"fruit","水果"
"fruit_background","/水果背景"
"frying_pan","平底锅"
"fte_(fifteen_199)","PZ-15，15式反坦克炮"
"fu_hua_(fenghuang_of_vicissitude)","凤凰（迦楼罗），福华（迦楼罗）"
"fu_hua_(hawk_of_the_fog)","富华_庭院之鹰"
"fu_hua_(valkyrie_accipiter)","富华_女武神之翼"
"fubuki_(blue_archive)","涅姆加基·风雪"
"fubuki_(kancolle)","风雪_(舰队Collection)"
"fubuki_(one-punch_man)","吹雪_一拳超人，地狱级暴风雪"
"fuchida_kyou","安恩斯花园"
"fucked_silly","被肏到恍惚|被干得不要不要"
"fudo_yusei","伏斗有星，有星伏斗"
"fuente","布翁特"
"fuepo","芙普芙"
"fugetsu_taku","无出口"
"fugi_jis","锌帕克"
"fugu_custom","ふるふる河豚"
"fuha_mika_(akagi_asahito)","富哈·米卡"
"fuji_cak","科里·FJ"
"fuji_fujino","藤野_（云之诗）"
"fuji_shinobu","工作室植入物"
"fuji_tarawi","锂骑手"
"fujibayashi_sheena","藤林诗奈，希娜·藤林"
"fujikawa_arika","古川爱里香"
"fujiki_yusaku","藤木由作，由作·藤木"
"fujima_takuya","藤岛拓也"
"fujimachine_(clayten)","克莱顿"
"fujimaru_helena_(lonewolf4299)","藤丸海伦娜"
"fujimaru_meave_(lonewolf4299)","藤丸梅芙"
"fujimaru_myriam_(altermagna)","藤丸·米莉亚姆"
"fujimaru_nicholas_(lonewolf4299)","藤丸尼古拉斯"
"fujimaru_ritsuka_(female)","女性主角（命运/冠位指定），古达子"
"fujimaru_ritsuka_(male)","古道，男性主角（命运/冠位指定）"
"fujimaru_saorise_(lonewolf4299)","藤丸小梨子"
"fujimi_nanna","第778集"
"fujimoto_kishino","ciron_zzz，时光飞逝"
"fujinami_(kancolle)","藤波_(舰姬Collection)"
"fujinohara_akihira","藤野原昭广"
"fujinomiya_rio","藤野宫丽子"
"fujioka_toki","鸟居白洲"
"fujisaki_subaru","昴宿星团"
"fujisawa_naoyuki","奈绪雪"
"fujisee","fj_tmg，幻想题材漫画"
"fujishima-sei_ichi-gou","藤岛-01"
"fujishino_shikino","mzkk_1826，神秘角色，18岁，26岁"
"fujishiro_emyu","艾米由"
"fujishiro_touma","10米"
"fujita_(speedlimit)","胡齐塔"
"fujitaka_nasu","高梨05"
"fujito_(call_f_)","好无聊啊"
"fujitsu_akira","胡吉图，令人心动的可爱感"
"fujiwara_minaho","藤原实叶"
"fujiwara_no_mokou","/fm/，/fnm/，藤原莫勾，胡兹瓦拉之莫勾"
"fujiwara_no_mokou_(young)","藤原望夫（凡人）"
"fujiwara_shun'ichi","藤原顺一"
"fujiwara_tatsuroo","藤原达郎"
"fujiya_takao","纳苏比_(W.C.S)"
"fujiyama","rin_(皇家版)"
"fujiyama_ichiha","edel_(edelcat)，优雅猫"
"fukada_ichika","鲨鱼女孩_（雪本修二）"
"fukae_(kancolle)","深江_舰队Collection"
"fukahire_(ruinon)","深羽三巴"
"fukai_ryosuke","深海龙介"
"fukaiton","深竹崎"
"fukami_(funamusea)","深见_（和多野原）"
"fukami_nana_(awono_nanaumi)","深见奈奈"
"fukamiki_kei","深见庆"
"fukawa_toko","深川透子"
"fuki_to_takenoko","深田藤乃子"
"fukkatsu_saisei_kaijin","重生"
"fukkireta","织部辉乃"
"fukuda_haru","福田_(少女与战车)"
"fukuda935","克达奇克风格"
"fukudahda","福田亚达，小川剑藏"
"fukujima_kiwi","东北奇异果"
"fukumitsu_(kirarirorustar)","奇拉莉罗鲁之星"
"fukunaga_yukito","雪人_(编年史)"
"fukunoki_tokuwa","里宇沙藤"
"fukunomiya_koko_(kuromiya)","深野小子"
"fukurahagi_uomaru","霞浦_卡库拉"
"fukuro_daizi","福库罗子_（绿茶）"
"fukuzawa_yukichi_(egoist867)","诺安"
"fuli_(narumiyafuri)","用户_scdg8345"
"full_armor","穿着全套盔甲的"
"full_body","全身|画出了全身"
"full_metal_panic!","全金属恐慌，全金属恐慌系列"
"full_moon","满月"
"full_moon_wo_sagashite","满月光晕效果，跟随满月的特效"
"full_mouth","满嘴食物"
"full_nelson","双肩下握颈体位"
"full_stomach","吃撑了"
"full-body_tattoo","全身纹身"
"full-face_blush","整张脸泛红"
"full-length_zipper","有整件衣物长的拉链"
"full-package_futanari","有完整两性器官的扶她"
"fullmetal_alchemist","/fma，fma，全金属炼金术师，钢之炼金术师"
"fuluola_xiaoyao","h9ef1，h9ef3d，墨水画风格"
"fumato","芙玛芙"
"fume","气得冒烟(含一定漫画元素)"
"fumei_(mugendai)","凝固汽油弹零号"
"fumetsu_no_anata_e","献给你的永恒"
"fumihiko_(fu_mihi_ko)","fumihiko_(pixiv2658856)，伏见博彦"
"fumika_bug_(idolmaster)","芙美香 BUG"
"fumiko_(mesushi)","令人心醉神迷"
"fumio_(rsqkr)","胡米奥"
"fumio_(ura_fmo)","文雄"
"fumitan_(humitan)","柳田文太，柳田下"
"fumizuki_(kancolle)","风月_(舰队Collection)"
"fumizuki_(sleepy_fairy)_(azur_lane)","风月（半睡仙子）（碧蓝航线）"
"fumizuki_academy_school_uniform","风月学园制服"
"fumizuki_homura","湿透的晓美焰"
"fummy","兔女郎"
"funabara_(sksn_herb)","船原涂鸦被偷走了"
"funade_no_mae_no_one_day_trip_(project_sekai)","启航前的一天短途旅行_（project_sekai），长途旅程前的小小出行_（project_sekai）"
"funami_mari","玛丽_(百合向)"
"fundoshi","兜裆布"
"funengliang_jieheti","暖色系"
"funeral_dress","丧服"
"funky45","灯里00安祖"
"funnels_(gundam)","漏斗形结构"
"funnyari","哈瓦瓦尼，哈瓦瓦尼努斯"
"funyo_(masa)","清正_(弹丸)"
"fur","毛皮"
"fur_boots","矮跟休闲皮草靴"
"fur_coat","毛皮大衣"
"fur_collar","毛皮衣领"
"fur_hat","毛皮帽子"
"fur_trim","皮草款式|毛皮镶边"
"fur-trimmed_boots","皮草靴"
"fur-trimmed_cape","毛皮镶边斗篷"
"fur-trimmed_capelet","毛皮装饰披肩"
"fur-trimmed_coat","镶边皮草大衣"
"fur-trimmed_dress","毛皮镶边连衣裙"
"fur-trimmed_gloves","毛皮镶边手套"
"fur-trimmed_headwear","带毛边装饰的帽子"
"fur-trimmed_hood","毛皮镶边风帽"
"fur-trimmed_jacket","皮草夹克"
"fur-trimmed_legwear","皮草修身长裤"
"fur-trimmed_skirt","毛皮镶边短裙"
"fur-trimmed_sleeves","毛皮镶边袖子"
"furina_(genshin_impact)","focalors_（原神）"
"furious","愤怒的，狂怒的"
"furirikkuru","用户_vsty2737"
"furisode","振袖"
"furo_atsushi","同人娘，萌妹娘"
"furono_(fuloru)","兽耳娘"
"furrowed_brow","紧锁的眉头"
"furry","毛茸茸|兽人"
"furry_female","女性兽人"
"furry_male","雄性兽人"
"furui_suguri","看板娘"
"furukawa_herzer","赫茨乌阿"
"furukawa_nagisa","冈崎渚"
"furukawa_uta_(yukimoto_shuuji_(gurigura))","长尾小鹦鹉女孩_（雪本修二_（咕噜咕噜））"
"furumeta","灵能刃"
"furumi_showichi","古见修一"
"furutaka_(kancolle)","古高_(舰队Collection)"
"furutani_himawari","古谷日向"
"furyou_michi_~gang_road~","愤怒之路～黑帮老大"
"fushicho","哈尼哇哈尼哈尼"
"fushigi_na_merumo","神秘的美露莫"
"fushigi_no_umi_no_nadia","娜迪亚：蓝水的秘密"
"fushigiboshi_no_futago_hime","双公主，奇迹星球的孪生公主"
"fushiguro_touji","深黑刚志"
"fushimi_sameta","丝绒质感"
"fusion","融合|合体"
"fusou_(kancolle)","扶桑_(舰队Collection)"
"fusuma_(nohbrk)","syooo_gd4，超级厉害的第四名"
"fusuma_(ramunezake)","拉穆内酒"
"futa_(nabezoko)","双性人4192"
"futa_with_female","扶她和女性"
"futa_with_futa","两个扶她"
"futa_with_male","扶她和男性"
"futa_with_newhalf","带有双性特征的NewHalf角色"
"futa_without_pussy","新半身像，人妖"
"futaba_channel","2chan，双叶"
"futaba_miwa","方糖"
"futaba_suetsuki","末月渚"
"futami_kito","kito_(pixiv98689)，吉托_(pixiv98689)"
"futanari","扶她"
"futanari_masturbation","newhalf自慰内容"
"futaori_arisa","雪月_(萌感)，雪月_(pixiv134222)"
"futari_wa_precure","二人是Precure_（第1季），二人是美丽天使"
"futari_wa_precure_splash_star","二人是漂亮治愈Splash星"
"futaribeya","双人间：_两人专用房间"
"futase_hikaru","希卡伦纳蒂克"
"futasub","干扶她|玩弄扶她"
"futatsuki_hisame","暗色日纱，苍月日纱"
"futeiki_kaisai_shin_corner","贝·尼奥辛加"
"futon","被窝"
"futsu_iyu","节日0606"
"fuuen_(akagaminanoka)","赤红之空"
"fuufu_ijou_koibito_miman.","夫妻感，超越已婚伴侣却非恋人关系"
"fuuin_no_tsue","封印之杖"
"fuujin_(ff8)","芙珍_(FF8)"
"fuuka_(blue_archive)","葵耀芙卡"
"fuuka_(new_year)_(blue_archive)","相依萤火_(新年版)"
"fuuka_academy_school_uniform","芙卡学院制服"
"fuukadia_(narcolepsy)","后宫向"
"fuuma_kotarou_(fate)","福玛· Kotarou_（命运/冠位指定）"
"fuumin_(youkai_watch)","失眠"
"fuurin_(omaemona)","奥玛埃莫娜_(Pixiv)"
"fuurin_kingyou","令人惊叹"
"fuurin_sou","提示信息"
"fuurinkan_high_school_uniform","芙蓉馆高中制服"
"fuuun_ishin_dai_shogun","演歌欧杜大将军"
"fuwa_daisuke","A-10_（艺术家名）"
"fuwawa_abyssgard_(new_year)","芙瓦娃_阿斯加德_（第二套服装）"
"fuyu_(xxfylia)","星野由良"
"fuyu_yafunu","吹雪飘落"
"fuyukichi_(nikoniko1567)","妮可西嘉_45578174"
"fuyuno_(ramentaro23)","惠介，托里哈达23"
"fuyuno_haruaki","科技风冬野"
"fuyuno_kamome","大内归来"
"fuyuno_yuuki","安可雪月"
"fuyutsuki_mio","冬月_（库莉特训生）"
"fuyutuji","朝人_永不褪色"
"fuzichoco","富士巧克力"
"fuzinoe_13b","藤村_13"
"fuziwara_ayumu","Aym风格"
"fuzuki_fuuro","相原翔太"
"fuzuki_imeri","藤木伊织"
"fuzuki_yoshihiro","藤木良宏"
"fyuu-ka","冬雪_u_(fyuu)"
"g_(genesis1556)","g_(desukingu)，绝望之王"
"g_gundam","高达G型，机动战士高达G型，高达战斗机G型"
"g_yuusuke","久助"
"g-senjou_no_maou","穿着丁字裤的恶魔"
"g-string","超细款丁字裤"
"g-taste","味道感"
"g1_(jjw00123)","g1_（艺术家名），jjw1029"
"g11_(girls'_frontline)","g11_（少女前线）"
"g28_(girls'_frontline)","g28_（少女前线）"
"g3_(girls'_frontline)","g3_（少女前线）"
"g36_(girls'_frontline)","G36_（少女前线）"
"g36c_(girls'_frontline)","G36C_（少女前线）"
"g41_(girls'_frontline)","G41_（少女前线）"
"g5_iguazu_(armored_core_vi)","g5_伊瓜苏_(装甲核心6)"
"ga_is","Ericga角色"
"ga-chan_(kokonattusoul)","加诺人"
"ga4me4","神之海岛游戏"
"gaaruru_(pripara)","加鲁鲁_(普里帕拉)"
"gabao_(mattari_2019)","加巴约"
"gabranth_(ff12)","加布兰斯_最终幻想"
"gabriel_(dadaist)","mio_(gabriel)，米奥_加布里埃尔"
"gabriel_(housamo)","加布里埃尔_（东京放课后的召唤师们）"
"gabriel_evangel","加布里埃尔·格雷福德"
"gabriel_tenma_white","天马加百列·怀特"
"gacha_(game_mechanic)","抽卡"
"gachigachi","哈瓦娃"
"gadabout_(dq3)","小丑_(dq3)"
"gae_bolg_(fate)","盖布奥格"
"gae_buidhe_(fate)","盖布德赫"
"gae_dearg_(fate)","绿色眼睛"
"gag","猿辔|塞口物"
"gag_manga_biyori","日常漫画，碧洋琪"
"gaga_(gamerakero)","游戏创作者"
"gager_(girls'_frontline)","《少女前线》加格，gager_(girls_frontline)"
"gagged","被塞口的"
"gagraphic","精美画面"
"gaia_(girls'_frontline)","盖亚_(少女前线)"
"gaijin_4koma_(meme)","外国人_四格漫画，外国人4格漫画"
"gaikiken","罗森克鲁兹"
"gaikotsu_kishi-sama_tadaima_isekai_e_odekake-chuu","异世界降临的外国贵族大人，骷髅骑士在异世界"
"gairou_(takakuan)","高君"
"gaius_(fire_emblem)","盖亚_(火焰之纹章)"
"gaius_(tales)","盖亚斯"
"gaius_julius_caesar_(fate)","尤利乌斯·凯撒（命运），尤利乌斯·凯撒（命运/冠位指定）"
"gajuumaru","404_（艺术家名）"
"gake_no_ue_no_ponyo","海边悬崖上的小马娘"
"gakkou_gurashi!","校园直播！"
"gakkou_no_kaidan_(anime)","鬼故事"
"gakubuchi_aiko","学园系图标"
"gakuen_utopia_manabi_straight!","学园乌托邦真波直，真波直，真波直！"
"gakuran","学兰"
"gakuzan","葬送"
"gala_(16901040)","kyuu_(16901040)，久_"
"galaxy","星系"
"galaxy_angel","/ga，银河天使"
"galaxy_angel_rune","银河天使II，银河天使露妮"
"galaxy_man","银河人"
"galbae","2ha剧透"
"galgo_(awokenisfear)","我靠这什么鬼"
"galil_(girls'_frontline)","加利尔_(少女前线)"
"galilei_donna","加利莱女人"
"galko","辣妹女孩"
"gall_force","力量感，强大力量表现"
"galleria_no_chika_meikyuu_to_majo_no_ryodan","画廊迷宫：月亮协会"
"gals_rock_ambivalence_(idolmaster)","少女摇滚的矛盾心理"
"gals!","超级美少女"
"galuf_halm_baldesion","galuf_doe，加卢夫·多伊"
"gamagoori_ira","加马古里愤怒"
"gambeson","带护臂的双排扣上衣"
"gambian_rat_(kemono_friends)","冈比亚袋鼠鼠_（动物朋友）"
"gambier_bay_(kancolle)","甘比尔湾（舰队Collection）"
"game_boy","游戏男孩"
"game_boy_advance","GameBoy Advance，GBA游戏机"
"game_boy_advance_sp","GameBoy Advance SP，游戏男孩先进版SP"
"game_boy_color","GameBoy Color版"
"game_cg","游戏CG，游戏资源，游戏插画"
"game_console","游戏机"
"game_controller","游戏控制器"
"gamepad","游戏手柄"
"gameplay_mechanics","(融入了)游戏机制元素"
"gamilas","加米隆"
"gaming_chair","游戏椅"
"gamou_maki","加莫酱_(永远野芽郁)"
"gamushiro_(souren)","苍蓝之海"
"gan-metal","里巴亚"
"ganbare!_nakamura-kun!!","加油啊中村！"
"ganbaru_(woainini)","加油（给我），快跑吧"
"ganesagi","白银兔，白银之兔"
"gang_h","狗舌图案艺术"
"gangbang","轮奸"
"gangsta_hold","侧向持枪姿势"
"ganguro","黑皮"
"gangut_(kancolle)","甘古特_(舰姬Collection)"
"ganko-chan_(shashaneko123)","片又正人，虾虎鱼_（正人K）"
"ganmen2525","阿齐_(az_man_studios)"
"ganyu_(genshin_impact)","甘雨，坎乌_（原神）"
"ganyu_(young)_(genshin_impact)","甘雨_儿童版_原神"
"ganzu","甘祖17"
"gao","哇啊"
"gao_(gaolukchup)","高卢克楚普，高X"
"gaogaigar","高达加尔_机器人"
"gaou_(babel)","妖怪"
"gaou_(umaiyo_puyoman)","松井宏明"
"gap_(touhou)","隙间(东方)"
"gaping","敞开的|撑开的(阴部和屁眼)"
"garara_s_leep","加拉拉_S_睡眠"
"garden","花园"
"gardenia_(pokemon)","娜塔妮_(宝可梦)"
"gardening_shears","修枝剪"
"garen_(league_of_legends)","盖伦王冠护盾"
"gareth_(fate)","加雷思_（命运/冠位指定）"
"garib_(gari_gari_1)","嘎哩嘎哩_1"
"garlica","兽族植物园"
"garnet_rod","时间职员"
"garnet_til_alexandros_xvii","短剑_(FF9)，石榴石_(FF9)"
"garon_(fire_emblem)","加隆_火焰之纹章IF"
"garou_(one-punch_man)","狼人_(一拳超人)"
"garou:_mark_of_the_wolves","致命怒火：狼之印记，狼之印记"
"garreg_mach_monastery_uniform","加尔格·马可大修道院制服"
"garrison_cap","船形帽|卫戍帽|军便帽"
"garrote","钢琴线"
"garry_(ib)","加里_(ib)"
"garter_belt","吊带袜的腰带"
"garter_straps","吊带袜的吊带"
"garters","吊带袜的袜带"
"gary_oak","加里_宝可梦，加里_宝可梦，大木茂，茂_宝可梦，茂_宝可梦"
"gas_mask","防毒面具"
"gas_station","加油站"
"gascogne_(tropical_environs_acclimation_service_equipment)_(azur_lane)","加斯科涅_（海滩适应型护甲）_（碧蓝航线）"
"gashapon","扭蛋机"
"gassan_aya","葡萄柚花"
"gat_(hat)","加特"
"gatchaman","星球大战"
"gatchu","嘎丘"
"gate","门"
"gate_(mega_man)","洛克人之门"
"gate_of_babylon_(fate)","巴比伦之门，巴比伦的大门"
"gathers","褶裥(衣物)"
"gatling_gun","加特林机枪"
"gauntlets","护腕"
"gauss_<bokashi","高斯发酵，高斯<期待更多模糊效果>"
"gawain_(fate)","高文_(命运/extra)，高文_(命运/冠位指定)，高文_(命运之夜)"
"gawako","南波妮，塞古"
"gawr_gura_(casual)","高尔古拉_第二套服装"
"gawr_gura_(new_year)","高尔古拉_（第四套服装）"
"gawr_gura_(party_dress)","高尔古拉_第三套服装"
"gawr_gura_(school_uniform)","高尔古拉_（第五套服装）"
"gaz_(call_of_duty_4)","凯尔·加里克"
"gazelle_ears","驼鹿耳"
"gazelle_tail","驼鹿尾"
"gb_(doubleleaf)","草莓布丁"
"gd._fengzi","剧情向"
"ge-b","gebyy-terar，格比伊特拉尔"
"gear_(gearba50)","雨桥_(vdde3724)"
"gear_senshi_dendou","齿轮战士丹多"
"gears","齿轮"
"gebijiade_89","89_（宁），悠悠2狗属性"
"gedo_senki","大地的海之传说，大地的海之传说"
"geebee_79","加布鱼人"
"geewhy","贫民区青年，贫民区青年"
"gegege_no_kitarou","墓地之吉太郎"
"gegesan","老年人"
"geiru_toneido","千羽鸟普库"
"gekijigen_tag:_blanc_+_neptune_vs_zombie_gundan","巨型维度白+海王星对抗僵尸"
"gekikara_(tomboy-sama)","假小子大人"
"gekkan_shoujo_nozaki-kun","每月少女们_野崎君"
"gekkogahara_miaya","月山美夜，月光原美夜"
"gekkou_no_carnevale","月光嘉年华"
"gel_(chiericyan)","奇耶里青色"
"gelatin","果冻"
"gem","宝石"
"gem_(symbol)","钻石（表情符号），钻石（符号）"
"gem_uniform_(houseki_no_kuni)","宝石之国的制服"
"gemi_25","gemi-25，吉米-25"
"gemi_ningen","杰米宁根，纳乌格瑞姆2875"
"gemini_(feng)","楚灵"
"gemini_(zodiac)","双子座"
"gen_(genetrix)","维纳斯之母"
"gen_1_pokemon","第1代口袋妖怪"
"gen_2_pokemon","第2代口袋妖怪"
"gen_3_pokemon","第3代口袋妖怪"
"gen_4_pokemon","第4代口袋妖怪"
"gen_5_pokemon","第5代口袋妖怪"
"gen_6_pokemon","第6代口袋妖怪"
"gen_7_pokemon","第7代口袋妖怪"
"gen_8_pokemon","第8代口袋妖怪"
"gen'ei_wo_kakeru_taiyou","破晓幻象，创造太阳"
"genderswap","性转"
"genderswap_(ftm)","男体化"
"genderswap_(mtf)","女体化"
"genek","毁灭者98"
"gengchen_(aether_gazer)","耿晨_以太凝视者"
"gengetsu_(touhou)","月影"
"genie","精灵"
"genis_sage","天才贤者"
"genji_(overwatch)","岛田源治，源治·岛田"
"genjii_(touhou)","幻影"
"genjitsu_no_yohane","烈日下的约哈内"
"genjitsu_shugi_yuusha_no_oukoku_saikenki","一位写实风格英雄如何重建王国"
"genkai_tokki_monster_monpiece","怪物，单体部件"
"genkai_zero","黑暗艺术凯伊"
"genki_dama","精神炸弹"
"genkung","幻境"
"genmu_senki_leda","蕾达，尤霍科的奇幻冒险"
"genny_(fire_emblem)","珍妮_(火焰之纹章)"
"genshin_impact","原神"
"genso_(thereisnosauce)","源素_(吉特苏恩)"
"gensokyo","源创游"
"gensou_suikoden","英雄传说"
"gensou_suikoden_i","《英雄传说》系列"
"gensou_suikoden_ii","勇者斗恶龙II"
"gensou_suikoden_iii","勇者斗恶龙3"
"gensou_suikoden_iv","勇者斗恶龙IV"
"gensou_suikoden_tierkreis","勇者斗恶龙，天之环"
"gensou_suikoden_v","《勇者斗恶龙V》"
"gensou_suikogaiden","鬼灭之刃"
"gensoukoumuten","幻境都市"
"gentaro_(g_teall)","玄米茶_(g_teall)，g_teall"
"genten_douji","源人堂子"
"gentiane_(girls'_frontline)","龙胆花_(少女前线)"
"gentle_sasaki","剑斗虎佐佐木"
"gentlu_(precure)","温柔型（美少女战士）"
"genyaky","京也_(mukuro238)"
"geo_(yukishitadou)","吉吉"
"geo_stelar_(mega_man)","星川 Subaru_（洛克人）"
"geococcyx","幽灵族"
"geokinesis","大地魔法，操控大地"
"geomdaeng","黑辅_(gd_5253)"
"geonjeonji","绝美汉尼拔，惊艳汉尼拔"
"george_man","黑茶_63"
"georgia_(pokemon)","兰利_(宝可梦)"
"georgios_(fate)","圣乔治_（命运/冠位指定）"
"gepard_m1_(girls'_frontline)","猎豹M1_（少女前线）"
"geppewi","沉底者_(Pixiv)"
"geregere_(lantern)","卡波特亚对兰坦特"
"german_clothes","德国服装"
"german_flag","德国国旗"
"german_flag_bikini","德国国旗比基尼"
"german_text","德语"
"germany","德国"
"germany_(hetalia)","路德维希_(赫塔利亚)"
"gero_zoukin","夏露扎金"
"gerome_(fire_emblem)","杰罗姆_火焰之纹章"
"geronimo_(fate)","杰罗尼莫_(命运/冠位指定)"
"gertrude_strollo_(arknights)","格特鲁德_(《明日方舟》)"
"gerudo_set_(zelda)","格鲁多人链接"
"gerusyu","凝胶眼线笔"
"gesture","手势动作"
"geta","木屐"
"getabako","鞋柜，多个鞋柜"
"getou_suguru_(kenjaku)","伪盖托"
"getsumento_heiki_miina","月面到和平美娜，月面到和平米娜，月面到和平米娜"
"getsuyou_yasumi","涂吉优免费资源"
"gewehr_88","汉阳类型88_（枪）"
"gg_amang","kkamangbeleukkamang，卡卡曼贝卢克卡卡曼"
"gg_dal","dlog等级50"
"gge_(gebback_dark)","十字架_(托加诺)"
"ggim_(kdnx8758)","用户_kdnx8758"
"ggoong_(pooplambgoong22)","徐文_（bbb2822828）"
"ghetsis_(pokemon)","g-cis_harmonia_gropius，geechisu_(宝可梦)，ghetsis_harmonia"
"ghislaine_dedoldia","吉斯兰·德多鲁迪亚"
"ghost","幽灵"
"ghost_(modern_warfare_2)","西蒙·莱利"
"ghost_in_the_shell","吉特斯，空幻鬼胎"
"ghost_in_the_shell_arise","光辉骑士团崛起"
"ghost_in_the_shell_stand_alone_complex","gits:sac，空幻儿童队独立建筑群"
"ghost_in_the_shell:_sac_2045","空幻机动队：SAC2045"
"ghost_tail","幽灵尾巴"
"gi0gi0","泽瑞坎"
"giant","巨人"
"giant_brush","巨型画笔"
"giant_mushroom","超大蘑菇"
"giantess","巨大少女"
"gibson_es-335","ES-335，艾斯335"
"gibson_flying_v","飞行_v"
"gibson_les_paul","莱斯·保罗"
"gibson_sg_(bass)","吉布森EB-0，吉布森EB-3"
"gideon_graves","吉迪恩·戈登·格雷夫斯"
"gift","礼物"
"gift_bag","礼品袋"
"gift_box","礼品盒"
"giga_drill_break","巨型钻头破坏者"
"giga_omega","田中经常出现"
"gigalith","巨型怪物"
"gigantic_breasts","超大乳房"
"giganticbrush","anthonyray-0510，安东尼雷-0510"
"giggling","轻笑"
"gigi_d.g.","hiimdaisy，hiimdaisy，桃子果实，桃子果实"
"gilgamesh_(establishment)_(fate)","《命运/冠位指定》中的势力"
"gilgamesh_(fate)","吉尔伽美什"
"gilgamesh_(fate/prototype)","弓兵_(Fate/Prototype)"
"gilles_de_rais_(caster)_(fate)","从者_命运/零"
"gilles_de_rais_(saber)_(fate)","吉勒·德·雷（命运/冠位指定）"
"gin_fragrans","绿花品种"
"gin_no_saji","银勺子_（版权相关）"
"ginban_kaleidoscope","琴班卡万花筒"
"ginga_e_kickoff!!","胜利开球！！"
"ginga_eiyuu_densetsu","银河英雄传说，/logh，logh"
"ginga_hyouryuu_vifam","银河漂泊者_vifam"
"ginga_nagareboshi_gin","银牙_流星琴_"
"ginga_nakajima","中岛银河"
"ginga_no_kou","银河系小型黄色物体"
"ginga_ojou-sama_densetsu_yuna","银河少女尤娜"
"ginga_tetsudou_999","银河特快999"
"ginga_tetsudou_no_yoru","银河铁路上的夜晚，银河铁路上的夜晚"
"ginjiro_(ginziro525)","ginziro_(ginziro525)，银次郎"
"ginjiro_(vtuber)","金次郎_(虚拟主播)"
"ginkgo_leaf","银杏叶"
"ginkgo_tree","银杏树，银杏"
"ginko_(mushishi)","银杏"
"ginlear","金莉亚"
"ginmu","金木木木"
"ginmugi_(airmisuzu0920)","回忆202"
"ginseng_(xin)","呆萌角色"
"gintarou_(kurousagi108)","黑鹿"
"gintarou_(puipuiginta)","金太_(Pixiv)"
"ginter_(pokemon)","吉娜恩_(宝可梦)"
"ginzou","御风之境"
"giotto_(reborn)","冯戈拉·普里莫"
"giovanna_rossati_(arknights)","乔凡娜_(《明日方舟》)"
"giovanni_(pokemon)","桑树_(宝可梦)"
"girl_holding_a_cat_(kancolle)","抱着猫的女孩_(舰姬Collection)"
"girl_on_top","女上位"
"girl_sandwich","被两个女孩夹在中间"
"girl_staring_at_guy's_chest_(meme)","女孩盯着男生胸部的画面（迷因），对胸部的羡慕（迷因）"
"girlish_number","少女系数字"
"girls_mode","精通游戏风格设计_（电子游戏系列）"
"girls_und_panzer_ribbon_no_musha","少女与战车，缎带战士"
"girls'_frontline","少女前线"
"girls'_frontline_2:_exilium","少女前线2：流放"
"girls'_frontline_neural_cloud","少女前线：神经云，神经云，神经云计划"
"girouette_(mega_man)","风向标"
"girthy_penis","粗大的阴茎"
"giru_(dragon_ball)","吉鲁_(龙珠GT)，吉鲁_(龙珠GT)"
"gishiki_(gshk)","渚"
"gittan_gittan","吉坦安全模式，GTGT向西前进"
"giuniu_(unc_135)","gyuunyuu_(unc_135)，古恩尤_(unc_135)"
"giuseppe_garibaldi_(kancolle)","朱塞佩·加里波第（舰队Collection）"
"giving","递|赠送"
"giving_birth","出生"
"giving_up_the_ghost","灵魂出窍"
"givuchoko","吉布丘科"
"gksrnrdmlaksu","李皮昂"
"glacia_(pokemon)","宝可梦初代系列"
"glacier_clear","冰川般清澈的色调"
"gladiator","角斗女战士"
"gladiator_sandals","角斗士靴子"
"gladion_(pokemon)","格拉迪奥_(宝可梦)"
"glaive","长柄刀"
"glaive_(polearm)","长枪"
"glaring","轻蔑的眼神|怒视"
"glasgow_smile","切尔西微笑"
"glass","玻璃"
"glass_writing","在窗上写字"
"glasses","眼镜|眼镜娘"
"glaucus_(exterminator_in_the_square)_(arknights)","格劳库斯_（广场清洁工）_（明日方舟）"
"glef_life","GBFF版白玉"
"glimmer_(xenoblade)","卡吉罗伊_（异度神剑）"
"glint","眼中闪现强烈的情感"
"glitchedpuppet","紫色克克莱昂"
"globe","地球仪"
"glock","格洛克17，格洛克18C，格洛克19"
"glock_17_(girls'_frontline)","G17_（少女前线）"
"glomp","热情的拥抱|扑上来抱住"
"gloom_(expression)","消沉(表情)"
"gloria_(pokemon)","凯西·希尔德，女性主角（宝可梦SWSH），女性主角（宝可梦SWSH），由里（宝可梦）"
"gloria_(project_moon)","格洛丽亚_（鲁伊纳之图书馆）"
"glory_hole","窥视孔"
"glove_cutout","剪裁手套"
"gloves","手套"
"gloves_removed","脱下手套"
"glowing","发光的"
"glowing_eye","发光的眼睛(单眼)"
"glowing_eyes","发光的双眼"
"glowing_hot","发光红色，白热光效，炽热红色"
"glowing_nails","发光指甲"
"glowing_weapon","发光的武器"
"glowstick","荧光棒|打call棒"
"glutton_(18152740927lx)","贪食者_鲁阿吉，鲁阿吉"
"gnarlypzofbread","奇怪的面包块"
"gnome_(last_origin)","T-20S地精模型"
"go_to_paradise_(idolmaster)","前往天堂"
"go-kart","卡丁车比赛"
"go-toubun_no_hanayome","典型的五胞胎组合"
"go!_princess_precure","光之美少女公主模式"
"goatee","山羊胡"
"goatwillow","姓名"
"gobi_(jtnyrwbkohiqsuldg)","戈壁_(sobmobink)"
"goblin","哥布林"
"gochuumon_wa_usagi_desu_ka?","五色酱，五色团是兔子吗？，顺序是兔子吗？"
"god_eater","食神"
"god_eater_2:_rage_burst","食神2，噬神者2"
"god_eater_burst","食神爆裂"
"god_gundam","燃烧高达"
"goda_ryuji","高达龙司"
"goddess","女神"
"godot_(ace_attorney)","Godot引擎"
"godsworn_alexiel","亚历克西尔_《碧蓝幻想》，神之守护者布罗迪亚"
"godzilla","哥吉拉"
"godzilla_vs._kong","哥斯拉对战金刚"
"godzilla_vs._mechagodzilla","哥斯拉对战机械哥斯拉（1974年）"
"goetia_(fate)","盖提亚_(命运/冠位指定)"
"gofelem","玛芙蕾"
"goggles","护目镜"
"goggles_around_neck","脖子挂着护目镜"
"goggles_on_head","头上别着护目镜"
"goggles_on_headwear","帽子上别着护目镜"
"gogogo_(gogogorx)","禁止使用该标签"
"gogono_pan'ya","戈戈诺潘雅"
"goh_(pokemon)","哥乌_(宝可梦)"
"gohan_oni","黑暗的使者"
"gohanduck","无名字"
"gohei","御币"
"goji_(five_clock)","竹中公大"
"gokkun","饮精"
"gokou_hinata","五虎龙莉的妹妹"
"gokou_ruri","黑猫_恋妹"
"gokou_tamaki","五河露里的妹妹，五河露里最小的妹妹"
"gokujou_seitokai","最佳学生委员会，五九学生会"
"gokukoku_no_brynhildr","黑暗中的布伦希尔德"
"gokusai_kaibi","测量心跳"
"gokushufudou","家庭主夫之道"
"gol_d._roger","戈尔德·罗杰"
"golbez","戈尔贝扎"
"gold","金"
"gold_armor","黄金盔甲"
"gold_bar","金条，金砖，金锭，黄金块"
"gold_chain","金链子"
"gold_lips","金色口红"
"gold_nails","金色指甲"
"gold_one-piece_swimsuit","金色泳装"
"gold_ship_(umamusume)","金色战舰"
"gold_trim","金色镶边"
"golden_apple_(project_moon)","金色苹果_(利姆布斯公司)"
"golden_knight_(granblue_fantasy)","alliah_istavion，艾莉亚·伊斯塔维昂"
"golden_shower","对他人小便"
"golden_spiral","黄金比例"
"goldfish","金鱼"
"golf_club","高尔夫俱乐部"
"goliath_tracked_mine","甲虫坦克"
"goma_(gomasamune)","橡胶刀"
"gomago_magoma","goma_74umai，戈马_74乌迈"
"gomahichi","t705gp模型"
"gomamiso_(gomamiso_sp)","gomamiso_sti风格"
"gomasho_asuka","五味盐之星"
"gomeifuku","心碎的感觉"
"gomi_(hakumaiteacher)","请让我来处理"
"gomibako_(gomibako_price)","美子巴子"
"gomipomi","gomigomipomi，黄英琪"
"gomu_(chewinggom)","去吧，M"
"gong_cha","致敬茶饮"
"gongba_laoge","胜利庆祝表情，GG表情"
"gongzuotianxiadiyi","生活201882687"
"gonzozeppeli","蠢货，白痴"
"goo-yan_(ogura_tomomi)","泉萌古"
"gooak","虚荣心"
"good_end","好结局"
"googerm","耶呀特"
"google_chrome","Chrome浏览器"
"goom_(goomyparty)","古米派对"
"gordie_(pokemon)","玛库瓦_宝可梦"
"gordin_(fire_emblem)","戈登_火焰之纹章"
"gordius_wheel_(fate)","戈迪乌斯之轮"
"gore_(white_gore)","早田卓1234"
"goredolf_musik","戈尔多夫音乐"
"gorget","护喉|护喉甲|颈甲"
"gorgonzola_(paradisegom)","伊邪那岐之神（画师），帕鲁梅赞"
"goribote","哈里博特_（塔拉奥）"
"gorila_chan","玛梅子_(日向吉奈)"
"gorota","豆子"
"gorou_naoki","哦胡通戈罗"
"goru_(cure_golgom)","治愈戈尔贡"
"goshiki_suzu","折纸墨团"
"goshuushou-sama_ninomiya-kun","祝好运！二宫君"
"goslingposting_(meme)","鹅宝宝投稿"
"goth_fashion","哥特风，哥特风格女孩，哥特主义"
"gothic","哥特式"
"gothic_lolita","哥特萝莉"
"gothitelle","哥特莉塞尔"
"goti_(gotie23)","格尔尼卡风格"
"gotland_(kancolle)","哥特兰岛_(舰姬Collection)"
"goto_p","跳转至P页，前往P页"
"gotoh_futari","后藤二人组"
"gotoh_hitori","波奇（波奇摇滚！），五人独处"
"gotoh_hitori_(octopus)","五藤独行_章鱼"
"gotoh_hitori_(tsuchinoko)","五藤独处_土豚"
"gotoh_michiyo","后藤道代"
"gotoh_naoki","后藤直树"
"gotou_keiji","桂恭治，沙哈拉亚子"
"gotou_kenji","后藤娟，娟去后藤"
"gotou_nao","goto_nao，露西"
"gottsumon","合体兽"
"gotyou","五条_(痛哭屋)，五条_(喜剧80)"
"gou_haihaihaihai","后辈_(lofter_p178)"
"gouache_(medium)","水彩画"
"gouda_takeshi","吉安_哆啦A梦，加安_哆啦A梦"
"gouda_toshirou","后田利郎"
"gougasha_akira","安希鲁"
"gouketsuji_ichizoku","极星一族，力量本能"
"gouma_reifuden_izuna","失业忍者传说"
"goumudan","伊卡洛斯_(632247131)"
"gourd","葫芦"
"goutokuji_miyako","五岛城"
"gown","女裙|女长服|女礼服"
"goyain","朱丽尔"
"gozouroppu_nana","兽耳装备"
"grabber_tool","魔法之手"
"grabbing","抓住|抓着"
"grabbing_another's_ass","抓着对方屁股"
"grabbing_another's_breast","抓胸，握乳房，抓住胸部，抢夺胸部"
"grabbing_another's_chin","抓下巴，握下巴，抬下巴"
"grabbing_another's_ear","抓耳朵，拉耳朵"
"grabbing_another's_hair","抓着对方的头发"
"grabbing_another's_stomach","捏别人的肚子"
"grabbing_from_behind","从背后揉胸|从背后抓住胸部"
"grabbing_own_ass","抓着自己的屁股"
"grabbing_own_breast","自慰"
"gradient","(身体或肢体)倾斜"
"gradient_background","渐变色(效果)的背景"
"gradient_hair","渐变色的头发"
"gradient_legwear","渐变及膝长袜，渐变打底裤，渐变连裤袜，渐变短袜，渐变过膝长袜"
"gradient_nails","渐变美甲"
"gradient_sky","倾斜的天空"
"graf_zeppelin_(kancolle)","格拉夫·齐柏林号（舰姬Collection）"
"graffiti","涂鸦"
"grainne_(fate)","格蕾妮"
"gram_9","gramstorage，古拉姆终极版"
"grand_theft_auto_v","侠盗猎车手在线"
"grandia_koori","格兰迪亚_冰，格兰迪亚_莫尔市场"
"grandia_lee","格兰迪亚莉"
"grant_(pokemon)","柘榴_(宝可梦)"
"grape_(grapedraws)","葡萄_(pixiv27523889)"
"grapes","葡萄"
"graphics_card","GPU，显卡"
"graphite_(medium)","铅笔画(中号)"
"grappler_baki","斗士巴基"
"grass","草"
"grasshopper","蝗虫"
"grateful_blue_(idolmaster)","心怀感激的蓝色"
"grave","坟墓"
"gravel_(modeling_night)_(arknights)","碎石_(角色之夜)_(明日方舟)"
"graves_(league_of_legends)","马尔科姆·格雷夫斯"
"graveyard","墓地"
"gravity_daze","重力冲刺"
"gravity_suit_(metroid)","重力服"
"gray_(fate)","灰色_(艾尔梅洛二世)"
"gray_(fire_emblem)","灰色_(火焰之纹章)"
"gray_bean_paste_(honkai:_star_rail)","羞涩酱汁_（崩坏：星穹铁道），灰豆酱汁_（崩坏：星穹铁道）"
"great_ball","超级球体"
"great_grey_wolf_sif","灰狼西芙，强大版"
"greatmosu","5240mosu角色"
"greaves","胫甲"
"grecale_(kancolle)","格蕾凯尔_(舰姬Collection)"
"greco_roman_(spiral_brain)","古蕾子_罗马音"
"greece_(hetalia)","赫拉克勒斯·卡普西"
"greek_text","希腊风格"
"green_(greeniris)","双匕首，绿色虹膜"
"green_(pokemon)","蓝色_(宝可梦特别篇)"
"green_ascot","绿色领结"
"green_background","绿色背景"
"green_bag","绿色背包，绿色手提包"
"green_bikini","绿色比基尼"
"green_bodysuit","绿色紧身衣"
"green_bow","绿色蝴蝶结"
"green_bra","绿色胸罩"
"green_cape","绿色斗篷"
"green_choker","绿色项圈"
"green_coat","绿色外套"
"green_dress","绿色连衣裙"
"green_eyes","绿色的眼镜"
"green_footwear","绿色鞋类"
"green_gemstone","绿宝石_(宝石)"
"green_gloves","绿色的手套"
"green_gym_girl_(nagase_haruhito)","长濑治人的绿色健身房女孩"
"green_hair","绿发"
"green_hairband","绿色发带"
"green_hakama","绿色的袴"
"green_headwear","绿色头饰"
"green_heart_(neptunia)","绿心，海王星绿心"
"green_jacket","绿色夹克"
"green_kimono","绿色和服"
"green_legwear","绿色的裤袜"
"green_leotard","绿色连身衣"
"green_lips","绿色口红"
"green_male_underwear","绿色内裤_男性"
"green_nails","绿色的指甲"
"green_neckwear","绿色的领结"
"green_night","贝克扎瓦奇"
"green_one-piece_swimsuit","绿色泳装"
"green_panties","绿色的内裤"
"green_pants","绿色的裤子"
"green_ribbon","绿色丝带"
"green_sailor_collar","绿色水手领"
"green_scarf","绿色围巾"
"green_shirt","绿色衬衫"
"green_shorts","绿色短裤"
"green_skin","绿色皮肤"
"green_skirt","绿色的裙子"
"green_socks","绿色及膝长袜"
"green_sweater","绿色的毛衣"
"green_swimsuit","绿色的泳衣"
"green_tea","绿茶"
"green_tea_(matchaistasty)","绿茶_（greente42869067）"
"green_theme","绿色主题"
"green_vest","绿色背心"
"green_wings","绿色翅膀"
"green-framed_eyewear","绿框眼镜"
"greenchou","绿色xxxx"
"greentanuki","桃田"
"greenteaa","卢查查风格"
"greenteaneko","瑞奇·卡·庞"
"greenu","深绿色"
"gregor_(fire_emblem)","格雷戈"
"gregor_(project_moon)","格雷戈尔_利姆布斯公司"
"gregorius_yamada","山田"
"gregory_edgeworth","三枪信"
"grenade","手榴弹"
"grenade_launcher","榴弹发射器"
"gretia","赫格蕾西亚"
"grey_(mega_man)","灰色_洛克人"
"grey_ascot","灰色领结"
"grey_background","灰色背景"
"grey_belt","灰带"
"grey_bikini","灰色比基尼"
"grey_bodysuit","灰色连体衣"
"grey_border","灰色边框"
"grey_bow","灰色蝴蝶结"
"grey_bra","灰色胸罩"
"grey_car","灰色汽车"
"grey_cardigan","灰色开口衬衫"
"grey_coat","灰色外套"
"grey_dress","灰色连衣裙"
"grey_eyes","灰色的眼睛"
"grey_footwear","灰色鞋类"
"grey_gloves","灰色手套"
"grey_hair","灰色的头发|白发|银发"
"grey_headwear","灰色头饰"
"grey_hoodie","灰色连帽衫"
"grey_horns","灰色角"
"grey_jacket","灰色夹克"
"grey_legwear","灰色的裤袜"
"grey_leotard","灰色紧身衣"
"grey_lips","灰色口红"
"grey_male_underwear","灰色男式内裤"
"grey_nails","灰色的指甲"
"grey_neckwear","灰色的领结"
"grey_one-piece_swimsuit","灰色泳装"
"grey_panties","灰色的内裤"
"grey_pants","灰色的裤子"
"grey_pantyhose","灰色连裤袜"
"grey_ribbon","灰色丝带"
"grey_rose","灰色玫瑰"
"grey_sailor_collar","灰色水手领"
"grey_shirt","灰色上衣"
"grey_shorts","灰色短裤"
"grey_skin","灰色皮肤"
"grey_skirt","灰色短裙"
"grey_sleeves","灰色袖子"
"grey_socks","灰色及膝长袜"
"grey_sweater","灰色毛衣"
"grey_theme","灰色"
"grey_vest","灰色背心"
"grey_wings","灰翼"
"grey_wrist_cuffs","灰色手铐"
"grey-framed_eyewear","银框眼镜"
"greyimpaction","灰色冲击"
"greyscale","纯黑白色|黑白照片化"
"grid_background","瓷砖背景"
"gridman_universe_(film)","网格人_x_迪娜泽农"
"griffin","狮鹫"
"griffin_&_kryuger_logo","狮鹫与克吕格，狮鹫与克吕格组合"
"griffin_&_kryuger_military_uniform","狮鹫与克吕格尔的军装造型"
"griffon_(last_origin)","p/a-00_狮鹫兽"
"grill","烤架"
"grilled_corn","快乐每一天"
"grilling","烧烤活动，烤肉活动"
"grima_(fire_emblem)","鬼女"
"grimace","(因痛苦、厌恶等)做怪相"
"grimmjow_jaegerjaquez","格里姆乔，格里姆乔·耶格尔雅克，格里姆乔·贾格杰克，格里姆乔·耶格尔雅克"
"grimoire","魔法书"
"grimoire_of_alice","爱丽丝的魔法书(东方)"
"grimsley_(pokemon)","吉玛_(宝可梦)"
"grin","露齿笑"
"grinding","素股|臀推"
"grisaia_no_kajitsu","《苍之彼方的果实》"
"grizzace","格蕾丝·霍萨娜·马奎兹·卡兰科"
"grizzly_mkv_(girls'_frontline)","灰熊_(少女前线)，灰熊_MKV_(少女前线)"
"grizzly_win_mag","灰熊主题MKV视频"
"groceries","食材"
"grocery_bag","购物袋"
"groin","腹股沟|耻丘"
"groin_tendon","腹股沟肌腱"
"groping","猥亵"
"groucho_glasses","搞笑眼镜"
"ground_vehicle","地面载具"
"group_hug","团团抱"
"group_name","团队名|组名"
"group_picture","群像拍摄"
"group_sex","群P|群交"
"grune_(tales)","格鲁内_（传说之境）"
"grunt_frostwolf","在线蠕虫游戏"
"gsh-18_(girls'_frontline)","GSH-18_（少女前线）"
"gt-apex","白银"
"guaisanmu","怪异感"
"guangchen'er","广臣人"
"guard_vent_jun","护身便当，阿津美"
"guardian-panda","护熊猫"
"guchiota_field","田口隆宏"
"gufu_(guffuumu)","古夫6"
"gugu_(mirukai)","水色古古"
"gui_mi","彩虹龟"
"guided_breast_grab","把对方的手抓过来摸自己的胸"
"guided_penetration","抓住男性器插入自己"
"guilty_gear","/gg，罪恶装备"
"guitar","吉他"
"guitar_(guitars)","吉他手（艺术家）"
"guitar_case","吉他套"
"guitar_little_sister_(hitomi_o)","吉他姐姐_(hitomi_o)"
"gujianshaonu","elpx_（古剑少女），uta_（Pixiv），永梅-uta"
"gullinbursti_(housamo)","古林布斯蒂_(东京放课后的召唤师们)"
"gumae","玛丽·蒙特斯"
"gumball","橡皮球"
"gumilkx","熊娘喵"
"gummslime","时间静止效果"
"gummuru","口香糖_(illliliiillili)"
"gun","枪"
"gun_on_back","背负步枪"
"gun_sling","弹弓，武器用弹弓"
"gunba_(5meters)","5米"
"gunblade","枪刃"
"gunbuster_pose","Gainax风格姿势"
"gundam_00","高达00"
"gundam_g_no_reconguista","高达：复兴之翼"
"gundam_suisei_no_majo","高达，水星之女巫"
"gundam_tekketsu_no_orphans","高达_铁血孤儿团"
"gundam_wing:_endless_waltz","高达翼无尽之华尔兹"
"gundou_musashi","剑心，枪之剑心"
"gunjyou_(gunjyou_00)","星酱_3"
"gunner_(sekaiju)","炮手"
"gunner-l","牛奶罐"
"gunslinger_girl","/gsg，枪手女孩"
"gunspike","加农刺击"
"gunter_(fire_emblem)","冈特_火焰之纹章IF"
"guntree","齐尔"
"gununu_(meme)","古米梅，古努努"
"gunxsword","枪剑，枪形剑"
"gupipy","CRVT车型相关内容"
"gurami_(zangizarang)","心灵玩偶"
"gurasan_(happinesscharge_precure!)","古拉桑_(光之美少女)"
"guree_(haiiro)","灰色插画"
"guren_mk-ii","紫红锦鲤"
"guren_s.e.i.t.e.n._eight_elements","苍蓝之海"
"gureru_(r_grey1204)","灰色主题1204"
"guriguri_(arayotto4351)","哭哭哀哀"
"guro","血腥场面"
"gusha_s","jm1990河南"
"gusset","(缝在衣服上以放大、加固等的)衬料"
"gussuripii","普塔罗"
"gustav_(telomere_na)","古苏塔夫"
"guts_man","勇者"
"guunhanchi","鲜艳色彩"
"guy_cecil","金光菊，加兰金光菊，加迪奥斯"
"guzma_(pokemon)","古祖玛_宝可梦"
"gweda","古怪风格"
"gwen_tennyson","格温多琳·坦尼森"
"gwendolyn_(fire_emblem)","温迪_火焰之纹章"
"gwenpool","格温·普尔"
"gyakuten_sekai_no_denchi_shoujo","隆隆作响的玩偶"
"gyaoo_yuzu_soft","里库玛·阿斯娜"
"gyari_(imagesdawn)","studio tetore工作室"
"gyaru","辣妹"
"gyaru_v","辣妹和平风"
"gyaruo","男性哥辣秀"
"gyarusatan","反撒旦主义"
"gyate_gyate","早安_(迷因)"
"gym","体育馆"
"gym_leader","体操队队长"
"gym_shirt","体操服"
"gym_shorts","体操短裤"
"gym_storeroom","体育仓库"
"gym_uniform","体操服"
"gymnastics","体操运动员"
"gynecology_chair","配送列表"
"gyoju_(only_arme_nim)","sagong_(jmin_40)，萨贡_(jmin_40)"
"gyool","32频道，水果三明治"
"gyouza_(mhea5724)","thgyouza，乌玛饺子"
"gyumao_(housamo)","巨猫_（东京放课后的召唤师们）"
"gyuu_kaku_(gyu400)","极乐400"
"gyuu_mao","牛王"
"gyuunyuu_nomio","名字美眉"
"gzmon","白罗_(aotatikoma)"
"h_haluhalu415","美铁奈特"
"h_sueun","泽洛维尔"
"h.dupp_(nama_aakiruu)","dupp_akiru，复制品阿基鲁"
"h.n.elly_(kirsten)","h.n.elly_（柯尔斯滕）_《魔法少女小圆》"
"h@ll","色情机器人"
"h&k_g36","G36步枪"
"h&k_mark_23","hk_mark_23，香港标记23"
"h&k_mp5","MP5步枪"
"h&k_mp5k","MP5K步枪"
"h&k_mp7","MP7步枪"
"h&k_usp","H&K USP紧凑型，USP"
"h2omizu_2","闪耀彩虹294"
"h4tter","罗克西酱"
"ha_youn","rkgk_kkana，红发角色"
"ha-chan_(mahou_girls_precure!)","哈酱_光之美少女"
"haamon_(harmon)","毒蛇队长"
"habanero_pepper","哈瓦那辣椒"
"habara_(danshi_koukousei)","羽原_（女高中生是正常的）"
"habataki_academy_school_uniform","羽场崎学园制服"
"habit","修道服"
"hachi_(888hachi)","888hachiii，888学长"
"hachi_(8bit_canvas)","龙辉_(8位版)"
"hachi_(chihagura)","hachi_(tihagura)，八仔（tihagura）"
"hachi_kou","痛恨"
"hachihito","美少女"
"hachijou_(kancolle)","八重洲_(舰队Collection)"
"hachijou_ikuko","八条伊久子"
"hachijou_tooya","八丈岛托亚"
"hachimaki","扎头巾(名词)"
"hachinan_tte_sore_wa_nai_deshou!","第八个儿子？你在开玩笑吧？"
"hachiroku_(hatirokusann86)","和一郎_(masakiegawa86)"
"hachita_(odangoya)","狗天五"
"had_(had314)","铃兰"
"hadacra","帅气逼人"
"hadant","哈鲁尤丹托"
"hadanugi_dousa","光膀子"
"hadaparuka","红色罗曼诺夫家族"
"hadashi_no_kenji","破天"
"hades_(series)","哈迪斯_游戏"
"hado_nejire","哈斗涅吉雷，涅吉雷酱_（我的英雄学院）"
"hag_(hag_015)","羽黑"
"hagakure_kurage","79克"
"hagakure_toru","叶隐刀，隐形女孩（我的英雄学院）"
"hagane_soushi","神乐少女"
"hage2013","sae_(revirth)，莎艾_(重生版)"
"hagi_(ame_hagi)","百合直播"
"hagi_(blood+)","哈吉"
"hagikaze_(kancolle)","风花_(舰队Collection)"
"hagino_makoto","古米巧克力"
"hagiya_masakage","喷泉广场"
"hagoita","羽子板"
"hagoromo","羽衣"
"hagoromo_gitsune","羽衣狐"
"hagure_yuusha_no_estetica","反派英雄的美学风格"
"haguro_(kancolle)","苍龙_(舰姬Collection)"
"haguruma_c","轮盘_(轮盘利)"
"haguruma_hasami_(explosion_psycho)","车轮齿状物"
"haguruma_rapt","入迷状态_(47256)"
"hai_to_gensou_no_grimgar","幻想与灰烬之格里姆加尔"
"haidan_uniiii","春奈09"
"haihai_(skeleton)","海海_(10035446)"
"haihara_yuuya","佩渊由雅"
"haiiro_(frabilovelove)","橙色"
"haiiro_(immature)","海伊罗_(pixiv19995)"
"haiiro_teien","灰色花园，灰之花园"
"haikeiyu","海景"
"haimei1980","franksoft3，弗兰克软件3"
"haimura_kiyotaka","海村清隆"
"haioku_colonel","海欧库曼坦，海欧库曼坦_C"
"hair_beads","发珠"
"hair_behind_ear","耳后有头发"
"hair_bell","头发上系着铃铛"
"hair_between_eyes","延伸到两眼之间的刘海"
"hair_bobbles","头绳"
"hair_bow","蝴蝶结发圈"
"hair_brush","梳子"
"hair_brushing","梳头"
"hair_bun","发髻|团子头"
"hair_censor","头发遮住了乳头(三点)"
"hair_clipper","修剪器"
"hair_cubes","捆发珠"
"hair_down","披下来的头发"
"hair_dryer","吹风机，电吹风，干发器"
"hair_flaps","在摆动的头发"
"hair_flip","拨头发"
"hair_flower","头发上别着花"
"hair_grab","抓着头发"
"hair_half_undone","半扎头发"
"hair_in_mouth","嘴里有头发"
"hair_in_own_mouth","嘴里含头发"
"hair_intakes","进气口发型"
"hair_ornament","发饰"
"hair_over_breasts","头发披在胸上"
"hair_over_eyes","头发遮着双眼"
"hair_over_one_eye","头发遮住了一只眼睛"
"hair_over_shoulder","披肩发"
"hair_pull","扯着头发"
"hair_pulled_back","头发往后扎"
"hair_ribbon","发绳"
"hair_rings","飞仙髻"
"hair_rollers","卷发器"
"hair_scrunchie","发圈|发束"
"hair_slicked_back","头发往后捋|往后梳的头发|背头发型"
"hair_spread_out","散开的头发"
"hair_stick","发簪"
"hair_straightener","直发器"
"hair_strand","强调一缕一缕感的发型|发丝"
"hair_tie","发带"
"hair_tie_in_mouth","将系头发的东西叼在嘴里"
"hair_tubes","束发套"
"hair_tucking","撩头发"
"hair_twirling","手指卷着头发"
"hair_up","盘起来的头发"
"hairband","发箍"
"hairclip","发夹"
"hairdressing","梳理头发|扎辫子"
"hairjob","头发缠在男性器上|卷发「棒」"
"hairlocs","脏辫"
"hairpin","一种发卡夹成的发型特征"
"hairpods","头发上成对的像无线蓝牙的发饰"
"hairstyle_request","头发请求，发型请求"
"haiyore!_nyaruko-san","奈留子：充满爱意的爬行"
"haizai","高切"
"hajika","初见"
"hajimari_no_kiseki","陷入沉思的脚步声"
"hajime_(caramel_toone)","初见"
"hajime_(kin'you_club)","初音_(金曜俱乐部)"
"hajimete_no_gal","我的第一个女朋友是女孩"
"hajimete_no_koi_ga_owaru_toki_(vocaloid)","初恋终结之时，初恋终结之时_声优版"
"hak_(akatsuki_no_yona)","白（《夜之幽灵》）"
"hakaba_(dairiseki)","大丽石"
"hakama","袴|腿衣"
"hakama_pants","短袴裤"
"hakama_short_skirt","和服裙"
"hakama_skirt","袴裙"
"hakasesuicchi","黑化结局"
"hakata-san","盐酱"
"hakimen","困惑的阿里夫"
"hakkaku_shikimi","maru_(sara_duke)，玛鲁（萨拉·杜克）"
"hako_momiji","+5厘米"
"hako_reeema","博克斯里玛"
"hakoiri_nekohime","箱根公主"
"hakos_baelz_(casual)","hakos_baelz_的第三套服装"
"hakos_baelz_(new_year)","hakos_baelz_的第二套服装"
"hakos_baelz_(steel_rose)","hakos_baelz_（第四套服装），hakos_baelz_（军装休闲款）"
"hakou_(barasensou)","拉塞尔_（由美里库）"
"hakozume:_kouban_joshi_no_gyakushuu","驾驶舱内的警察"
"haku_(grimjin)","格里姆金"
"haku_(utawarerumono)","白_（歌之恋）"
"haku89","蓝色_(9153585)"
"hakua_ugetsu","月下花"
"hakui_ami","太郎"
"hakui_koyori_(new_year)","白井小夜里（第二套服装）"
"hakui_koyori_(school_uniform)","白井小夜里（第四套服装）"
"hakui_koyori_(summer)","羽衣小阳（第三套服装），羽衣小阳（泳装）"
"hakujou_academy_school_uniform","白城学院制服"
"hakumen_(housamo)","白门_（东京放课后的召唤师们）"
"hakunetsu!_kamikou_ouendan!_(project_sekai)","升温！神山应援团！（Project Sekai），高潮时刻！神山应援团！（Project Sekai）"
"hakuowlo","白狼"
"hakurei_reimu","/hr，雷姆·白玲"
"hakurei_reimu_(cosplay)","角色cos灵梦"
"hakurei_reimu_(pc-98)","经典白雷蕾姆，白雷蕾姆（经典版）"
"hakurou_(onmyoji)","白兰"
"hakusai_(hksicabb)","HKSICABB风格，香港风，赛博朋克元素"
"hal_emmerich","御宅族"
"halakuya","哈拉卡迪拉"
"halberd","戟"
"halcon","harukon_(halcon)，春子_(猎鹰)"
"half_gloves","很短的手套|半截手套"
"half_note","极简风格"
"half_rest","最小剩余"
"half_updo","女神式发型|公主辫"
"half-closed_eye","半闭的眼睛(单眼)"
"half-closed_eyes","半闭的双眼"
"half-life_(series)","半条命，半条命"
"half-life_2","半条命2"
"halftone","一种漫画中常见的网点状的组色组图画法"
"halftone_background","网点图背景"
"halhal","hal_(21)，哈尔_(21)"
"halkawa501","春川_(hal501)"
"hallo_(rltkdydrltk)","你好"
"halloween","万圣夜"
"halloween_(movie)","万圣节_(电影)"
"halloween_bucket","万圣节篮子，南瓜篮子，南瓜桶"
"halloween_costume","万圣节装扮"
"halluel_(granblue_fantasy)","哈鲁特_《碧蓝幻想》"
"hallway","走廊，礼堂"
"halo","天使光环"
"halo_(series)","光环_(游戏)"
"halter_dress","绕颈裙|衬衣式连衣裙|露背吊带裙"
"halter_top","吊带式的上身的服饰"
"halterneck","绕颈系带"
"ham_(points)","ham_(艺术家)"
"hama!_(3toshinhmkz)","3toshinhmkz，滨松！"
"hamaburicchi","安达茵姆"
"hamada_(super_tachioyogi_kyousou)","ky_(kurokky709)，黑猫风格"
"hamada_kiyo","滨田_（少女与战车）"
"hamada_miku","哈马达米库01"
"hamada_yoshikazu","波多野良和"
"hamada_youho","由浩·滨田"
"hamadaichi","111132大帝"
"hamahama","哈玛"
"hamakaze_(kancolle)","风舞_(舰姬Collection)"
"hamaken._(novelize)","剑虎左卫门二代"
"haman_karn","哈曼"
"hamanami_(kancolle)","滨波_(舰姬Collection)"
"hamanashi_(trapiorra)","特拉皮奥拉"
"hamaya","破魔矢"
"hamaya_shin'ichi","波间信一"
"hamazi_aki","波间茜，波间_（hayamichi1117），纸月_（hayamichi1117）"
"hamburger_man._(sumi80)","可爱风格"
"hamburger-chan_(hundredburger)","汉堡娘_(后颈)"
"hamelon310","哈洛脑白质切除术"
"hamha_s","尖叫希纳姆"
"hamico","波奇波奇"
"hamilundenongdizhe","琥珀色脚，红白相间脚，xiazhijun816"
"hamita_(rikopin_ika)","科普昌戈"
"hamiyamiko","阿尔福"
"hammer","锤子"
"hammer_(sunset_beach)","艾诺巴斯"
"hammer_and_sickle","锤子和镰刀"
"hammer_bro","锤子兄弟"
"hamo_(maca-roon)","哈莫莫"
"hamster","仓鼠"
"hamsterfragment","斯梅塔纳_仓鼠片段，苏梅塔纳"
"hamunezuko_(nezukonezu32)","daluto_(hitomi555)，达卢托_（hitomi555）"
"hamushima","杰克仓鼠"
"han_(hn-khk)","韩洛格"
"han_gong","h_g10_10，h_g10_10版本"
"han_juri","凉宫春日"
"han'eri","羽生丽奈"
"hana_(dqkmb362)","花铃森林"
"hana_(fire_emblem)","枫花_(火焰之纹章IF)"
"hana_(zwjx8425)","用户_zwjx8425"
"hana_kon_(17aaammm)","花乃_(vvvv089)"
"hana_n._fountainstand","汉娜_N_.方坦斯坦德"
"hanaarts","拉纳洛佩兹92"
"hanabana_tsubomi","花花_(诺特诺特诺特)"
"hanaberin","汉娜贝尔链接"
"hanabi_(ocha)","花火_(osawa0718)"
"hanada_no_kiwami","花酱_(画师)"
"hanada_yanochi","异世界"
"hanadaka_moai","美希美图"
"hanae_(blue_archive)","朝颜花绘"
"hanae_(cheer_squad)_(blue_archive)","朝颜花绘_（啦啦队），花绘_（啦啦队员）_（蓝色档案）"
"hanae_(christmas)_(blue_archive)","朝颜花绘_（圣诞主题）"
"hanagata","花挂田_（花田诗织），落语家"
"hanahanamaki","花花锦簇"
"hanahashi_bagara","tktk-tnk，恐怖惊悚，紧张刺激"
"hanahira!","花火"
"hanako_(078)","野雪_(3702)"
"hanako_(blue_archive)","浦和花子"
"hanako_(onikutabetaiyo)","玉子202201"
"hanako_(peanut)","花子，花子酱"
"hanako_(swimsuit)_(blue_archive)","浦和花子（泳装）"
"hanamaru_tsubaki","看看这个"
"hanamaru_youchien","花丸幼儿园，花丸幼稚园"
"hanamasa_ono","单人体07450075"
"hanami","赏樱花，观花，樱花祭"
"hanamizawa_q-tarou","花见泽Q太郎"
"hanamura_mai","悠游悠游里兹姆"
"hanamura_shoma","花村翔马"
"hanamura_yousuke","花村优介"
"hananokouji_kurara","花野小路库拉拉"
"hanasaka_(9769z)","早坂真春"
"hanasaka_houcha","fafas68，花咲小春"
"hanasaki_komugi","小虫混音"
"hanasakigawa_school_uniform","花咲川女子学园"
"hanasawa_(hanasawa062)","花泽_（pixiv53877974）"
"hanato_kobato","小巴托·哈娜托"
"hanavvi","善朗"
"hanazome_dotera","多tera男子"
"hanazono_shuka","花野舒卡"
"hanazora_satsuki","空之月，雪之雨"
"hanazuka_ryouji","花之歌"
"hanbok","朝鲜服饰"
"hanbun_no_tsuki_ga_noboru_sora","半月"
"hand_between_breasts","手放在胸前"
"hand_between_legs","手放在两腿之间"
"hand_fan","粉丝，掌机版粉丝，各类粉丝"
"hand_focus","手部特写"
"hand_gagged","手部封口，手部束缚"
"hand_gesture","做手势"
"hand_grab","牵手"
"hand_hair","多毛的手掌"
"hand_in_another's_hair","手放在对方的头发上"
"hand_in_hair","手埋在头发里"
"hand_in_own_hair","手抚头发，手触发丝"
"hand_in_panties","手伸进内裤里"
"hand_in_pocket","手插在口袋里"
"hand_maid_may","侍女梅伊"
"hand_mirror","手镜"
"hand_net","手里拿着捕虫网"
"hand_on_another's_cheek","手摸着对方的脸颊"
"hand_on_another's_chest","手放在对方的胸前"
"hand_on_another's_chin","手托着对方的下巴"
"hand_on_another's_ear","触碰他人的耳朵"
"hand_on_another's_face","手接触到对方的脸"
"hand_on_another's_head","手放在对方的头上"
"hand_on_another's_shoulder","手放在对方的肩上"
"hand_on_another's_stomach","手放在对方的肚子上"
"hand_on_ass","手放在屁股上"
"hand_on_eyewear","戴眼镜的手"
"hand_on_glass","手持玻璃杯"
"hand_on_head","手放在头上"
"hand_on_headwear","手触碰帽子"
"hand_on_hilt","手搁在刀柄上"
"hand_on_hip","手叉着腰|手搁在腰上"
"hand_on_own_ass","动手操作"
"hand_on_own_cheek","把手放在自己的脸颊上"
"hand_on_own_chest","把手放在自己的胸口"
"hand_on_own_chin","手碰着自己的下巴"
"hand_on_own_ear","手扶耳朵，触摸自己的耳朵"
"hand_on_own_elbow","手托肘部"
"hand_on_own_face","把手放在自己脸上"
"hand_on_own_hip","手叉腰，手扶腰"
"hand_on_own_knee","手放在自己的膝盖上"
"hand_on_own_neck","用手掐住自己的喉咙"
"hand_on_own_stomach","把手放在自己的肚子上"
"hand_on_railing","扶手"
"hand_on_shoulder","手放在肩上"
"hand_on_wall","双手撑墙"
"hand_on_window","动手操作窗口"
"hand_over_heart","双手合十"
"hand_over_own_mouth","手掩着嘴"
"hand_puppet","手上套着玩偶"
"hand_to_own_mouth","手朝向自己嘴"
"hand_under_clothes","手在衣服下面"
"hand_under_shirt","手伸进衬衫下面"
"hand_under_shorts","短裤手部特写"
"hand_under_swimsuit","穿泳装交作业"
"hand_up","抬起手"
"hand_wraps","护手布"
"handa_roco","半田罗子"
"handa_shin'ichi","半田信一"
"handbag","手提包"
"handcuffs","手铐"
"handgun","手枪"
"handheld_electric_fan","手持风扇"
"handheld_game_console","手里拿着游戏机"
"handjob","手淫"
"handkerchief","手帕"
"handplug","全力前冲"
"handprint","手印"
"hands","手|双手"
"hands_clasped","双手手指交叉|双手紧握"
"hands_in_opposite_sleeves","双手交叉伸进袖子里"
"hands_in_pockets","双手插在兜里"
"hands_on_another's_cheeks","双手放在对方的脸颊上"
"hands_on_another's_face","双手放在别人的脸上"
"hands_on_another's_shoulders","双手放在别人的肩膀上"
"hands_on_ass","双手放在屁股上"
"hands_on_feet","双手放在脚上"
"hands_on_headwear","双手碰到头上的饰物"
"hands_on_hilt","双手搭在刀柄上"
"hands_on_hips","双手叉腰|双手搁在腰上"
"hands_on_lap","双手放在两腿之间"
"hands_on_own_cheeks","双手放在自己的脸颊上"
"hands_on_own_chest","双手放在自己的胸口"
"hands_on_own_face","双手放在自己的脸上"
"hands_on_own_head","双手放在自己的头上"
"hands_on_own_hips","双手叉腰，双臂交叉在胸前，手搭在腰间"
"hands_on_own_knees","双手放在自己的膝盖上"
"hands_on_own_stomach","双手放在自己的肚子上"
"hands_on_own_thighs","双手放在自己的大腿上"
"hands_on_shoulders","双手搭在两肩"
"hands_together","双手合十|自己的双手碰一起"
"hands_up","双手朝上|双手抬起|双手举起"
"handsfree_ejaculation","未射出的精液"
"handshake","握手"
"handsome_wataru","英俊男子，帅哥"
"handstand","倒立"
"hane_(azelye)","紫苑"
"hane_(hanegoya)","图巴内"
"hanegasaki_academy_school_uniform","花咲学园制服"
"hanekura_bou","羽仓步，狂怒咆哮"
"hanemi","吃食物，花见1201"
"hanenbo","mu_acrt，穆阿克特"
"hanenosaki","蜜蝠"
"hanetsuki","板羽球"
"hanetu","刺青雅代子"
"hanfu","汉服"
"hange_zoe","汉吉·佐伊"
"hanging","吊起来的"
"hanging_breasts","(俯身)双乳下垂"
"hanging_scroll","墙面滚动画面"
"hangleing","甜菜红，秋树"
"hanh_chu","罗库多的极光"
"hani_haya","半边脸"
"haniyama_kurofo","花山花乃绪"
"hanji_(hansi)","田原信一"
"hanma_yujiro","半马由次郎"
"hanna_england","汉娜_（小魔女学园）"
"hanny_(uirusu_chan)","经过审查的水豚，汉妮（尼姆）"
"hannya_(onmyoji)","智慧_阴阳师"
"hano_(hanos91)","ayo_(isy8800)，艾哟_(isy8800)"
"hano_1219","hano_(1507197602)，哈诺"
"hano_haruka","hano_(keepon_haruka)，羽野（祈盼遥）"
"hanpetos","虫族入侵"
"hans_christian_andersen_(adult)_(fate)","汉斯·克里斯蒂安·安徒生（命运）（成人向）"
"hans-kun","汉斯·施特拉瑟"
"hansharu_(foxbut)","希古苏"
"hanten_(clothes)","袢缠"
"hanyang_type_88_(girls'_frontline)","type88_（少女前线）"
"hanying_(pgr)","寒影_（惩罚：灰鸦）"
"hanying:_zitherwoe_(pgr)","汉影：古筝之悲（惩罚：灰鸦）"
"hanzaki_jirou","半崎次郎"
"hanzo_(overwatch)","岛田半藏，半藏岛田"
"hao_(haozz)","好色之徒"
"haonfest","haonfest艺术作品"
"haori","羽织"
"haori_haruki","春_(绽放)"
"haori_io","羽织衣，伊织"
"haou_taikei_ryuu_knight","豪欧戴凯龙骑士，众主之主龙骑士"
"haoumaru","豪马鲁"
"haoyuan","安杰洛斯"
"happi","法被"
"happiness!","幸福"
"happinesscharge_precure!","幸福电荷光之美少女，幸福电荷光之美少女！，幸福电荷光之美少女"
"happoubi_jin","幸福"
"happy","快乐|幸福"
"happy_birthday","生日快乐"
"happy_halloween","万圣节快乐"
"happy_new_year","新年快乐"
"happy_sex","幸福的做爱"
"happy_tears","开心的眼泪"
"happy_valentine","情人节快乐"
"hapu_(pokemon)","哈普乌_(宝可梦)"
"haqua_d'rot_herminium","白花杜鹃赫米尼姆，白花杜鹃赫米尼姆"
"hara_(harayutaka)","赫拉_(hara0742)"
"hara_(nanohara)","七奈乃原，无原25"
"hara_kenshi","黑井文雄"
"harada_(sansei_rain)","原田黄子（新田姬子），三代雨"
"harada_isuka","科佩莉亚_(富玉美)"
"harai_kuko","晴空，蓝天"
"harakawa_ken'ichi","快速移动"
"harano","作弊裸体"
"harbor","港口"
"hard_drive","硬盘驱动器，硬盘驱动器，硬盘"
"hard_hat","建筑安全帽，安全头盔，防护头盔"
"hard-translated","硬字幕，强制翻译版，强行译文"
"hard-translated_(non-english)","硬翻版（非英文内容）"
"hardboiled_egg","煮鸡蛋"
"hare_(blue_archive)","大玉兔"
"hare_(hare_1730)","chie_(user_snfh8333)，奇耶_用户snfh8333"
"hare-kon.","后宫婚姻"
"harem","后宫"
"harem_outfit","舞娘服"
"harem_pants","灯笼裤"
"hareno_chiame","皮可皮可皮可"
"harii_(janib5kc)","hari_(vrwugbkcjckbq2k)，哈里"
"harikonoma","川国野户"
"harino646","猫耳化"
"harle_(chrono_cross)","月读_时之交错"
"harmonie_(arknights)","啊莫妮_(明日方舟)"
"harmony_(splatoon)","帕露可_(喷射战士)"
"harness","背带"
"harp","竖琴"
"harp_note_(mega_man)","竖琴音符，利拉琴音符（洛克人）"
"harper_(pokemon)","吼_(宝可梦)"
"harpy","有翼人|半人半鸟|鸟人族"
"harpyia_(last_origin)","P-22级哈比娅"
"harry_mason","梅森·哈里"
"harry_potter","哈利·詹姆斯·波特，哈利·波特（角色）"
"harry_potter_(series)","哈利·波特，哈利波特系列"
"harrymiao","牡蛎妙奥"
"haru_(citron_citron)","必须"
"haru_(hr_works)","原初救世主"
"haru_bun","harucyon4，哈鲁西昂4"
"haru_on","超级可爱"
"haruaki_(onkai_planaria)","春明"
"harufubuki","背景中"
"harufude","因为喜欢_(用户_ehfp8355)"
"haruharu_sensei","日向翔"
"harui_(huruyi_817)","tobi_(user45255077)，托比（用户45255077）"
"haruichi_(komikal)","春一"
"haruichi_(sazanami_complex)","顺一_(kira2afro)"
"haruka_(blue_archive)","伊久萨·春香"
"haruka_(new_year)_(blue_archive)","伊久萨·春香（新年特辑）"
"haruka_3442","机器人爱小姐"
"haruka_kuromiya","阿祖尼安赛科大人"
"haruka_shiya","乌拉乔斯"
"harukatron","春香_(国铁娘子)"
"harukaze_(kancolle)","春风_(舰队Collection)"
"haruki_(colorful_macaron)","haruki_5050，晴树_5050"
"harumina_mau","乌龙美奈18"
"harumiya_ria_(kuromiya)","春宫莉亚"
"haruna_(blue_archive)","黑田春奈"
"haruna_(citrus_love_i)","对柑橘类的喜爱"
"haruna_(kancolle)","春奈_(舰姬Collection)"
"haruna_(new_year)_(blue_archive)","黑田春奈（新年特辑）"
"haruna_(swimsuit)_(blue_archive)","黑田春奈（泳装）"
"haruna_(track)_(blue_archive)","黑田春奈_（曲目）"
"haruna_macpro","美食诱惑"
"harunatsu_akito","欢乐火焰时光，春香·明人"
"haruno_plum","春日杂技"
"haruno_shiobana","雏花诗织"
"haruo_(clownberry)","hal_(艺术家)，oxvxo"
"haruo_(haruooimo)","exnf4388，haruo_(msax2545)，可爱燕飞"
"haruri","穆尔普尔"
"harurukan","春香_（烤肉店）"
"harusame_(kancolle)","春雨_(舰队Collection)"
"harusame_(rueken)","鲁肯"
"harusame_(user_wawj5773)","希霍_春雨"
"harusame-r","卢科·桑"
"harusawa_yoshino","春泽由希诺"
"haruto_yuki","志野春人"
"harutoshi","虹之水"
"harutsuki_(a_dance_for_the_coming_spring)_(azur_lane)","春月_（美丽的新年舞蹈）_（碧蓝航线）"
"haruyama_kazunori","春山"
"harvin","矮人族"
"harymachinegun","哈里"
"has_adversarial_noise_revision","有上釉修改版"
"has_bad_revision","错误修订版"
"hase_neet","尼特族_(pixiv44860)"
"hasegawa_(hase_popopo)","波波兔"
"hasegawa_langa","长谷川兰加"
"hasegawa_shin'ya","长谷川真也"
"hasegawa_taizou","长谷川泰三"
"hasei_(hasei01)","nibii_(mnwv8887)，尼比伊_(mnwv8887)"
"haseru_(ginku_mh)","银虎，银魂"
"hasesese","雷鸟_(pixiv141589)"
"hashida_itaru","达鲁_（命运石之门）"
"hashiguchi_takashi","助手角色"
"hashikure_taro","哈希库雷44"
"hashimoto_nyaa","桥本喵"
"hashino_ami","ami_(cadenza)，阿米（卡德恩扎）"
"hashira_14","柱144"
"hashire!_taiikumatsuri!_~jikkou_iin_wa_ooisogashi~_(project_sekai)","跑吧！_体育节！_委员会忙碌中_(project_sekai)，跑吧！_体育节！_~执行委员会十分繁忙~_(project_sekai)"
"hashitsuki_nata","鼻形斧头"
"hashiyamoto","幼童角色"
"hashtag-only_commentary","仅含话题标签的解说"
"hassai","赤红之瞳，ymnhsi"
"hassan_of_serenity_(merry_sheep)_(fate)","快乐绵羊"
"hassan_of_the_cursed_arm_(fate)","真正的刺客"
"hasshaku-sama","八尺大人，八尺大人，八英尺高的女士"
"hastur","黄色国王"
"hastur_(identity_v)","the_feaster_(身份_v)"
"hasu_no_sora_school_uniform","波之空校服"
"hasuimo","盐渍和服"
"hasukurira","35358901hskrr，赫斯克瑞尔"
"hasumi_(blue_archive)","花川波澄"
"hasumi_(track)_(blue_archive)","花川波澄_（曲目），波澄_（运动服）_（蓝色档案）"
"hasumi_elan","波海埃兰"
"hat","帽子"
"hat_babo","2become1，恋人还是敌人"
"hat_bow","带有蝴蝶结的帽子"
"hat_feather","带有羽毛的帽子"
"hat_flower","带着花的帽子"
"hat_on_back","戴在颈间的帽子，背在背后的帽子"
"hat_ornament","带有饰物的帽子"
"hat_over_one_eye","帽子遮住了一只眼"
"hat_removed","帽子被摘下|摘下帽子"
"hat_ribbon","带有缎带的帽子"
"hat_tassel","流苏帽装饰"
"hat_tip","捏着帽檐"
"hat_with_ears","自带耳朵的帽子"
"hatakaze_(kancolle)","风鹰_(舰队Collection)"
"hatanana_(ag6uptphhal3frd)","哈塔娜娜"
"hataraku_maou-sama!","恶魔是兼职者！"
"hataraku_saibou","工作中的细胞"
"hataraku_saibou_black","工作中的细胞！_黑色代码"
"hatchet","短斧"
"hatchet_(axe)","西部斧头"
"hatching_(texture)","线影法(纹理)"
"hate_shinaku_aoi_kono_sora_no_shita_de....","讨厌信浓葵在这片天空之下"
"hatena_yousei","问题精灵"
"hato_kan","kan6e_ver版本"
"hato_no_suisou","波留美津_(一迅社)"
"hatoboshi","波纹效果"
"hatomugi_(mamotan)","羽子木"
"hatopoo_(beach7pijon)","哈托波_(海滩7皮琼)"
"hatori_mia","mia_(晚安-07)"
"hatori_you","大谷翔平"
"hatoyama_itsuru","猫鹤"
"hatsuharu_(kancolle)","初春_(舰队Collection)"
"hatsukaze_(kancolle)","初风_(舰姬Collection)"
"hatsune_(princess_connect!)","柏崎初音"
"hatsune_miku","/hm，高萌度，可爱风格"
"hatsune_miku_(agitation)","躁动_(模块)"
"hatsune_miku_(append)","米库追加"
"hatsune_miku_(bless_you)","祝福你_模组"
"hatsune_miku_(colorful_drop)","多彩水滴_(模组)"
"hatsune_miku_(cosplay)","cos成初音未来"
"hatsune_miku_(factory_tyrant)","工厂暴君_模组"
"hatsune_miku_(heart_hunter)","猎心者_模组"
"hatsune_miku_(heartbeat)","心跳检测模块"
"hatsune_miku_(honey_whip)","蜂蜜奶油_(模组)"
"hatsune_miku_(if)","贝塔版初音未来"
"hatsune_miku_(infinity)","无限_(模块)"
"hatsune_miku_(lollipop)","棒棒糖_(模组)"
"hatsune_miku_(magician)","魔术师_(模组)"
"hatsune_miku_(natural)","自然模块"
"hatsune_miku_(ribbon_girl)","缎带女孩_(模组)"
"hatsune_miku_(supreme)","至高模块"
"hatsuno_xxx","mimimi_3x3x3，米米米_3x3x3"
"hatsushimo_(kancolle)","初岛_(舰姬Collection)"
"hatsushiro_mamimu","玛米姆_(科查_22)"
"hatsuyuki_(kancolle)","初雪_(舰队Collection)"
"hatsuzuki_(kancolle)","初月_(舰队Collection)"
"hattori_masaki","服部_(junoct2000)"
"hattori_toko","服部透子"
"hattori_yu","服部由宇"
"hauchiwa","天狗叶扇"
"haurchefant_greystone","四季巨兽哈乌"
"have_to_pee","憋尿"
"hawaiian_shirt","夏威夷衫"
"hawe_king","塞拉芙薇娅"
"hawker_harrier","贝伊猎鹰，贝伊海猎鹰，贝伊海猎鹰最终版mk.1，贝伊海猎鹰最终版mk.2，猎鹰，海猎鹰，海猎鹰最终版mk.1，海猎鹰最终版mk.2"
"hawks_(boku_no_hero_academia)","高见敬语"
"hayabusa_(vert_320)","隼鸟"
"hayakawa_aki","早川茜（电锯人）"
"hayakawa_pao","泡面_饭团"
"hayaken_sarena","发红"
"hayaku_koko","摩托克"
"hayama_jun'ichi","林纯一"
"hayama_kazusa","大蛇丸"
"hayami_ritsu","竹内绘里的素描作品"
"hayan","白化色希罗"
"hayanami_(kancolle)","叶波奈美_(舰队Collection)"
"hayasaka_(a865675167774)","志贵"
"hayashi_(l8poushou)","萝莉控"
"hayashi_custom","林和人"
"hayashimo_(kancolle)","林岛_(舰队Collection)"
"hayasui_(kancolle)","早水_舰队Collection"
"hayate_no_gotoku!","浪客剑心，浪客剑心!!，战斗管家哈耶特，/hng"
"hayate_x_blade","速人十字刀"
"hayateluc","luc_(用户_xzsx2472)"
"hayato_(fire_emblem)","月读_火焰之纹章IF"
"hayu_(hayu0305)","由美野露露卡"
"hayuk0","速来啊"
"hazama_(hazamazama)","sat_0804，2008年4月相关内容"
"haze_(ha_ze)","哈泽"
"hazime","haji_mgmg,泉始"
"hazmat_suit","生物危害防护服，危险环境防护服"
"hazuki_(pacco)","枫月_(pixiv33452)"
"hazuki_haru","哈兹基·春"
"hazuki_watora","和多拉_(佩佩佩)"
"hazuki_yuzuru","雨都_twt"
"hcsb","真岛响FC"
"he_c92","恐怖氛围"
"he_wants_to_order_(meme)","她想点餐_（迷因）"
"head","头"
"head_back","弓背高潮"
"head_between_breasts","头埋在胸里|洗面奶"
"head_bump","头上起包"
"head_down","低着头"
"head_fins","鱼人耳|人鱼耳|鳍状耳朵"
"head_hug","拥抱对方的头部"
"head_mounted_display","戴着头戴显示设备"
"head_on_another's_shoulder","头靠在肩上"
"head_on_ass","臀部靠枕，屁股亲密接触，头贴屁股"
"head_on_head","下巴搁在头上"
"head_out_of_frame","一部分头部没画进框里"
"head_rest","枕着头|托着头"
"head_scarf","包头巾(名词)"
"head_swap","头部交换"
"head_tilt","歪着头"
"head_wings","头上有翅膀"
"head_wreath","头上戴着花冠"
"head-mounted_display","头戴式显示器，VR护目镜，VR耳机，VR面罩"
"headband","扎头巾(名词)"
"headband_girl_(kamisimo_90)","戴头带的女孩_(由由)"
"headdress","头部穿戴物(偏笼统)"
"headgear","头部饰品(含一定科幻元素)"
"headless","无头"
"headpat","抚摸头部，轻拍脑袋，宠爱抚弄"
"headphones","耳机"
"headphones_around_neck","耳机挂在脖子上"
"headpiece","装饰性头饰(偏幻想和民族风饰品)"
"heads_together","正面交锋，直接对决"
"heads-up_display","状态条(游戏和科幻风格)"
"headscarf","头巾"
"headset","头戴式耳机"
"headwear","头饰(偏衣物类)"
"headwear_removed","头饰被摘下|摘下头饰"
"headwear_request","头饰"
"headwear_switch","帽子切换"
"healin'_good_precure","治愈系好预知，治愈系好预知"
"healslime","胡衣迷史莱姆"
"health_bar","血量槽|HP|血条"
"heart","心|心形|爱心"
"heart_ahoge","心形呆毛"
"heart_attack","心脏骤停"
"heart_background","含心形的背景|桃色背景"
"heart_balloon","心形气球"
"heart_button","心形按钮"
"heart_censor","心形马赛克"
"heart_choker","心形项圈"
"heart_cutout","衣服上有心形的开口"
"heart_earrings","心形耳环"
"heart_hair_ornament","心形发饰"
"heart_hands","双手比心"
"heart_hands_duo","两个人一起用手比心"
"heart_hands_failure","爱心手势点赞组合"
"heart_in_eye","眼里冒爱心"
"heart_in_mouth","嘴里画着爱心|心形化的舌头"
"heart_lock_(kantai_collection)","舰娘锁(舰C)"
"heart_necklace","心形项链"
"heart_no_kuni_no_alice","红心国的爱丽丝"
"heart_o-ring","心形戒指"
"heart_of_string","串成心形的绳子(或线条)"
"heart_pasties","心形乳贴"
"heart_pillow","心形枕头"
"heart_print","心形图案|心形印花"
"heart_sutra","变态"
"heart_tail","心形尾巴|心形尾尖|尾巴摆出心形"
"heart_tattoo","心形纹身"
"heart-shaped_box","心形盒子"
"heart-shaped_buckle","心形扣环"
"heart-shaped_charm","心形钥匙扣"
"heart-shaped_chocolate","巧克力心形"
"heart-shaped_eyes","♥_♥，心形眼睛，爱心眼眸"
"heart-shaped_eyewear","心形眼镜"
"heart-shaped_lock","心形锁"
"heart-shaped_lollipop","心形棒棒糖"
"heart-shaped_pillow","心形抱枕"
"heart-shaped_pupils","心形瞳孔|心形眼"
"heartbeat","心跳|表现出心动的文字"
"heartcatch_precure!","心捕光之美少女，心捕美丽美少女，心捕美丽美少女！"
"heat_man","热能人"
"heat_stroke_photoshoot_(meme)","背心，中暑（迷因）"
"heathcliff_(project_moon)","希斯克利夫_(limbus_company)"
"heattech_leotard","高领连身衣"
"heaven's_melody","京子"
"heavy_breathing","喘粗气"
"heavy_cruiser_princess","重型巡洋舰姬"
"heavy_cruiser_summer_princess","重型巡洋舰夏日姬"
"hebina_masayoshi","绘美惠正"
"hebino_rai","OT-NM风格"
"hebrew_text","希伯来语"
"hecha_(01964237)","hecha_(swy1996228)，和泉纱月"
"heckler_&_koch","黑克勒-科赫制系列武器"
"hector_(fate)","赫克托尔_(命运/冠位指定)"
"hedge","树篱植物"
"heel_up","抬起脚跟"
"heemin","莉莉琪，自我雇佣"
"heeya","用户_wjme7787"
"hei_tai_(kyaputen1)","黑田_(hmdstk0801)"
"heibaise_jiangshi","m9nokuro，黑之谜团"
"heibonkaeru","苍白"
"heidimarie_w._schnaufer","海蒂玛丽_W_施瑙费尔"
"heigani","便当团子，真希子"
"height_difference","身高差"
"height_switch","高度交换"
"heijitsu_(paapuu)","山崎满"
"heismay_(metaphor:_refantazio)","海斯梅夜蝠"
"heiwari_kanade","六月一日"
"heki_(supmore!)","hex_aaaane，十六进制aaaaane"
"hekirake","达鲁泽农"
"hekomii","混沌之石"
"helbai","为什么是赫尔布兰姆"
"helbindi_(fire_emblem)","赫尔宾迪_(火焰之纹章英雄传)"
"helen_(helen2210hk)","helen2210hk，海伦2210香港账号"
"helena_(kancolle)","海伦娜_(舰姬Collection)"
"helena_blavatsky_(fate)","海伦娜·布拉瓦茨基_（命运/冠位指定）"
"helianthus_(girls'_frontline)","向日葵_(少女前线)"
"helic_(7317helic)","立方体主题_(虎205)"
"helicopter","直升机"
"hella_p","恶神"
"helm","戴着头盔的"
"helmet","头盔|头部装甲|头部防护罩"
"helmet_musume_(kancolle)","头盔少女_（舰队Collection）"
"helmet_removed","摘下头盔|被摘下的头盔"
"helvetica_std","赫尔维蒂卡5标准体"
"hemo_(hemoroda)","鬼虎桑，银色的是是"
"hemokinesis","血液魔法，操控血液"
"hen-tie","下一个帖子"
"henemimi","喜欢百合的人"
"henjiwumei","用户_ygwf7527"
"henkyou_(e-f-frontier.net)","变装"
"henry_townshend","亨利·汤森德"
"henshako","边泰贾加"
"henshin","变身"
"hentai_kuwa","夏目京介"
"hentai_ouji_to_warawanai_neko.","猫娘，变态王子与不笑猫，《变态王子与石猫》。"
"henya_the_genius_(school_uniform)","慧也_天才版（第二套服装）"
"henyaan_(oreizm)","新剧情，新章节"
"henyomen","加鲁贝加鲁，亨约门门"
"hephaestus_(housamo)","赫菲斯托斯_（东京放课后的召唤师们）"
"hepu2rabbits_(epuusa)","埃普乌萨"
"heqing","青色系"
"heracles_(fate)","狂战士"
"herada_mitsuru","八哥之洞"
"heran_hei_mao","黑猫_(Pixiv)"
"herbalist_(sekaiju)","植物学家_巨兽"
"here's_johnny!_(meme)","这是约翰尼！"
"herio","heriwo_(haraheridou)，赫里沃_(哈拉赫里道)"
"herishop","赫里勒"
"herlock_sholmes","夏洛克·福尔摩斯（逆转裁判）"
"hero_(dq4)","男性英雄_(dq4)"
"hero-san_to_moto_onna_kanbu-san","恋爱中的超级女英雄！_甜蜜陷阱与急速兔子"
"heroic_spirit_festival_outfit","英灵节日装"
"heroic_spirit_traveling_outfit","英灵旅装"
"heroine_(dq4)","女性英雄_(dq4)"
"heroine_(lovebrush_chronicles)","永远的女主角，永恒的主角"
"hesoten","赫索滕兹兹"
"hessian_(fate)","《命运/冠位指定》的黑森女伯爵"
"hestia_(danmachi)","赫斯提亚_地下城"
"hestia_(danmachi)_(cosplay)","赫斯提亚_地下城_角色扮演"
"hetano_yokoduki","赫塔诺·横月"
"hetare_(hetare013)","娘化角色_(Pixiv)"
"hetare_mizu","fc_shui，清水潘库"
"hetareeji","被击败的用户"
"hetero","异性恋"
"heterochromia","虹膜异色"
"hews","休斯黑客"
"hex_maniac_(pokemon)","神秘狂热者（宝可梦）"
"hexafusion","三重融合"
"hexagon","六边形"
"hexagram","六角星"
"hey_taisyou","巴卡巴卡西，嘿太郎"
"heysho","多桑子，惠庄小樱"
"heyzan","阳光支付"
"hhy","hny_(40292028)，红发，蓝色眼睛"
"hi_(ibisf5umauma)","hitoki_(kokusei1977)，时树_(kokusei1977)"
"hi_i_dubu","用户_fcnj8455"
"hi_no_tori","凤凰_(版权相关)"
"hi_you_(flying_bear)","飞熊，飞翔的熊"
"hibana_(hibana_ztlv)","岛谷亚由子"
"hibike!_euphonium","声音！_大号"
"hibiki_(blue_archive)","猫冢响"
"hibiki_(cheer_squad)_(blue_archive)","响_(啦啦队队员)_(蓝色档案)，猫塚响_(啦啦队)"
"hibiki_(kancolle)","响_(舰队Collection)"
"hibiki_(zerocodo)","响零码"
"hibiki_du_ca","响杜卡"
"hibiki_ryouga","响龙牙"
"hibiki_tohru","响彻天空，响彻天际"
"hibiku_twilight_parade_(project_sekai)","音乐版暮光游行（project_sekai），激昂版暮光游行（project_sekai）"
"hibiscus","扶桑花"
"hibitono","和乃乃"
"hibiwa","清空页面，拉库官方账号"
"hiburi_(kancolle)","欢乐_(舰队Collection)"
"hidaka_kouyou","黄昏时分"
"hidaka_ryou","春_(pixiv276337)"
"hidamari_sketch","阳光素描"
"hidan_no_aria","艾莉亚·猩红弹药"
"hidan_no_aria_aa","艾莉亚·深红弹药 AA"
"hidari_shoutarou","左翔太郎"
"hidden_camera","隐藏摄像头"
"hidden_face","没有露脸|被挡住的脸"
"hidden_phantom_(mega_man)","幻影_洛克人，幻影_巨人之拳"
"hide_(hideout)","小说类"
"hide_oo","hashi_227，桥牌227"
"hidefu_kitayan","日暮希谷田"
"hiding","躲藏"
"hido_(cherryhido)","hido_(meori_apu_da)，日堂_(美织阿普达)"
"hidora_art","塞吉子_(akatora3373a)"
"hidori_(hibi_toridori)","日向美羽"
"hieda_no_akyuu","冰田明由"
"hiei_(kancolle)","冰井_舰队Collection"
"hiei_(moonlit_cruise)_(azur_lane)","辉夜_（月光朝圣）_（碧蓝航线）"
"hifumi_(blue_archive)","足谷秀史"
"hifumi_(swimsuit)_(blue_archive)","足谷秀史（泳装）"
"hifumi_chiyoko","水色糖浆"
"hifumi_hajime","狂犬_(无限零度)"
"higa_(gominami)","五美南"
"higa423","美脚，修长美腿"
"higaragi","平假名_(jhug8877)"
"higashi_no_eden","东方伊甸，东方伊甸"
"higashigure","沙巴修格尔"
"higashikata_josuke","东方仗助"
"higashikata_josuke_(jojolion)","东方仗助（JOJO的奇妙冒险）"
"higashikata_kou","深川玉美，沉没的扎克尔"
"higashimitarai_kiyoshiro","东三平清四郎"
"higashiyama_(higashiyama_honpo_l.t.d)","东山_（艺术家）"
"higashizukihi_sei","新生_(easycross1226)，S_SEI_1226"
"hige_habahiro","日下部小姐"
"hige_wo_soru._soshite_joshikousei_wo_hirou.","英广"
"higeji_(higeji404)","higeji404，oji坦"
"higeki_no_genkyou_tonaru_saikyou_gedou_last_boss_joou_wa_tami_no_tame_ni_tsukushimasu","最异端的最终首领女王：从反派到救世主"
"higeneko","梦咲"
"higeno_shinshi","新剧高画质"
"high_collar","高领"
"high_contrast","高对比度"
"high_five","击掌"
"high_heel_boots","高跟靴"
"high_heels","高跟鞋"
"high_kick","高踢|高抬腿"
"high_ponytail","高马尾"
"high_school_dxd","高中DxD"
"high_school_fleet","海芙莉，海芙丽"
"high_x_joker_(idolmaster)","高X小丑"
"high-low_skirt","短前长后裙装"
"high-visibility_vest","安全背心"
"high-waist_skirt","高腰裙"
"highleg","高开衩的衣物"
"highleg_bikini","高开衩的比基尼"
"highleg_leotard","高开衩的连身衣"
"highleg_panties","高开衩的内裤"
"highleg_swimsuit","高开衩的泳衣"
"highlights","挑染"
"highres","高分辨率，高清，高画质"
"highvoltage","joltik_（艺术家）"
"highwayman_(darkest_dungeon)","迪斯马斯_（最黑暗的地牢）"
"higi_(rodriguez)","higi_(pixiv)，日系美少女，可爱风格"
"higurashi_no_naku_koro_ni","/hig，凉宫春日，蝉鸣之时"
"higyaku_no_noel","诺埃尔·凡人之命"
"hii_(motorholic)","林隼"
"hiiragi_fuyuki","性感_2R"
"hiiragi_hazime","平假名入门"
"hiiragi_ken","平假名诸神黄昏，hiraken_2012"
"hiiragi_syuu","shuu_(mniarnoakou)，修_（米娜诺阿库）"
"hiiragi_xoxo","平假名字幕，米奥之春"
"hiiragi_yuuichi","铁雄_(tetuo1129)"
"hiiragi_yuzu","祖祖·博伊尔"
"hiita_(hitta_99)","hitta_99，找到99"
"hijabolic","微风之翼"
"hiji_(hijichan)","哈丁克，希吉·萨马克"
"hijikata_toshizou_(fate)","土方岁三_（Fate/Grand Order）"
"hijikata_toushirou","土方岁三"
"hijiri_ijiri","山吹风"
"hijiri_kogome","kgm_euphrasia，紫草元素"
"hijiri_rei","日代丽"
"hijiri_tsukasa_(hijiri-tukasa)","日吉土岐纱"
"hikari_(blue_archive)","高地人侧锁指挥官（蓝色档案），橘光（蓝色档案）"
"hikari_ku","光_(八方旅人)"
"hikari_to_mizu_no_daphne","灿烂蓝色中的达芙妮，灿烂蓝色中的达芙妮"
"hikariz","轻量奇迹"
"hikarizaka_private_high_school_uniform","私立光坂高等学校校服"
"hikaru_ga_shinda_natsu","夏日光辉已逝"
"hikaru_no_go","冰果"
"hikashima_(shiofune)","草笠岛"
"hikawayunn","咖啡馆--摩卡"
"hiki_yuichi","日式浴衣，玛莉莫老板，rnknmrm"
"hikikomari_kyuuketsuki_no_monmon","闭居吸血鬼公主的烦恼"
"hikimayu","引眉"
"hiking_pole","登山杖"
"hikipanda","零重力状态"
"hiko_(lg612)","鸟/雄性"
"hikyou_tanken_fam_&_ihrie","废墟探险者"
"hilary_(pokemon)","小智_(宝可梦)"
"hilbert_(pokemon)","黑色宝可梦，黑白版男性主角，黑白版男性主角，小智（宝可梦）"
"hilda_(pokemon)","女性主角（宝可梦黑白版），女性主角（宝可梦黑白版），透子（宝可梦），白（宝可梦）"
"hildr_(fate)","希尔德丽_(命运/冠位指定)"
"hilichurl_(genshin_impact)","希利丘尔"
"hill","小山坡"
"hilling_(ousama_ranking)","女王堆砌"
"hima","希马波，托托_(ajisio9)"
"himadera","冰上三圣0401"
"himajin_noizu","碧海蓝天"
"himari_(blue_archive)","晓星辉"
"hime_(himesama_goumon)","姬子_(公主大人“公务”时间到)"
"hime_(kaibutsu_oujo)","莉莲妮"
"hime_(orange_juice)","姬子_(杉栗)"
"hime_cut","公主发型"
"hime_granzchesta","公主总统"
"hime_gyo","姬城由宇"
"hime-chan_no_ribbon","姬酱的丝带"
"hime-sama_""goumon""_no_jikan_desu","是时候“折磨”公主了"
"himegami_shino","椎名诗乃"
"himehachi_(hime8manga)","日轮"
"himekawa_yoshino","吉野_（Date A Live）"
"himeko_(nico6v6pachi)","姬子_(bkbkbnb)"
"himeko_(sky-freedom)","发夹姐姐_(天空_(自由))"
"himemiya_tori","日见山灯里"
"himemori_luna_(new_year)","冰室露娜_（第二套服装）"
"himemori_luna_(streetwear)","冰室露娜_（第五套服装）"
"himemori_luna_(sundress)","冰室露娜_（第三套服装）"
"himeno_yuka","yrzirst，异色瞳少女"
"himeyamato","无法切开蛋糕"
"himezaki_aoi","扎基"
"himino_seika","米酱_(时乃秘密)"
"himitsu_(hi_mi_tsu_2)","时乃秘密"
"himitsu_(iemaki)","苏打汽水风_(iemaki)"
"himitsu_no_valentine_daisakusen!_(project_sekai)","秘密行动情人节！_（项目世界），情人节秘密行动_（项目世界）"
"himitsucalibur_(fate)","秘密剑"
"himiya_jouzu","美美拉姆ネ"
"himo_(himodayoo)","夸沃"
"himonoata","干武台，千武台"
"himuhino","诅咒配对"
"himukai_kyousuke","日向京辅"
"himukai_yuuji","日暮勇次"
"himura_moritaka","火焰最大值"
"himuro_lavi","冰室拉比"
"himuro_shunsuke","冰室_火焰之纹章"
"himuro_yukiya","冰室_（库莉特训生）"
"hina_(araburu-hinadori)","雏乃_(妮可赛嘉)"
"hina_(blue_archive)","空崎日向"
"hina_(swimsuit)_(blue_archive)","染崎日向_（泳装）"
"hina_ningyou","雏人偶套装"
"hinagi_(fox_priest)","雏菊，长耳兔"
"hinaichigo","雏莓"
"hinami_riku","令人欲罢不能"
"hinamizawa_hinami_(tetto)","冰见泽日向"
"hinanawi_tenshi","不可爱的天使，天使太不可爱了"
"hinano_(sky-freedom)","发髻姐姐_(天空之境)，发髻姐姐_(天空之境)"
"hinao","日向子_(3)"
"hinasaki_you","雏咲"
"hinase_kaguya","木更津辉夜"
"hinata_(blue_archive)","若叶日向_（蓝色档案）"
"hinata_(echoloveloli)","回声爱狗仔图"
"hinata_(fire_emblem)","日向_(火焰之纹章IF)"
"hinata_(swimsuit)_(blue_archive)","日向若叶（泳装）（蓝色档案）"
"hinata_hibari","hibari_(horse809cat)，日笠阳子"
"hinata_hideki","日向_(天使节拍！)"
"hinata_ichi","一花"
"hinazuki_ririna","莉莉丝_(Beatmania IIDX)"
"hindi_text","印地语"
"hinemosu_notari","无法动弹"
"hinghoi","自由泰国，黑姬_（新鲜肉质公主）"
"hino_(2nd_life)","太阳星星"
"hino_akane_(smile_precure!)","日野茜_（光之美少女）"
"hino_hinako","hino7co，日野七子"
"hino_mamori","羽子美"
"hinoka_(fire_emblem)","日向花_火焰之纹章IF"
"hinooka_shuuji","日之冈修二"
"hiodoshi_ao_(regloss_uniform)","hiodoshi_ao_（第二套服装）"
"hiomaika","路西法_(vxwj5733)"
"hip_attack","臀部攻击"
"hip_bones","髋骨"
"hip_focus","臀部为焦点"
"hip_vent","服装露出髋部侧面"
"hippopotamuso","卡巴_河马"
"hiragana_(maru_kaku)","平假名2525"
"hiragana_oufu","平假名（软音），片假名（泡菜音至软音）"
"hirai_yuzuki","由月_(惊变40)"
"hiranmayi","沙丘莉"
"hirano_katsuyuki","太良野胜之"
"hirano_kouta_(hsotd)","平野浩太"
"hirano_masanori","嘿呀正则"
"hirarinoie","橙子老师"
"hirasaka_ine","平坂_(okome13)"
"hirasaka_makoto","冲突之家"
"hirata_katsuzou","平田克三"
"hirata_yurisa_(geewhy)","平田由里沙_(ghettoyouth)"
"hirato_(kancolle)","平户_(舰队Collection)"
"hirayama_kanna","卡帕帕帕帕"
"hirayama_yukio","假赤城，二世赤城"
"hiro_(dismaless)","白_（100301hiro）"
"hiro_(hidamari_sketch)","广人"
"hiro_0607","广人_(雨后归来)"
"hiro_yoshinaka","吉野中广"
"hiroe_rei","德州墨西哥风味料理"
"hirogaru_sky!_precure","翱翔的天空！可爱治愈系"
"hirokawa_kouichirou","广川宏"
"hirokichi_shouji","雪露·晓寺"
"hiromu_ps","金泽广"
"hiromumaru","hipy_(被遗忘的图片)"
"hironii_(hironi3)","hironii_(hirofactory)，广宁_(hirofactory)"
"hiropon_(owo_hiropon)","广冈鹰"
"hirose_(10011)","hrs_1001，编号1001的HR分类"
"hirose_koichi","广濑公一"
"hirose_madoka","结尾片段"
"hirosenpai","广森前辈_(adamosina)，广森前辈_(hirosenpaiart)"
"hiroshima_touyou_carp","广岛鲤鱼，广岛丰洋鲤鱼"
"hiroyama_hiroshi","杜鹃花"
"hirschgeweih_antennas","八木天线"
"hirume_of_heavenly_incense","天界赫鲁梅"
"hirunagi","哈佐拉"
"hirune_(imomonono)","猫咪可爱风"
"hirune_(konekonelkk)","nel_(花融效果)"
"hiryuu_(kancolle)","飞龙_(舰姬Collection)"
"hisae_(hisae_collect)","蛋糕"
"hisakabe_oto","菱垣音奈"
"hisakata_(hisa_nn)","高梨翼"
"hisame_(fire_emblem)","火明_(火焰之纹章IF)"
"hisame_shiki","用户_tcms7577"
"hisasi","久志_(猫耳人)"
"hisen_kaede","日向花"
"hishaku","舀子"
"hisoka_morow","西索_(猎人×猎人)"
"hisona_(suaritesumi)","波多沙托贝尼"
"hisone_to_masotan","龙之飞行员：希索内与玛索坦"
"hissaa_(starlight_express)","星光特快"
"historical_name_connection","历史背景关联"
"hisui_hearts","翡翠之心"
"hitachi_magic_wand","震动棒|按摩棒"
"hitbox","碰撞框"
"hitch_(perotoss)","基罗厨师"
"hitoba","浅山，向日葵"
"hitobashira_alice_(vocaloid)","人柱艾丽丝"
"hitodama","人魂"
"hitodama_(madatohi)","真田透"
"hitohachan","修明"
"hitoiki","人形_(错误图片)"
"hitokoto","金子"
"hitomi_o","热斗萌衣"
"hitomi_sensei_no_hokenshitsu","护士瞳的怪物诊所"
"hitomi-chan_wa_hitomishiri","瞳美酱在陌生人面前很害羞"
"hitoshi_suda","阿尔克纳斯恩"
"hitotose_rin","人妻酱"
"hitotsuki_nanoka","一之丘奈香"
"hitotsuki_no_yagi","第一根旗杆"
"hitotu_no_naka","奥拉法"
"hitou_nami","人浪"
"hits","点击量、阅览数、关注数(贺图)"
"hitsugi_katsugi_no_kuro","扛棺材_黑"
"hitsugi_no_chaika","恰伊卡：棺木公主"
"hitsuji_kusa","ma_(souseki556)，马_（souseki556）"
"hitting","击打"
"hiura_mihate","米哈特·日向"
"hiwa_industry","侧旋飞龙"
"hiwokawa","本物"
"hiya_(dkr)","嗨呀_(pixiv)"
"hiyama_yuu_(wee259hiyama)","wee259hiyama，苇山"
"hiyaya_(kochi_michikaze)","高知美千风"
"hiyoko_(kancolle)","日向子_(舰队Collection)"
"hiyoko_neneko","猫咪嗨哟"
"hiyomon","阴阳院部"
"hiyori_(blue_archive)","土永日向"
"hiyori_(princess_connect!)","春咲日代里"
"hiyou_(kancolle)","辉夜_(舰队Collection)"
"hiyuu_(hiyualice)","冰凉的水晶质感"
"hizuki_akira","晓_(夏之忆)，tino0618"
"hizuki_aya","冰月舞"
"hizuki_yayoi","日向秀树"
"hj_penguin","企鹅说话"
"hjz_(artemi)","海梅雷杰罗"
"hk_(nt)","m_hk_a，香港风格"
"hk_nnm","高清版_(8quuu_)"
"hk21_(girls'_frontline)","hk21_（少女前线），hmg21_（少女前线）"
"hk23_(girls'_frontline)","MG23_（少女前线）"
"hk416_(girls'_frontline)","416_（少女前线），HK416_（少女前线）"
"hk433_(girls'_frontline)","433_（少女前线）"
"hm_(hmongt)","潘迪特·提拉通"
"ho-kago_tea_time","放学后茶点时间，放课后茶会时间，下班后茶点时间"
"ho'olheyak_(arknights)","霍赫耶尔_《明日方舟》"
"ho2nium","畑山广"
"hoe-l","八重子织"
"hoederer_(arknights)","赫德利_(明日方舟)"
"hoenn_(jgm1102)","丰缘地区，LHM"
"hogen_(housamo)","晓月_（东京放课后的召唤师）"
"hogo_(otora50)","杀鲸者鲸鱼，大龟50"
"hoijin","杨古斯_(2143077)"
"hojo_karen","侯条轻蔑脸，侯条轻蔑脸"
"hojo_sophy","侯爵索菲"
"hokma_(project_moon)","hokma_(脑白质切除公司)"
"hokuro_ryuuseigun","北陆防卫队"
"hokuto_no_ken","北星之拳"
"holding","拿着某物"
"holding_animal","抱着动物"
"holding_another's_arm","抱臂姿势"
"holding_another's_wrist","抓住他人手腕，握住手腕"
"holding_arrow","拉着弓"
"holding_axe","握着斧头"
"holding_bag","提着包"
"holding_ball","抱着球"
"holding_barcode_scanner","手持扫描仪"
"holding_baseball_bat","持棒_（棒球）"
"holding_basket","提着篮子"
"holding_behind_back","背后，背后的物体"
"holding_book","捧着书"
"holding_bottle","拿着瓶子"
"holding_bouquet","手捧花束"
"holding_bow_(weapon)","拿着弓(武器)"
"holding_bowl","端着碗"
"holding_box","端着箱子"
"holding_breath","憋气"
"holding_broom","手持扫帚"
"holding_camera","手持摄像机"
"holding_can","拿着易拉罐"
"holding_candy","手持糖果"
"holding_cane","手持拐杖"
"holding_card","手持卡片"
"holding_cat","抱着猫"
"holding_chopsticks","拿着筷子"
"holding_cigarette","手叼香烟"
"holding_cigarette_pack","叼着香烟盒"
"holding_clothes","拿着衣服"
"holding_computer_keyboard","手持键盘_（电脑）"
"holding_computer_mouse","握持鼠标_(电脑)"
"holding_condom","拿着避孕套"
"holding_cup","手持杯子"
"holding_dagger","手持匕首"
"holding_detached_head","握住头部，握住被砍下的头颅"
"holding_doll","抱着玩偶"
"holding_drawing","展示图片"
"holding_earphones","握住耳机"
"holding_eyewear","拿着眼镜|正在摘眼镜"
"holding_fan","拿着扇子"
"holding_fireworks","手持烟花棒"
"holding_flag","手持旗帜"
"holding_flower","拿着花"
"holding_flute","录音设备"
"holding_food","拿着食物"
"holding_fork","拿着餐叉"
"holding_fruit","拿着水果"
"holding_gem","握持宝石"
"holding_gift","拿着礼物"
"holding_glowstick","手持手电筒荧光棒"
"holding_gun","拿着枪"
"holding_hair","握着头发|手指绕着头发"
"holding_hands","牵手"
"holding_hat","拿着帽子"
"holding_head","手里捧着头"
"holding_helmet","拿着头盔"
"holding_innertube","拿着泳圈"
"holding_instrument","拿着乐器"
"holding_knife","拿着刀"
"holding_lead_pipe","握持工业管道"
"holding_leaf","拿着叶子"
"holding_limb","握住断手"
"holding_lollipop","拿着棒棒糖"
"holding_mask","拿着面具"
"holding_microphone","拿着麦克风"
"holding_money","握持钞票"
"holding_needle","拿着缝衣针"
"holding_own_arm","抓住自己的手臂，握住手臂"
"holding_own_foot","握着自己的脚"
"holding_own_hair","握住头发"
"holding_own_wrist","抓住自己的手腕"
"holding_paintbrush","手握画笔"
"holding_panties","拿着内裤"
"holding_paper","拿着纸"
"holding_pen","握笔"
"holding_pencil","手持铅笔"
"holding_phone","拿着手机"
"holding_pillow","抱着枕头"
"holding_pipe","拿着烟斗"
"holding_pizza","拿着披萨"
"holding_plate","端着碟子"
"holding_plectrum","握着吉他拨片"
"holding_poke_ball","拿着精灵球"
"holding_pokemon","抱着宝可梦"
"holding_polearm","手持长柄武器"
"holding_pumpkin","手持万圣灯"
"holding_rabbit","抱兔子"
"holding_remote_control","手持遥控器"
"holding_removed_eyewear","手持眼镜，拿着眼镜，佩戴太阳镜"
"holding_sack","拎着包袱"
"holding_scythe","手持镰刀"
"holding_sex_toy","握持假阳具"
"holding_sheath","握着刀鞘"
"holding_shield","手持盾牌"
"holding_shoes","拿着鞋子"
"holding_sign","手持招牌"
"holding_sketchbook","手持绘图板"
"holding_smoking_pipe","抱住哭泣的人，抱住管道"
"holding_spear","手持长矛"
"holding_spoon","拿着汤勺"
"holding_staff","手持法杖"
"holding_stethoscope","出牙期"
"holding_strap","手拉着吊带"
"holding_stuffed_animal","抱着毛绒玩具"
"holding_stuffed_toy","抱着毛绒玩具，抱着填充动物"
"holding_stylus","手持手写笔"
"holding_swim_ring","固定内管，固定救生圈"
"holding_swimsuit","背心比基尼，背心式下装比基尼，背心式上装比基尼"
"holding_sword","手持剑"
"holding_syringe","手持注射器"
"holding_towel","拿着毛巾"
"holding_tray","托着盘子"
"holding_umbrella","撑伞"
"holding_underwear","手持内衣"
"holding_unworn_clothes","拿着衣服"
"holding_unworn_dress","连体裙"
"holding_unworn_skirt","束裙"
"holding_wand","握着棒子"
"holding_water","手中握水"
"holding_weapon","手持武器"
"holding_whip","握着鞭子"
"holding_with_feet","脚部支撑点"
"holding_with_tail","尾部固定"
"holed_coin","50日元硬币，5日元硬币，人民币现金"
"holiday_(pangjelly)","ACSO相关内容"
"hollning","叶圣德配音版"
"holly","冬青"
"holly_(monster_farm)","霍莉_（怪物牧场主）"
"holo","恐怖氛围"
"hologram","全息图片"
"holographic_interface","全息投影"
"holographic_monitor","全息显示，全息屏幕"
"hololive_idol_uniform_(bright)","Hololive亮色服饰"
"hololive_idol_uniform_(origin)","Hololive偶像制服，Hololive出道造型服装"
"holotori","全息鸟类"
"holster","武装带"
"holstered","插在枪套中的武器"
"holy_alina","阿丽娜·格雷_（神圣），神圣阿丽娜_（魔法纪录）"
"holy_mami","巴卫妈妈_神圣版"
"holy_meh","天啊"
"holyangemon","玛格娜安吉蒙"
"holydramon","强力龙魔兽"
"homare_(fool's_art)","Homare_（画师名）"
"homare_(homaredai)","虾夷红虾"
"homare_(suzu_no_oka)","桃香_(pixiv414926)"
"hombre_tigre_(housamo)","虎人男_（东京放课后的召唤师）"
"hominamia","阳向爱美，海带（蜂蜜圆点），矢谷"
"homriette","胡桃露"
"homu","嘟嘴|抿嘴"
"homu_(seven_deadly_sins)","晓美焰"
"homunculus_(alchemynote)","小人族_(艺术家)"
"homura_minori","晓娜鲁"
"homurabara_academy_school_uniform","穗村原学院校服，穗村原学院校服"
"homurahara_academy_uniform","穗群原学园制服"
"honda_hiroto","特里斯坦·泰勒，特里斯坦·蒂莫西·泰勒"
"honda_motocompo","摩托车组合"
"honda_tamanosuke","本多玉之助"
"honda_tohru","本田透"
"honda_yoshinobu","弯曲的沙丘"
"hondaranya","独自驾驶"
"honest_john_(disney)","j._worthington_foulfellow，沃辛顿·福尔费洛"
"honexstage","诚实度"
"honey","蜂蜜"
"honey_badger_(girls'_frontline)","蜂蜜獾_(少女前线)"
"honey_brush","蜂蜜刷_已删除"
"honeycomb_(pattern)","蜂窝风格图案"
"honeycomb_background","蜂窝风格背景"
"hong_(white_spider)","白蜘蛛，白色蜘蛛（红）"
"hong_bai","红白配色"
"hong_doo","家燕，红肚杰比"
"hong_kuang","玛卡罗莉_(诺亚)"
"hong_lu_(project_moon)","红露_利姆布斯公司"
"hong_meiling","前美玲"
"hong_yun_ji","红发（亚裔），红发（亚洲人）"
"hongbao","压岁钱，来世，红包"
"hongryeon_(last_origin)","C-77红莲"
"honjoji_akira","阿基拉_(毒蛇)"
"honjou_raita","雷塔"
"honneamise_no_tsubasa","Honneamise之翼"
"honnryou_hanaru","本日是夏日"
"honoka_(pandatype)","Honoka_(ranukirai)，枫花_(兰努基莱)"
"honoka_chiffon","Honoka_(1399871)，晓香"
"honokan","淡淡的柑橘味"
"honolulu_(among_the_stalls)_(azur_lane)","檀香山_（节日日期）_（碧蓝航线）"
"honolulu_(manjuu_mischief)_(azur_lane)","檀香山_（火红礼物）_（碧蓝航线）"
"honolulu_(umbrella_girl)_(azur_lane)","檀香山（遮阳伞女孩）（碧蓝航线）"
"hontai_bai","大老板_圆形"
"honzawa_yuuichirou","神秘感"
"honzuki_no_gekokujou","书虫的崛起"
"hoo_bamon","胡巴蒙"
"hood","兜帽"
"hood_(lady_of_the_shining_sun)_(azur_lane)","兜帽_(阳光少女)_(碧蓝航线)"
"hood_(rosey_love_poem)_(azur_lane)","兜帽_(玫瑰之恋诗篇)_(碧蓝航线)"
"hood_basket","引擎盖内"
"hood_down","放下的兜帽"
"hood_up","戴起来的兜帽"
"hooded_cape","连帽斗篷"
"hooded_cloak","连帽披巾"
"hooded_coat","连帽外套"
"hooded_jacket","连帽夹克"
"hooded_shirt","连帽衬衫"
"hooded_sweater","连帽毛衣"
"hooded_track_jacket","连帽运动夹克"
"hooded_vest","连帽卫衣马甲"
"hoodie","连帽衫"
"hooh_lin","霍奥_（画师名）"
"hoop","铁环"
"hoop_earrings","环状耳环"
"hooriyuu","见成る"
"hooves","蹄子"
"hoozuki_no_reitetsu","星月的冷静沉着"
"hope_stelar_(mega_man)","星川茜"
"hope's_dusk_(apex_legends)","幽灵苦无"
"hope's_peak_academy_school_uniform","菊冈学园校服"
"hopebiscuit","蓝色_(希望饼干)"
"hopeful_wharf","该标签无对应中文翻译"
"horai_sennkyo","千境托约"
"horcrux_college","次元崩溃，光辉学院"
"hori_yuko","堀由子"
"hori-san_to_miyamura-kun","堀未央奈"
"horibe_hiderou","堀部秀郎"
"horie_ryuu","色情内容"
"horiguchi_yukiko","白鱼"
"horikwawataru","aya_(547972106)，绫波丽"
"horizon","地平线"
"horizontal_bar","引体向上杆"
"horizontal_pupils","一字型瞳孔|蛙眼"
"horizontal_stripes","水平条纹"
"horkeu_kamui","horkeu_kamui_（东京放课后的召唤师），kamui_（放课后的召唤师）"
"horn_(arknights)","《明日方舟》小号"
"horn_bow","系着蝴蝶结的角"
"horn_ornament","角上有饰物"
"horn_ribbon","角上系着缎带"
"horn/wood","生鸡蛋扁豆"
"horned_headwear","角状头饰"
"horned_helmet","带角头盔"
"hornet_(kancolle)","黄蜂_(舰姬Collection)"
"hornet_(rance)","黄蜂_(奇奇库欧·兰斯)"
"horns","角|有角的"
"horns_pose","手指角状物，角状姿势"
"horns_through_headwear","为角留了洞的头饰"
"horosuke","晴辅_(toot08)"
"horrified","恐怖表情"
"horror_(theme)","恐怖(主题)"
"horse","马"
"horse_boy","骑马人"
"horse_ears","马耳"
"horse_girl","马娘"
"horse_penis","马阳具，公马阴茎"
"horse_tail","马尾"
"horseback_riding","骑马"
"hose","软管"
"hosekisho_richard-shi_no_nazo_kantei","珠宝商理查德的案件档案"
"hoshi_(star-name2000)","星之少女_(106465065)"
"hoshi_mikan","三奈神"
"hoshi_mitsuru","爆炎蓝花仙子"
"hoshi_no_samidare","路西法与饼干锤，路西法与那把饼干锤，路西法与饼干锤的相关内容，无限之雨"
"hoshi_ryoma","星凉马"
"hoshi_syoko","星翔子"
"hoshiguma_(ronin_huntress)_(arknights)","星熊_(巡逻浪人)_(《明日方舟》)"
"hoshiguma_yuugi","星熊勇气"
"hoshiguma_yuugi_(kimono)","星熊勇气（宣传版）"
"hoshikuzu_pan","穆特基安，奥莫奇（玻璃之心_0u0）"
"hoshikuzu_telepath","星尘心灵感应"
"hoshimachi_suisei","星宫水镜，水镜频道"
"hoshimachi_suisei_(casual)","星町水镜_（第三套服装），星町水镜_（日常装），星町水镜_（街头服饰）"
"hoshimachi_suisei_(maid)","星町水镜_（第六套服装）"
"hoshimachi_suisei_(new_year)","星町水镜_第二套服装"
"hoshimachi_suisei_(oriental_suit)","星町水镜_（第八套服装）"
"hoshimachi_suisei_(school_uniform)","星町水镜_（第四套服装）"
"hoshimachi_suisei_(shout_in_crisis)","星町水镜_（第七套服装）"
"hoshimachi_suisei_(stellar_into_the_galaxy)","星町水镜（第五套服装）"
"hoshimiya_aki","akky_(akimi1127)，阿基_(akimi1127)"
"hoshimiya_mery","meryhsmy，神秘风格"
"hoshino_(blue_archive)","高梨穗乃"
"hoshino_(girls_und_panzer)","星野惠子"
"hoshino_(swimsuit)_(blue_archive)","高梨穗乃花（泳装）"
"hoshino_ai","星野AI_（小羊）"
"hoshino_hachirouta","星野八郎太"
"hoshino_hitsuki","痴汉"
"hoshino_souichirou","久保惠，惠·久保"
"hoshino_yumemi","幻想，白日梦"
"hoshinoumi_academy_school_uniform","星之海学院制服"
"hoshirail","那些女孩"
"hoshiyui_tsukino","tk_n_gm，恐怖游戏"
"hoshizaki_tia","奇亚_(魔法少女奇亚奇亚频道)"
"hoshizora_e_kakaru_hashi","通往星空的桥梁"
"hoshizuki_(seigetsu)","星月_清月，清月"
"hosomi_shizuko","星见_(少女与战车)"
"hospital_bed","病床"
"hospital_rokunin_no_ishi","创伤小组，创伤小组_Atlus版"
"hossi","一万人大战"
"hot","热的"
"hot_chocolate","热可可"
"hot_dog","热狗"
"hotaboshi_yazuki","雪月100%"
"hotaru_kago","夜光萤火虫"
"hotarugusa_(onmyoji)","萤草"
"hotate-chan","藤津子_(hujitubo0731)"
"hotpants_(i'm_hot_yet!)","热裤_(艺术家)"
"hottan!","辣妹"
"hou_(hachiyou)","贝萨玛"
"hou_(ppo)","晓豪"
"houhou_(black_lack)","富塔卡拉"
"houjin_exaxxion","加农神埃克萨克西翁"
"houjou_tokiyuki_(nige_jouzu_no_wakagimi)","保条时幸（恶之爪的雏鸟）"
"houkago_no_pleiades","昴宿星愿"
"houkago_saikoro_club","放学后骰子俱乐部"
"houkago_shounen","放学后17点"
"houkago_teibou_nisshi","防波堤上的日常日记"
"houki_(tonburi)","通伯里"
"houkisei","萤火虫_(mmjw7432)"
"houlen_yabusame","羽生射箭"
"houmatu_awa","awa_(3anco00)，阿瓦_(3anco00)"
"houmitsu","岩本鲣鱼"
"hound_(sekaiju)","流浪者_巨兽"
"houndstooth","千鸟格纹"
"houraisan_kaguya","/hk，香港风格"
"hourglass","沙漏"
"hourou_musuko","流浪之子"
"house","房子"
"house_of_cards","卡牌塔防"
"houseki_no_kuni","光辉之地"
"housewife","家庭主妇"
"houshou_(kancolle)","虎守_舰姬Collection"
"houshou_marine_(businesswoman)","胡兽海洋版（第六套服装）"
"houshou_marine_(gothic_lolita)","胡兽海洋版（第三套服装）"
"houshou_marine_(marching_band)","胡兽海兵队_（第五套服装），胡兽海兵队_（美浓路）"
"houshou_marine_(new_year)","胡兽海洋版（第二套服装）"
"houshou_marine_(school_uniform)","胡兽海洋版（第七套服装）"
"houshou_marine_(summer)","胡兽海女_（第四套服装），胡兽海女_（泳装）"
"houso_(touhou)","房屋"
"housou-kun","放送酱"
"houston_(kancolle)","休斯顿_(舰姬Collection)"
"houtani_yukitoshi","日向幸人"
"houzouin_inshun_(fate)","蓬莱院真舟_（Fate/Grand Order），蓬莱院真舟_（Fate）"
"houzouin_oniwaka","鬼瓦_（放送部），鬼瓦_（东京放课後召唤师）"
"hoverboard","悬浮板"
"how_to","画法示范"
"how_to_draw_an_owl_(meme)","如何绘制猫头鹰"
"how_to_draw_manga_redraw_challenge_(meme)","如何绘制漫画，重绘挑战"
"how_to_make_sushi_(meme)","如何制作寿司"
"how_to_win_my_husband_over","如何让丈夫站在我这边，请求南派恩成为我的搭档的方法，前往奥托·奥米卡塔的方法"
"howa_type_64_(girls'_frontline)","64式_（少女前线），轰鸣型64_（少女前线）"
"howa_type_89_(girls'_frontline)","89_shiki_（《少女前线》）"
"howl_no_ugoku_shiro","嚎哭的移动城堡"
"hoxino","亚丝娜qwq"
"hozu_(hozumi)","放任自流"
"hozumi_rino","柠檬蜂蜜1013"
"hozumi_sousei","穗美_(欧酱)"
"hozure","霍勒斯_H"
"hpa_(foolish_factory)","hpa_(pixiv)，高压力症候群（Pixiv版）"
"hraesvelgr_(last_origin)","eb-48g_hraesvelgr，赫拉斯维格龙"
"hrgm","液体本奇"
"hrid_(fire_emblem)","hrid_（火焰之纹章英雄传）"
"hs2000","斯普林菲尔德军工厂_XD-M"
"hs2000_(girls'_frontline)","hs2000_（少女前线）"
"hsh7955","细胞莓原型"
"hsien-ko","蕾蕾，雷蕾"
"htm_(gixig)","鹅形H"
"htn_nm","yxyx_ika，伊卡"
"htol#niq:_hotaru_no_nikki","萤火虫日记"
"hu_kotora","风子酱"
"hu_tao_(genshin_impact)","胡桃"
"hua-j","初勾勾的吊带裙"
"huade_xiami","xiaomi_（用户gtpd5887）"
"huahua_zhu","tanyabones29，坦雅骨29"
"huai_diao_de_zongzi","残酷，无情"
"huan_li","波波牛奶"
"huan_shi_tian_tong","vv404未找到，vv68615349"
"huang_baoling","保罗因环"
"huang_gua","欧卡·穆斯奇"
"huang_huo_liaoyuan","图片格式冲突"
"huang_lingyin","方琳音"
"huang_tie_lin","黄铁林357"
"huang_ya_cai_rou_si_chao_niangao","狂暴双龙将"
"huangjin_shizi","jn，柿金"
"huangquan_dong_(sinchi)","心奇"
"huanxiang_heitu","源创黑兔"
"huanxiang_huifeng","高见平"
"huatu_jiang","赏月_(Pixiv)"
"hubrael","高广美咲"
"hudeako","用户_sfkd4323"
"huei_nazuki","辉·纳杜基"
"hues_sunk","多姆多姆"
"hufy","盖古里班酱，非人"
"hug","拥抱"
"hug_(yourhug)","拥抱_(艺术家)"
"hug_from_behind","从背后抱上来"
"huge_ahoge","大呆毛"
"huge_ass","大屁股"
"huge_breasts","爆乳"
"huge_dildo","大型假阳具"
"huge_nipples","大乳头|长乳头"
"huge_penis","大阴茎"
"huge_weapon","大尺寸武器"
"hugging_another's_leg","拥抱他人的双腿，紧贴腿部"
"hugging_book","抱书姿势"
"hugging_doll","抱玩偶，拥抱毛绒玩具"
"hugging_object","拥抱物体"
"hugging_own_legs","抱膝盖，抱双腿，抱膝姿势，抱腿姿势"
"hugging_tail","抱尾巴"
"hugh_(pokemon)","色调_(宝可梦)，对手_(宝可梦黑白2)，对手_(宝可梦黑白2)"
"hugo_(yu-gi-oh!)","尤戈_（游戏王），尤戈_（游戏王）"
"hugo_ardanach","雨果·埃尔·超级比亚"
"huhi_(huhi_1211)","GNNS风格，GNNS美学"
"huiqian","灰马影"
"huitzil_(darkstalkers)","火卫一_吸血鬼"
"hukahito","犬屋布_cc"
"hukigen_dadada","胡奇根悟极篇2，user_hezk2777"
"hula_hoop","呼啦圈"
"hulkenberg_(metaphor:_refantazio)","艾瑟琳·布尔切利，梅贾尔，胡肯伯格，艾瑟琳，胡肯伯格"
"human_bug_daigaku","疯狂人类大学，边缘状态（漫画），人类故障大学，人类疯狂大学"
"human_scabbard","从胸腔中抽出的剑"
"humanization","拟人化"
"humiliation","羞辱"
"hummy_(suite_precure)","Hummy_（美少女战士）"
"hundred_(light_novel)","一百"
"hundred_brazil","源堂哲学"
"hundredburger","微笑脸_(0023)"
"hungary_(hetalia)","伊丽莎白·赫德瓦里"
"hungr_(nyanom)","喵呜声"
"hungry","饥饿的"
"hungry_clicker","深紫色调点击效果，半透明效果，HNCL风格"
"hungry_nun_(diva)","贪食修女_（歌后）"
"hungry_nun's_mother_(diva)","贪食修女之母（歌后）"
"huniepop","胡尼波普"
"hunter_(girls'_frontline)","猎手_(少女前线)"
"hunter_x_hunter","死神"
"hunyan","混音"
"huoji_(wonderturkey)","哈哈1569960563"
"huozhazha","意大大利兹，扎_(ylpylf)"
"hurt_expressions_of_your_wife_practice","对老婆做出伤害行为排行榜"
"hurumero","古萌系"
"husband_and_wife","夫妻"
"husband_and_wives","夫妻与妻子"
"hushabye","娇小艾米"
"huttslayer_leia","莱娅奴隶"
"hutuu_(1121)","米莎西玛丽娜0130"
"huu_(dighapdlxm12)","糖分_(dndi888)"
"huwari_(dnwls3010)","少女感，胡瓦利_(dnwls3010)"
"huziiro_matutya","失忆症"
"hwan_(mob_hwan)","神级操作，绝了"
"hwansang","自由，解放"
"hxxg","红色"
"hy_(fjvlg)","元町_(新娘版)"
"hyakka_ryouran_samurai_girls","百花缭乱，百花缭乱，百花缭乱武士少女版，百花缭乱改，百花缭乱改版"
"hyakkaou_academy_school_uniform","百华学院制服"
"hyakucha","空虚感"
"hyakumangoku_masurao","拉克索科"
"hyakumantenbara_salome_(casual)","百万天女莎乐美_第二套服装"
"hyakunichigo_ni_shinu_wani","一百天内死亡的鳄鱼"
"hyakuya_iori","欧卡基·伊欧琳"
"hyakuya_mikaela","百夜·米凯拉"
"hyde_(hyde_(tabakko))","海德_(福尔摩斯先生)"
"hyde_(tabakko)","福尔摩斯先生"
"hydrangea","紫阳花"
"hydrant_(kasozama)","透梅光索库多罗"
"hydrokinesis","水系魔法，操控水元素"
"hyeroin","yum_hya，优姆希亚"
"hyodo_rena","日向丽奈"
"hyoin","毁灭"
"hyotenka_ichido","奥古塔_(Pixiv)"
"hyouuma","重大故障"
"hypnosis","催眠|催眠术"
"hypnosis_mic","催眠的"
"hyrule_warriors","塞尔达无双"
"hyudora","九头蛇"
"hyuk_(yeayeo)","yeayeo_jzat，耶耶奥_JZAT"
"hyulla","夜之疯狂"
"hyume_26","呼气_(arca_live)，seiko9245"
"hyuuga_(aoki_hagane_no_arpeggio)","日向_（苍之钢弦的阿卡莉亚）"
"hyuuga_(kancolle)","日向_(舰队Collection)"
"hyuuga_makoto","日向真琴"
"hyuuga_takashi","mame_（粉发）"
"i_hate_kids_with_good_instincts_like_you_(meme)","爱德华与修·塔克对峙（场景）"
"i_heart...","我喜欢……"
"i_love_amy","我喜欢你，我爱着你"
"i-13_(kancolle)","I-13_（舰姬Collection）"
"i-14_(kancolle)","i-14_（舰姬Collection）"
"i-168_(kancolle)","i-168_（舰姬Collection），今谷_（舰姬Collection）"
"i-19_(kancolle)","i-19_（舰姬Collection），iku_（舰姬Collection）"
"i-26_(kancolle)","i-26_（舰姬Collection），尼姆_（舰姬Collection）"
"i-400_(kancolle)","i-400_（舰队Collection）"
"i-401_(kancolle)","i-401_（舰队Collection），盐井_（舰队Collection）"
"i-47_(kancolle)","i-47_（舰姬Collection）"
"i-504_(kancolle)","i-504_（舰姬Collection）"
"i-58_(kancolle)","古屋_(舰姬Collection)，I-58_(舰姬Collection)"
"i-8_(kancolle)","八重_(舰姬Collection)，I-8_(舰姬Collection)"
"i-nn","房间_(i_n图片)"
"i'm_a_healer_but..._(meme)","我是个治疗师，但是……"
"i'm_not_at_the_beach_this_is_a_bathtub_(meme)","我不在海滩上，这是浴缸"
"i211","威廉·沙登"
"ian_dimas","伊安·迪马斯·德阿尔梅达"
"ib_(ib)","eve_(ib)，夏娃_(ib)"
"ib_(kouri)","IB角色"
"ibara_azuki","azk_ibr第二部"
"ibaraki_(housamo)","茨城县_（东京放课后的召唤师们）"
"ibaraki_douji_(fate)","茨城童子（命运/冠位指定）"
"ibaraki_kasen","伊原香恋"
"ibaraki_natou","茨城娜托乌，磐城娜托"
"ibrahem_swaid","新手波维奇"
"ibuki_(blue_archive)","丹加·伊布基"
"ibuki_grunt","伊吹艾森，桂美君，栗川"
"ibuki_hasu","伊吹_(pixiv454256)"
"ibuki_pon","恶党"
"ibuo_(ibukht1015)","出口典森"
"ibushi_(oath)","rere_(yusuke)，丽丽_(悠辅)"
"ice","冰"
"ice_(icepuli)","冰系_(6597201)"
"ice_climber","攀冰者"
"ice_cream","冰淇淋"
"ice_cream_(aisu_aisu_9898)","艾苏艾苏"
"ice_cream_cone","冰淇淋筒"
"ice_cube","冰块"
"ice_man","冰人"
"ice_reizou","爱丝绪·蕾奏"
"ice_wings","冰翼"
"icecake","冰系_(dzs1392584271)"
"icedango_(dpopic3)","黑潮卷"
"icetea_art","冰茶774"
"ichi_(ichi.colors)","一"
"ichi_(ichikai)","一界，ichi_(pixiv328685)"
"ichi_orgin","tetetetetetet_a，重复音效，连续重复音节"
"ichiba_ko'ushi","市场商人"
"ichiban_ushiro_no_daimaou","恶魔王大魔王，最强大的白色大魔王"
"ichifuji_nitaka_(phase_nine)","伊达由衣"
"ichigain","人生意义_(早哇桑)"
"ichigo_(ichigoxxusagi)","星宫凛子"
"ichigo_(mignon)","一护酱_可爱版"
"ichigo_100_percent","一护_100，一护_100%"
"ichigo_daifuku","一护的服装"
"ichigo_gyuunyuu","一之桑莓，一之后梅尔，乳白色桑莓"
"ichigo_ichie_na_hyakki_yagyou!?_(project_sekai)","不容错过的热血冒险（Project Sekai），千载难逢的混乱场面！？（Project Sekai）"
"ichigo_mashimaro","请进，草莓棉花糖"
"ichihara_yuuto","smrs_ss，二次元角色，可爱风格"
"ichijo_rei","哥哥_(好想抱抱)"
"ichijou_eika","一城英华"
"ichijou_hikaru","一城光"
"ichijou_hitoshi","百元储物柜"
"ichijou_kou","一城光"
"ichijou_ririka_(regloss_uniform)","一城莉里卡_第二套服装"
"ichijou_takakiyo","大鸟正恒"
"ichika_(blue_archive)","中正一嘉"
"ichika_(ichika87)","池上伊智卡87"
"ichikawa_feesu","feesu_(rinc7600)，费苏_(rinc7600)"
"ichikawa_saasha","市川纱亚希娅"
"ichiko_oharu","小春_恋病，小春_Pixiv85447"
"ichimai_ugou","数字杂草"
"ichimi_renge","一色恋歌"
"ichimi_tougarashi","一美酱"
"ichimoku_(tansio5)","阿奥涅昆布"
"ichimoku_ren_(onmyoji)","一目连_阴阳师"
"ichimonme_(ichi)","西部，谷野町"
"ichino_tomizuki","kaboplus_ko，卡波普拉斯_科"
"ichinosenen","未完成草稿"
"ichiren_takushou","格索格索"
"ichiroku_(sakumogu-029)","上野_（樱桃果-029）"
"ichiru_(yuzu-an)","一鲁_艺术家"
"ichirugi","明日香_(69-1-31)"
"ichisaku","七原彩桃环着X"
"ichitaka","令人欲罢不能"
"ichiyon","用户_zykz2352"
"ichiyume_ichiyu","猫咪，小猫。"
"icicle","冰柱"
"icing","糖霜"
"ico","游戏图标"
"icomochi","令人愉悦"
"icon_(computing)","图标，图标集合"
"icoo","伊库丘"
"icwine","艾苏万"
"id_card","学生证|身份证"
"idass_(idass16)","idass_(1155101099)，艾达斯"
"idate_(funamusea)","idate_(冰激凌)"
"idemi","idemi-iam，我是idemi"
"idenshi_hina","异世界共居（屋檐下）"
"identity_censor","眼部打码"
"idkuroi","黑色漩涡"
"idlecum","闲逛角色"
"idol","偶像"
"idol_corp","偶像_(虚拟主播团体)"
"idolish7","偶像梦幻祭7"
"idolmaster","偶像大师，偶像大师，The Idolmaster"
"idolmaster_cinderella_girls","灰姑娘风格女孩"
"idolmaster_dearly_stars","偶像大师DS"
"idolmaster_million_live!","偶像大师百万直播，/IML，百万直播"
"idolmaster_shiny_colors","亮丽色彩"
"idolmaster_side-m","偶像大师Side M，偶像大师Sidem，Side-M"
"idolmia","狐系"
"idunn_(fire_emblem)","我做不到"
"idw_(girls'_frontline)","idw_（少女前线）"
"ie_(raarami)","ie_(_拉拉米_)"
"iei","葬礼照片，哀悼照片"
"ieiieiiei","打地鼠"
"iesupa","自私者请自便，mojojoj27827860"
"if_(neptunia)","if_(海王星系列)"
"if_they_mated","假如这两个角色有孩子了"
"ifrit_(housamo)","伊弗利特_（东京放学后召唤师）"
"igarashi_(morimorienoki)","飞鸟_(森森绿意)"
"igarashi_kyoko","五十岚京子，五十岚京子"
"igarashi_mangou","伊加拉西"
"igawa_hikaru","igawa_(460180189)，井川"
"igayan","异界穿越"
"ignatius_(fire_emblem)","炎之精灵_(火焰之纹章IF)"
"ignotoz","日落时分"
"iguana","鬣蜥_(动物)"
"iguana152588","鬣蜥1525881"
"iida_kento","绘画，绘图"
"iii_(yu-gi-oh!)","米歇尔·阿克莱特，崔伊（游戏王！）"
"iinagi_(kashiwa_keira)","dzks5425，稻城约翰"
"iinuma_chika","托波·斯玛丽塔"
"iizuka_haruko","hal_i，哈尔伊"
"iizuki_tasuku","饭冢泰辅"
"ijen_(ljenejl)","卵子托克_(ijen0703)"
"ijimeka_(meme)","欺凌场景"
"ijiranaide_nagatoro-san","别招惹我，长户小姐，别招惹我长户小姐，请不要欺负我，长户，请不要欺负我长户"
"ijuin_megumi","五条悟"
"ijuuin_mei","伊集院梅"
"ikameshi_(ika_meshi)","三玖·福尔戈雷"
"ikamusume","伊卡娘"
"ikanyoikanikan","和食风格"
"ikari_gendou","碇源堂，碇源堂夫"
"ikarosu_(ikarosu01)","伊卡洛斯01"
"ikazu401","阿贡·谢乌菲尔·安瓦尔"
"ikazuchi_(kancolle)","雷电_(舰姬Collection)"
"ikazuchi_no_senshi_raidy","闪电战士雷迪"
"ikazuchi_no_senshi_raidy_ii","闪电战士雷迪二世"
"ike_(fire_emblem)","伊克"
"ikeda_emi","池田_(少女与战车)"
"ikeda_yasuhiro","池田康弘"
"ikegami_akane","池上茜，茜引发革命"
"ikemeru19","shijiu_(adamhutt)，十九_(亚当胡特)"
"iketatsu_shizuru","伊克隆"
"ikezaki_misa","人形"
"ikezawa_shin","比蒂比蒂"
"ikimaru","伊奇马鲁阿尔特，阳光伊奇马鲁"
"ikinari_mojio","妖精系"
"ikki_(gsl_9708)","甘丹_(pixiv_40726006)"
"ikoku_meiro_no_croisee","异国迷宫中的交错，国内迷境"
"ikoma_minami_(osakano)","生驹南（难道是姐姐的女朋友吗）"
"ikuchan_kaoru","伊库_（伊丘酱香织），请不要咬白鼻子"
"ikuchi_osutega","1gsrgnk，猪头甘卡"
"ikuhashi_muiko","美子_i"
"ikune_juugo","盐子十号"
"ikuno_dictus_(umamusume)","伊库诺·迪克图斯"
"ikunsleep","库库恩_（无法入睡）"
"ikura_(food)","鲑鱼卵"
"ikurage_(namakurage_13)","盐仓12"
"ikurumi_kaoru","生鱼片"
"ikushima_(danshi_koukousei)","生岛（女子高中是正常的）"
"ikuta_semi","半康"
"ikutsuki_shuuji","生月修二"
"ikzw","ikzw5se，nynkny，蓬蓬帕莱"
"illian-san","八柱"
"illnott_(granblue_fantasy)","不会的"
"illu_(illu_stratos)","奥利跳_(奥利斯特拉托斯)，派对气氛"
"illumination_stars_(idolmaster)","星光照明效果"
"illustrious_(illustrious_ball)_(azur_lane)","辉煌的（辉煌舞厅）（碧蓝航线）"
"illya_(princess_connect!)","伊利亚·奥恩斯坦，伊利亚_（公主连线！）"
"illyasviel_von_einzbern","伊利亚"
"illyasviel_von_einzbern_(choco_angel)","巧克力天使"
"illyasviel_von_einzbern_(swimsuit_archer)","伊莉雅丝菲尔·冯·艾因兹贝伦（泳装弓箭手）（命运系列）"
"ilulu_(maidragon)","伊露露，伊鲁鲁"
"ilya_kuvshinov","kr0npr1nz，疯狂艺术家"
"ima_soko_ni_iru_boku","往昔点滴，各地旧影"
"imadake_dabuchi_tabemi","双芝士麦当劳套餐"
"image_macro_(meme)","微距拍摄"
"imagining","在想象的"
"imai_kazunari","心形图集"
"imaishi_hiroyuki_(style)","studio_trigger_风格"
"imatomo_mahya","真子躺姿"
"imazawa","金泽_(今泽)"
"imdrunkontea","布兰登·邓恩"
"imdsound","凯维夫"
"imijikumo36","yogeeta_(momikori)，莫米可莉的约吉塔"
"imitating","拟态"
"imitation_black_(vocaloid)","仿黑色"
"imizu_(nitro_unknown)","芙美"
"imjustthatkinky_(voice_actor)","我只是个如此古怪的人_（声优）"
"immaterial_and_missing_power","电流放大器"
"imminent_hug","最初的拥抱"
"imminent_kiss","快亲上了"
"imminent_penetration","即将发生的性行为"
"imminent_penis_severing","即将进行的阴茎切除术"
"imminent_rape","正要被强奸"
"imminent_sex","正要进行性行为"
"imminent_vaginal","正要被插入的小穴"
"imminent_vomiting","即将呕吐"
"imoko_(imonatsuki)","水着"
"imoto_katsuyuki","晓天狂热"
"imouto_paradise!","妹妹天堂"
"imouto_sae_ireba_ii","姐姐就是你所需的一切"
"imozonokan","可爱_(请更努力)，令人想亲吻"
"imp","小恶魔"
"impaled","被刺穿的"
"imperial_german_flag","德意志帝国国旗"
"impforhire","格里姆斯比"
"implied_extra_ears","无用耳机"
"implied_futanari","暗示其是扶她"
"implied_sex","其实插进去了吧|遮挡了性交的结合处"
"implied_yuri","暗示其是女同性恋"
"impossible_bodysuit","人体彩绘般的紧身衣"
"impossible_clothes","有不现实的包裹程度的衣服"
"impossible_dress","过分紧身的衣服"
"impossible_leotard","人体彩绘般的连身衣"
"impossible_shirt","贴合程度不合逻辑的衬衫"
"impossible_swimsuit","人体彩绘般的泳衣"
"impregnation","受精图"
"in_bag","袋子里的萝莉"
"in_bottle","瓶中少女"
"in_box","在盒子里的|箱内女孩"
"in_bubble","气泡内部"
"in_bucket","(角色)在桶里"
"in_container","(角色)在容器里"
"in_cup","(角色)在杯子里"
"in_food","(角色)在食物里"
"in_orbit","轨道"
"in_refrigerator","冰箱里的少女"
"in_sack","麻袋女孩"
"in_the_face","有某物冲到脸上"
"in-franchise_crossover","串联连接"
"ina_(gokihoihoi)","ina_(pixiv6911)，伊娜"
"ina_(inadahime)","ina_(艺术家)"
"inaba_mob_(touhou)","稻叶"
"inaba_tewi","稻叶铁"
"inagaki","稻垣_(iii)"
"inagoinaire","MGM格拉门"
"inari_(inariya)","稻荷神_(kimitama0902yahoocojp)"
"inari_konkon_koi_iroha.","伊纳康"
"inasa_orange","稻荷猫"
"inasaki_shirau","稻妻白，白之稻妻，修贝斯塔"
"inase_shin'ya","火焰山，稻叶信也"
"inata_wataru","稻叶"
"inato_serere","稻田瑟蕾蕾"
"inazuma_(kancolle)","稻妻_(舰队Collection)"
"inazuma_kick","稻妻踢击"
"incest","乱伦"
"incoming_attack","攻击观众"
"incoming_food","递食物"
"incoming_gift","递礼物"
"incoming_kick","踢观众"
"incoming_kiss","等待接吻|献吻"
"incoming_punch","攻击观众"
"ind_(121)","爱好_(jessica5567)"
"index_(toaru_majutsu_no_index)","索引页"
"index_finger_raised","食指抬起"
"indian_style","盘腿坐"
"individuals_(idolmaster)","个体"
"indo_curry","Ind-Kary风格"
"indonesian_text","印度尼西亚人"
"indoor_gorilla","井户野戈莉拉"
"indoors","室内"
"indosou","印度兽人"
"industrial_pipe","工业管道，给排水管道，管道总称，水管"
"infection_monitor_(arknights)","奥莉帕西监视器（《明日方舟》）"
"inferna_dragnis_(xoldrek)","地狱巨龙"
"infinite_iroha","玉城伊罗哈（无限版）"
"infinite_stratos_academy_school_uniform","无限层叠学院制服"
"infinity","无穷|无限符号"
"infinity_gems","无限之石"
"infinity_symbol","无限"
"infirmary","护士办公室，护士室"
"inflatable_armbands","浮力背心，水上翼（游泳辅助装备）"
"inflatable_dolphin","可充气海豚"
"inflatable_raft","充气筏"
"inflatable_toy","充气玩具"
"inflation","隆起的腹部"
"inglebard","法尔科_（赛鲁兹）"
"ingo_(pokemon)","诺博里_宝可梦"
"ingrid_(capcom)","英格丽德"
"ingrid_brandl_galatea","英格丽德·布兰多尔·加拉泰亚"
"inigo_(fire_emblem)","阿祖尔_火焰之纹章"
"initial_d","初始状态"
"injury","有伤的"
"ink","墨水|颜料"
"ink_(303682546)","DMC墨水"
"ink_(inksgirls)","查韦斯，更多胸部"
"ink_tank_(splatoon)","颜料罐(喷射战士)"
"inkerton-kun","印库桑"
"inkinesss","金奈"
"inkling_player_character","隐约的感觉"
"inkopico","因科皮科"
"inkwell","墨水瓶"
"inline_skates","直排轮溜冰鞋"
"innertube","泳圈"
"inno_(innoamp)","inno_(截肢者)"
"innoarukugyou","意兴"
"ino_(magloid)","伊诺"
"inochi_memo_(oosawagidays)","千流达·岛子，火犬，无表情企业"
"inori_(princess_connect!)","一之濑伊织"
"inoshishi_(ikatomo)","伊卡托莫"
"inou_shin","井野真"
"inou-battle_wa_nichijou-kei_no_naka_de","犬吠亭，犬之战斗是在日常世界之中"
"inoue_jun'ya","井上纯也"
"inoue_kiyoshirou","中村嘉宏"
"inoue_mikuni","井上_（pixiv81513）"
"inoue_orihime","井上织姬"
"inoue_takehiko","井上雄彦"
"inoue_takuya_(tactactak)","雏乃"
"inscco","阴户"
"insect","昆虫"
"insect_wings","昆虫翅膀"
"inseki11","星云_in5ek1"
"inset","插入其他镜头或图片"
"insignia","证章"
"instant_ip","即时IP"
"instant_loss","即时损失_2小数位"
"instant_loss_2koma","即堕2格漫画"
"instanttnoodle","速食面"
"instrument","乐器"
"instrument_case","乐器盒"
"interface_headset","EVA神经连接器"
"interlocked_fingers","紧扣的双手"
"internal_cumshot","内射断面图"
"interracial","跨人种的"
"interspecies","异种奸|异种爱"
"intravenous_drip","静脉滴注"
"intrepid_(kancolle)","无畏_(舰队Collection)"
"inu_(aerodog)","飞狗，inu_(pixiv32426)，高畑庆一"
"inu_(marukome)","丸子01"
"inu_ni_nattara_suki_na_hito_ni_hirowareta","我作为犬养先生的狗的生活"
"inu_sakuya_(nejikirio)","犬冢沙耶香"
"inuakarisan","konkon_(fhzw4228)，康康_(fhzw4228)"
"inuarashi_(one_piece)","狗风暴_海贼王"
"inubangarou","犬山_(1109)"
"inubashiri_momiji","犬吠埼桃子"
"inue_ao","东野_(ktnc7452)"
"inuga_anahoru","望月照"
"inugami_korone_(loungewear)","犬神小恋（第四套服装）"
"inugami_korone_(new_year)","犬神小恋（第三套服装）"
"inugami_korone_(street)","犬神小恋（第二套服装）"
"inugami_korone_(viking)","犬神小恋（第七套服装）"
"inugami_korone_(wonderland)","犬神小恋（第六套服装）"
"inuhiko_(istdog)","hiko_(fuwamaru)，飞马郎的希科"
"inui_(jt1116)","犬井_（Pixiv）"
"inukami!","犬神"
"inuki_(aruurara)","阿鲁拉拉"
"inuko_(redconstellation)","灾腾惊仓"
"inumata_ichini","一奇尼_(啊啊拉啊啊啊啊啊)"
"inumoto","黑暗水域，森子"
"inuo_(inuo_x)","伊努奥_X，诺罗玛02"
"inushida_(dogsheepsheep)","红叶馒头_（兔黑莫尔）"
"inutose","猫娘酒井"
"inuyama_tarou","犬山堂，犬山太郎，莫西莫西亚"
"inuyayo","犬类_（puputizy），波奇波奇诺"
"inuzuka_bouru","犬冢波鲁"
"invaderdarling","米卡努"
"inverted_cross","反基督者之十字架，圣彼得之十字架，倒置十字架"
"inverted_nipples","内陷乳头"
"inverted_umbrella","反扣的雨伞，倒置的雨伞"
"invincible_dragon_(last_origin)","无敌巨龙"
"invisible_air_(fate)","隐形空气"
"invisible_chair","隐形椅子"
"invisible_penis","隐去阴茎"
"io_(granblue_fantasy)","IO欧几里得算法"
"io_(princess_connect!)","长仓伊织"
"io_naomichi","伊奥纳奥米奇"
"ion_(tales)","fon_master_ion，风之主宰伊昂"
"iona_(aoki_hagane_no_arpeggio)","伊奥娜"
"ionasal_kkll_preciel","伊奥娜索尔"
"ionioi_hetairoi_(fate)","伊奥尼欧伊的侍从们"
"iori_(blue_archive)","白美衣织"
"iori_(swimsuit)_(blue_archive)","白美衣织（泳装）"
"iori_4kagetsu","1600猫"
"iori_junpei","纯平伊织"
"iori_shirou","白井伊织"
"iori_yakatabako","伊织_和服箱"
"iotaone","浩克哦哦哦"
"iowa_(kancolle)","爱荷华_(舰队Collection)"
"iparupua","伊帕鲁普苏阿"
"ippus","李娜英"
"ips_cells","科学宝贝"
"ipuu_(el-ane_koubou)","pestxsan，佩斯特克桑"
"ira_(dokidoki!_precure)","伊拉_光之美少女"
"ira_n","天台_(yyiksh)"
"irako_(kancolle)","伊良湖_舰队Collection"
"ireading","国王时代"
"irei_eri","阿切尔劳拉"
"irezumi","黑帮纹身"
"irie_miyuki","irie_（天使节拍！）"
"iris_(ace_attorney)","绫女_（逆转裁判）"
"iris_(asteroid_ill)","鸢尾花_小行星"
"iris_(mega_man)","鸢尾花_(洛克人X)"
"iris_wilson","艾丽斯·沃森"
"iris_yi","iris_(user_pskd5754)，艾丽斯（用户pskd5754）"
"iris.exe_(mega_man)","鸢尾花_(洛克人EXE)"
"irisu_(rabi-ribi)","irisu_(rabi_ribi)，伊莉丝_(拉比里比)"
"irisu_shoukougun!","鸢尾综合症"
"irisu-chan_(yumemiruk)","赤鬼2256"
"irisviel_von_einzbern_(halloween_princess)","万圣节公主_（命运/冠位指定）"
"iriya_no_sora_ufo_no_natsu","伊里亚诺索拉音之夏日"
"iro_178","泰尼"
"iro_ame_(amewaagada)","扎玉不动花"
"iro_marimo","艾罗玛莉莫里托"
"irodori_(irotoridori)","色情旋转"
"irodori_warabi","可爱风格，柔和色调"
"iroha_(blue_archive)","夏目萤_(蓝档案)"
"iroha_tooko","15_（托卡）"
"iroha_uta_(vocaloid)","樱花之歌"
"irohara","伊罗哈苏"
"irohara_mitabi","rby，志比原美波比"
"irohero","波萨舞曲"
"iron_cross","铁十字架"
"iron_man_(series)","钢铁侠_漫画版"
"iron_saga","机动战队"
"ironmouse_(demon_form)","铁鼠_第三套服装"
"ironmouse_(pink_rock)","铁鼠_第八套服装"
"ironmouse_(race_queen)","铁鼠_(第十二套服装)"
"ironmouse_(underworld_goddess)","铁鼠_第九套服装"
"irono_(irtyu)","铁野洋太，天音蓬"
"irozuku_sekai_no_ashita_kara","iroduku:_色彩世界"
"irrumatio","深喉"
"irui_guneden","伊吕伊"
"iruma_jyuto","伊留马十人"
"iruma_kamiri","地狱邦娜"
"irys_(casualrys)_(hololive)","irys_(第三套服装)_(hololive)"
"irys_(gaming_casual)_(hololive)","Iris_(第四套服装)_(Hololive)，Iris_(游戏玩家)_(Hololive)，Iris_(校服)_(Hololive)"
"irys_(irys_1.0)_(hololive)","irys_(旧版设计)_(hololive)"
"irys_(irys_2.0)_(hololive)","irys_(第一套服装)_(hololive)"
"irys_(new_year)_(hololive)","irys_(第二套服装)_(hololive)"
"is_that_so","so-nanoka(是这样啊的口癖)"
"isa_(ni-iro)","嫩红色"
"isa_(suisuihoi)","枫叶_(cyakapon)"
"isaac_(golden_sun)","罗宾_金色的太阳"
"isaac_netero","涅特罗"
"isaacchief300","d1thorneberry，heartemiswt，isaac_（搞笑漫画）"
"isabella_valentine","艾薇_《灵魂刀剑》，艾薇·瓦伦丁"
"isabelle_(animal_crossing)","静江_（动物之森）"
"isada_(daisa)","赛达"
"isago_(ica)","龙崎伊佐戈"
"isaki_(gomi)","gomi_(gomitin)，五美_(五指拳)"
"isako_rokurou","6ro，我的世界69，六郎绘里子"
"isamu-ki_(yuuki)","雪月_(zeicomi100yen)"
"isarai_kanara","日向日文"
"iscan_(pokemon)","铃木_(宝可梦)"
"ise_(kancolle)","伊势_舰姬Collection"
"isegawa_yasutaka","七岛"
"isekai_maou_to_shoukan_shoujo_no_dorei_majutsu","如何不召唤出恶魔领主"
"isekai_meikyuu_de_harem_wo","异世界迷宫中的后宫"
"isekai_mokushiroku_mynoghra","末日使者米诺格拉，米诺格拉的末日～世界的征服始于毁灭文明～"
"isekai_no_seikishi_monogatari","天元突破！红莲螺岩战"
"isekai_nonbiri_nouka","异世界农耕生活"
"isekai_ojisan","异世界叔叔"
"isekai_one_turn_kill_nee-san:_ane_douhan_no_isekai_seikatsu_hajimemashita","我的一击必杀妹妹"
"isekai_truck","卡车君"
"isekai_wa_smartphone_to_tomo_ni.","带着智能手机穿越到异世界"
"isekaijoucho","异世界转生"
"isekaijoucho_(artist)","异世界转生_（画师）"
"iseki_mitsuharu","伊关光晴"
"iseki_shuuichi","自我陶醉"
"iseria_(epic_seven)","伊瑟莉亚·阿瑞斯福德尔"
"ishida_(segu_ishida)","世古石田风格"
"ishida_seito","白色猫咪"
"ishida_sui","石田翠（艺术家）"
"ishida_to_asakura","石田与朝仓"
"ishida_umi","石田海，u_(海之深处000)"
"ishigaki_(kancolle)","石垣岛_(舰队Collection)"
"ishigaki_(sora_roxas)","石垣岛02，索拉·罗克斯亚斯"
"ishigaki_takashi","石垣隆志"
"ishijimajirou","石岛_(stcp7558)"
"ishikawa_mami","藤泽町"
"ishikei","妮瑟，妮瑟中段，妮瑟中段多罗之会，妮瑟中段多罗诺凯，妮瑟中段多罗诺凯"
"ishiki_nuru","色气裸露"
"ishikoro24","石心_514"
"ishimari","史坦球"
"ishimiso_(ishimura)","石村_（石村屋），味噌_（味噌四郎伊势）"
"ishiusu","黑色三角形_（艺术家名）"
"ishiyuki","石雪00"
"ishizu_kayu","05_（帕塞尔克洛）"
"ishmael_(pgr)","慈悲之主_(PGR)"
"ishmael_(project_moon)","伊什梅尔_（利姆布斯公司）"
"ishtar_(fate)","伊什塔尔_（命运）_全系列，伊什塔尔_（命运/冠位指定）"
"ishuzoku_reviewers","跨物种审稿人"
"isinose_(ilxodidli)","恙螨类"
"iskandar_(fate)","骑士_(命运/零)"
"island","岛屿"
"island_(kossori)","艾兰多"
"island_lagoon","龙油"
"iso_(nh15mint)","315奥美浓"
"isobe_eiji","异色瞳，双色眼"
"isokaze_(kancolle)","风间_(舰姬Collection)"
"isokaze_(new_year's_campaign)_(azur_lane)","风间_(新年之战)_(碧蓝航线)"
"isolated_island_princess","孤岛公主"
"isomer_hivemind_(girls'_frontline)","nyto_iso_（少女前线）"
"isonami_(kancolle)","伊佐波美_(舰姬Collection)"
"isshi_pyuma","彪马_(hyuma1219)"
"isshuukan_friends","一周之友"
"issiki_toaki","issiki_t，石木子"
"isurugi_gen","鲁托25"
"isuzu_(kancolle)","五十铃_(舰队Collection)"
"it's_over_9000_(meme)","超过9000"
"itaba_atsushi","托鲁尼多_(龙卷风1844)"
"itachi_(3dt)","鼬_(pixiv84729)"
"itagaki_atsushi","伊卡里亚·厚"
"itai_no_wa_iya_nano_de_bougyoryoku_ni_kyokufuri_shitai_to_omoimasu","勃发情"
"italia_(kancolle)","意大利_(舰姬Collection)"
"italian_flag","意大利国旗"
"italian_senate_porn_livestream_(meme)","意大利参议院色情直播"
"italian_text","意大利语"
"itami_(maemukina_do)","塔米满载版"
"itami_sumihito","133431公里"
"itano_circus","《机动战士》导弹大屠杀，导弹防御，机器人技术"
"itaoka1","板冈锦"
"itazuraguma_no_gloomy","阴郁的淘气灰熊"
"ito_fumi","太好吃了8282"
"ito_noizi","糸井努伊吉，乃伊兹·伊托"
"itohiro","伊藤浩郎03"
"itoi_toi","里里泽"
"itoichi.","古宫海治"
"itoko_(ldoll_itk)","伊藤子_(i_t_k)"
"itolife","伊藤生活"
"itomugi-kun","环月兽"
"itou_(mogura)","伊藤_(ito_44_3)"
"itou_(onsoku_tassha)","伊藤_被强吻了"
"itou_ayachi","伊藤郁里"
"itou_junji","伊藤润二"
"itou_nobuhiro","否_(pixiv3794)，否_(pixiv3794)"
"itou_tatsuya","弗莱达"
"itou_youichi","勇一"
"itou_yuuji","香蕉味，香蕉香气"
"itskawer","用户pacr4545"
"itsu_(artist)","白一3VD"
"itsuka_neru","垃圾肉"
"itsuka_tenma_no_kuro_usagi","一只黑暗兔子拥有七条命"
"itsuki_keiichi","ki_keiichi@o_kou_kake-chuu，鬼桂一@冲击中心"
"itsumo_nokoru","4224，名前花_（pixiv77217），蜜瓜糖"
"itzah","这是空间"
"iuchar_(fire_emblem)","约翰_(火焰之纹章)"
"iuui","西王"
"iv_(yu-gi-oh!)","四驱战士（游戏王！），托马斯·阿克莱特"
"ivan_the_terrible_(fate)","伊凡雷帝_（命运/冠位指定）"
"ivar_(tales)","伊巴尔"
"ives_navarro","迪尔夫伯恩_通风颅骨，神之腐烂"
"ivlis_(funamusea)","ivlis_（海色天边）"
"ivy_(sena0119)","iva_(sena0119)，伊娃（sena0119）"
"iwado_anna","黑色兜帽"
"iwai_ryou","岩井亮"
"iwakiyamayukisatoshironanogojuurokushi_akira","阿基拉_（动物战记）"
"iwamoto_eiri","岩本英利，皮扎亚，S·坦利"
"iwamoto_zerogo","岩本詹姆斯"
"iwano_(iwanohiroko)","罗利康新篇"
"iwano_kenta","用户_nnuc4252"
"iwao178","akfg-uw-178的中文名称"
"iwasawa_masami","岩佐真美，岩泽"
"iwasawayuki","岩泽共和国"
"iwashi_dorobou_-r-","岩濑R"
"iwashi_iwashimo","岩岛茶"
"iwato_suzume","雀_(雀之捕手)"
"iwatobi_hiro","岩户比吕夫"
"iwbitu","iwbitu-sa，伊布图萨"
"iwi_jericho_941","imi_jericho，jericho_941，jericho_(手枪)"
"iwonu","犬类呆萌风格"
"iws_2000_(girls'_frontline)","iws-2000_（少女前线），iws-2000_（少女前线）"
"ixima","池岛"
"ixveria","伊克塞莉亚"
"iya_na_kao_sare_nagara_opantsu_misete_moraitai","想要用可爱的表情让对方露出笑容，想要用可爱的表情让对方流下泪水"
"iz_(asteroid_ill)","iz_（小行星型）"
"izabel_(madoka_magica)","伊萨黛尔_（魔法少女小圆）"
"izana_(fire_emblem)","伊扎娜_(火焰之纹章IF)"
"izapara","圣骑士酒馆"
"izawa_(bhive003)","伊泽川浩志"
"izayoi_aki","茜·伊津斯基"
"izayoi_liko","伊杂瑶里子"
"izayoi_sakuya","/is状态"
"izna_(iznatic)","狐妖"
"izumi_(blue_archive)","志志堂泉"
"izumi_(swimsuit)_(blue_archive)","志士堂泉（泳装）"
"izumi_(walnov)","泉_(pixiv10995)"
"izumi_akane","染井茜"
"izumi_bell","泉贝露"
"izumi_kei","泉惠001"
"izumi_konata","小奈塔"
"izumi_koshiro","泉光郎"
"izumi_kota","泉浩太"
"izumi_rion","插画，角色"
"izumi_roka","仓濑美奈，野乃香（兔饼）"
"izumi_shara","沙罗索珠"
"izumi_shin'ichi","泉新一"
"izumi_tsubasu","飞天御影"
"izumi_yukiru","雪风"
"izumi_yura","泉由良"
"izumida_fuyuki","呀嘿嘿嘿"
"izuna_(blue_archive)","九田泉"
"izuna_(gouma_reifuden_izuna)","泉"
"izuna_(swimsuit)_(blue_archive)","九头龙伊豆那（泳装）"
"izura_mari","haya_(karn)，卡恩的哈雅"
"j_humbo","桐雪"
"j_yak47","j.roswel，罗斯威尔事件"
"j_young","天啊"
"j-e-m-g","萨克森"
"j._scott_campbell","J·斯科特·坎贝尔"
"j.c.14","古 Xu"
"j.h.","五郎堂"
"j.moon","甜美可人"
"jaaku_(ra_9rara)","ra_9rara，拉拉"
"jabra_(one_piece)","蛇腹功"
"jack_(identity_v)","裂魂者_(身份_V)"
"jack_dempa","恶搞电波，无脑搞笑"
"jack_frost_(megami_tensei)","冰霜杰克"
"jack_of_clubs_(playing_card)","梅花J牌（纸牌）"
"jack_rockhardt","杰克·罗克哈特"
"jack_the_ripper_(fate/apocrypha)","黑之刺客"
"jack-in-the-box","杰克盒子（玩具）"
"jack-o'-lantern","南瓜灯"
"jackary","最像猫的绘画，类似猫的绘画"
"jacket","夹克"
"jacket_around_waist","用夹克束腰"
"jacket_girl_(dipp)","夹克子控"
"jacket_on_shoulders","用夹克披肩"
"jacket_removed","脱下夹克|脱下的夹克"
"jacklyn_(show_by_rock!!)","杰奎琳_(由Rock!!展示)"
"jacknavy","水手服"
"jacky_(aerial_rave)","空中狂欢派对"
"jacob_(housamo)","雅各布_（东京放课后的召唤师）"
"jacqli_(jacqliart)","jacqli_（艺术家）"
"jaeger_(girls'_frontline)","猎鹰_(少女前线)"
"jagaimo_(kakkoiiosi5)","爪哇岛冲击效果"
"jagdpanzer_38(t)","煽动者_坦克"
"jaggy_lines","锯齿线"
"jagi_(jagi_souken)","城山直树"
"jaguar_tail","美洲豹尾巴"
"jaguarman_(fate)","捷豹人_(命运/冠位指定)"
"jahy-sama_wa_kujikenai!","Jahy大人不可战胜，伟大的Jahy绝不会被击败！"
"jairou","西尔"
"jakada_ani","邪神"
"jakob_(fire_emblem)","小丑_(火焰之纹章IF)"
"jaku-chara_tomozaki-kun","底层角色户崎"
"jakuzure_nonon_(symphony_regalia)","交响华服"
"jalapeno_pepper","哈拉佩尼奥辣椒_(辣椒)"
"jaltoid","毛绒庞"
"jamadhar","卡塔"
"james_(pokemon)","小次郎_(宝可梦)"
"james_buchanan_barnes","巴基·巴恩斯"
"james_hotate","二世娘"
"james_moriarty_(archer)_(fate)","新宿的弓箭手，莫里亚蒂詹姆斯（Fate），莫里亚蒂詹姆斯（Fate/Grand Order）"
"james_moriarty_(gray_collar)_(fate)","《命运/冠位指定》中的白领阶层角色"
"james_sunderland","桑德兰，詹姆斯"
"jamie_siu","杰米_《街头霸王》"
"jan_(lightdragoon)","jan_（艺术家名）"
"jana_schirmer","贾娜希"
"jane_mere","珍妮梅尔"
"janine_(pokemon)","安祖_(宝可梦)"
"janis_(pripara)","珍妮丝_(普里帕拉)"
"janna_(league_of_legends)","贾娜·风之力"
"janus_(kancolle)","雅努斯_(舰姬Collection)"
"japan","日本"
"japan_(hetalia)","本田菊"
"japan_air_self-defense_force","无意义字符"
"japan_ground_self-defense_force","无意义字符"
"japan_maritime_self-defense_force","日本自卫队"
"japanese_armor","日本铠甲"
"japanese_clothes","日式服装"
"japanese_crested_ibis_(kemono_friends)","凤头鹮_（动物朋友）"
"japanese_flag","日本国旗"
"japanese_macaque","雪猴"
"japanesebonustrack","巴弗莫特笨蛋妹，巴弗莫特笨蛋妹，日文追加曲目"
"japari_bun","加帕里馒头"
"japari_symbol","加帕里符号"
"jar","罐子"
"jarckius","jarckius艺术作品"
"jariinu_(gomasionori)","五更鸟"
"jarvan_iv_(league_of_legends)","贾文四阶光盾"
"jas_(littlecrime)","贾丝"
"jashin-chan_dropkick","对我手下的恶魔使出踢击！"
"jasmin_darnell","八坂姬"
"jasmine_(pokemon)","蜜柑_(宝可梦)"
"jason_(fate)","杰森_（命运/冠位指定）"
"jason_(kaiten_kussaku_kikou)","结衣儿子"
"jasony","鱼王"
"jasqreate","永恒传说"
"javelin_(energetic_idol_@120%_motivation!)_(azur_lane)","标枪_(有抱负的新偶像)_(碧蓝航线)"
"javelin_(slow_ahead!)_(azur_lane)","标枪_(极慢前进！)_（碧蓝航线）"
"jaw_titan","跳舞的泰坦"
"jay_phenrix","胡安·巴勃罗·恩里克斯"
"jazz_(fukukan)","爵士乐_(复兴)"
"jazz_jack","爵士杰克"
"jdhlfire","决斗画面"
"jealous","嫉妒的"
"jean_(genshin_impact)","珍·冈希尔德拉，珍·冈希尔德拉_原神"
"jean_(jean_sp)","jean_(艺术家)"
"jean_bart_(private_apres_midi)_(azur_lane)","吉恩·巴特（秘密午后），《蔚蓝航道》"
"jean_hollywood_(voice_actor)","艾拉·好莱坞，艾拉·好莱坞（声优）"
"jean_kirstein","让·基尔希施泰因"
"jean_roque_lartigue","拉尔蒂格雄鸡牛仔裤"
"jean.organ","氰化物鲸鱼"
"jeanbeansprout","泉_(beansprouto)"
"jeanne_d'arc_(fate)","圣女贞德_(Fate)_(全系列)，统治者_(Fate/Apocrypha)"
"jeanne_d'arc_(madoka_magica)","圣女贞德_（魔法果冻），魔法果冻_（魔法少女小圆）"
"jeanne_d'arc_(ruler)_(fate)","圣女贞德_（Fate/Apocrypha），统治者_（Fate/Apocrypha）"
"jeanne_d'arc_(saintess_of_the_sea)_(azur_lane)","圣女贞德（电影场景版圣徒）（碧蓝航线）"
"jeanne_d'arc_(swimsuit_archer)_(fate)","圣女贞德（泳装弓箭手）"
"jeanne_d'arc_alter_(avenger)_(fate)","圣女贞德（变体）（命运）"
"jeanne_d'arc_alter_(fate)","贾尔特，圣女贞德（改版）（命运）"
"jeanne_d'arc_alter_(festival_outfit)_(fate)","圣女贞德（变体）（节日服饰）（命运）"
"jeanne_d'arc_alter_(holy_night_supper)_(fate)","圣女贞德（变体）（圣诞晚餐）（命运）"
"jeanne_d'arc_alter_(mystery_treasure)_(fate)","圣女贞德（变体）（神秘宝藏）（命运）"
"jeanne_d'arc_alter_(swimsuit_berserker)_(fate)","圣女贞德（换装泳装狂战士），圣女贞德（换装泳装狂战士）（Fate版）"
"jeanne_d'arc_alter_(ver._shinjuku_1999)_(fate)","邪恶龙女巫版本_新宿1999"
"jeanne_d'arc_alter_santa_lily_(fate)","圣女贞德变体，圣诞莉莉"
"jeans","牛仔裤"
"jeff_sorley","无脾症工作室"
"jeff_the_land_shark","杰夫_漫威"
"jell_(jell_y_fish)","果冻色系"
"jellen_aura","纳兰妮莉亚"
"jellot","户越"
"jelly_bean","果冻豆，果冻豆们，果冻豆子"
"jellyfish","水母"
"jellypon","艾尔达1"
"jellytits-7","rak_(kuraga)，库拉加"
"jelonzo_(splatoon)","江之岛_《喷射战士》"
"jeminix2","柠檬罂粟籽松饼"
"jen_zee","珍妮兹"
"jeneral","长棍"
"jenet_behrn","善良的天使"
"jenjen","关关酱"
"jenna_(golden_sun)","茉莉花_(金色阳光)"
"jenny_(pokemon)","junsaa_(宝可梦)，junsa_(宝可梦)，珍妮警官，珍妮警官"
"jenny_wakeman","詹妮弗·韦克曼"
"jeon_(user_ywaw3774)","咔嚓咔嚓的咀嚼声"
"jeon-eo_konoshiro","巴卡萨唐"
"jericho_(girls'_frontline)","杰里科_(少女前线)"
"jerry_can","油桶"
"jersey","运动衫"
"jervis_(kancolle)","杰维斯_(舰姬Collection)"
"jess_(p2eocene)","由乃_(古新世第二期)"
"jessica_(reverse:1999)","变身人_(反向：1999)"
"jessica_wijaya","jwijaya，jwijaya艺术作品"
"jessie_(pokemon)","武藏_(宝可梦)"
"jessie_rasberry","杰西_(最终幻想7)"
"jester_cap","小丑帽"
"jesus_revenge_(meme)","耶稣复仇"
"jet","喷气式飞机"
"jet_airliner","巨型喷气机"
"jet_black_king_of_knights_ver._shinjuku_1999","漆黑的骑士王ver新宿1999"
"jet_ski","水上摩托"
"jet_yowatari","jet_（艺术家）"
"jeto_(jetopyon)","无动力，预算限制，M3U3格式"
"jewel_man","珠宝商"
"jeweled_branch_of_hourai","蓬莱玉枝"
"jewelpet","宝石宠物"
"jewelpet_sunshine","宝石宠物阳光"
"jewelpet_twinkle","宝石宠物叮当声，宝石宠物叮当音效"
"jewelry","珠宝"
"jewelry_bonney","珠宝邦妮"
"jeze","阿尔茨耶泽"
"jezz_mons_art","jezz_mons_成人内容"
"jhaysie","艺术吉由"
"jhcoon","奇欧佩图，wnwwnw10"
"ji_dan","萌系233，月琪"
"ji_zhang","张吉1984"
"jiam009","优逸_(jiam009)"
"jiangnan_baijingtu","江南百景"
"jiangshi","僵尸"
"jiankun_yu","无字幕"
"jianxia_qingyuan_(series)","jx在线"
"jiaoshoutongxue","六月"
"jiaozi","饺子，煎饺，锅贴"
"jibaku_shounen_hanako-kun","总是离不开厕所的花子君"
"jibakurei_(elite_unchi)","精英大叔，小学生机器人"
"jidao_huashi","极源之道"
"jie_xian_(tsuki)","风月江"
"jiete","ast_(解体)"
"jigatei_(omijin)","御神人"
"jiggeh","约瑟夫·阿克斯纳"
"jigoku_meguri","地狱巡游1"
"jigoku_shoujo","地狱少女，极恶少女"
"jigokuraku","地狱天堂：极乐地狱"
"jihua_tong","18377144375死侍"
"jiisan_baasan_wakagaeru","爷爷奶奶再度返老还童"
"jiji_(aardvark)","吉吉"
"jiji_(majo_no_takkyuubin)","吉吉_角色，吉吉_琪琪送餐服务"
"jijou_wo_shiranai_tenkousei_ga_guigui_kuru.","我那无知的第一个朋友"
"jika-tabi","木屐靴"
"jikkyou_powerful_pro_yakyuu","力量优势"
"jikkyou_powerful_pro_yakyuu_(style)","力量优势_风格"
"jill_besson_(vordandan)","沃丹丹"
"jill_stingray","朱莉安·黄貂鱼"
"jilpoong17","雷梅伊"
"jima","饭岛正"
"jimbobox","詹姆斯·吉奥"
"jimeko","龙内明"
"jin_(mugenjin)","jin_（艺术家）"
"jin_(oihlf)","oihlf，欧伊赫尔夫"
"jin_(xenoblade)","神之刃_辛诺贝利亚"
"jin_akhr","假日神明"
"jin_enjoji","jiji_(dandadan)，吉吉_(丹达丹)"
"jin_musou","金无足赤"
"jin_young-in","ei_(啪叽啪叽)"
"jin-lian_(tony_taka)","金莲"
"jinako_carigiri","卡里吉里·吉娜子，吉娜子的卡里吉里，吉娜子的卡里吉里动作"
"jinbe_(one_piece)","甚兵卫"
"jing_hu","蛋包饭_杀羊模式"
"jing_ke_(fate)","从者_(命运/冠位指定)"
"jing_li","莫古乔，TSCBR"
"jingai_makyou","惊吓表情"
"jingai_modoki","人外怪物"
"jingei_(kancolle)","人形机器人_(舰队Collection)"
"jingle_abel_meuniere","珍妮克勒·阿贝尔·穆尼耶"
"jingle_bell","铃铛"
"jingo_kajiki","神兽海吉奇"
"jinguang_budaixi","金色光芒木偶秀"
"jinguji_jakurai","神宫寺鞠来"
"jinguu_maya","神宫真耶"
"jinhsi_(wuthering_waves)","金希_狂风巨浪"
"jinja_eru","姜黄萃取物"
"jinja_natsume","夏目姜子"
"jinjide_shaonian","金鸡报晓年"
"jinki","人形扩展，人形扩展版"
"jinkoika","金子香蕉"
"jinn_(housamo)","精灵_(东京放课后的召唤师们)"
"jinpaitugounan","阿索克"
"jinroku","金洛克，金罗克"
"jinrui_wa_suitai_shimashita","人类已经衰落，人类已走向衰退，现代社会，当代"
"jintsuu_(kancolle)","人形_(舰队Collection)"
"jinwu_(jinwudraw)","金武_（艺术家）"
"jinyunrex","金云"
"jira_(0116)","jira_dv，吉拉DV"
"jiraiken","大田耕司"
"jiraiya_(housamo)","自来也_（东京咒术高等专门学校）"
"jiro_kyoka","耳机插孔（我的英雄学院），京极治郎"
"jishenkong_jihua","极端深景深效果"
"jishixingle1029","断木带"
"jitome","轻蔑的眼神"
"jitsu_wa_watashi_wa","我的怪物秘密：_其实我是……"
"jitte","巨乳"
"jiu_fanglianhua","范围51"
"jiu_ye_sang","九叶桑"
"jiuchuansi","诗西玛良，思思19980408"
"jiushi_shijiu","小便"
"jivke","萨波里昂"
"jizell","ojay_tkym，奥杰_特凯姆"
"jizeru_(giselebon)","吉赛尔邦"
"jjanda","金俊昊"
"jl_tan","萨列里09"
"jmanvelez","改写风格"
"jo_an","kkddd_（用户_jhxc5483）"
"joacy","作业部"
"joanna_(mojo!)","卡通女孩7，我的滚动之星"
"joanna_went_bananas","乔乔去吃香蕉了"
"joe_(sk8)","南条小次郎"
"joeri_(yu-gi-oh!)","百合_(游戏王！)，由莉_(游戏王！)"
"joey_jones","约瑟夫·卡特·琼斯"
"johan_andersen","杰西·安德森"
"john_(kakurenbo)","隐身术。"
"john_doe_(jdart)","约翰·多伊"
"john_hamish_watson","约翰·沃森博士"
"john_kafka","哈撒韦博士"
"johnathan_mar","乔纳_（约尔蒙甘德）"
"johnny_(braun-kan_cafe)","宗祖"
"johnny_(from_scratch)","约翰尼_（艺术家）"
"johnny_(guilty_gear)","约翰尼·桑丰迪"
"johnny_(nyansama0412se)","约翰尼仙台"
"johnson_zhuang","阿伯丁乌鸦"
"johnston_(kancolle)","约翰斯顿_(舰姬Collection)"
"joints","关节"
"jojo_no_kimyou_na_bouken","/jjba/，/jjkb/，乔乔的奇妙冒险"
"jojo_pose","JOJO立"
"jokanhiyou","上官飞影"
"joker_(dc)","小丑"
"joker_(playing_card)","小丑牌，小丑图案卡片"
"joker_(stjoker)","ero_jokersofia，色情，乔克索菲亚"
"joki_yoh","感动心情"
"jolker","jolker_jang，张乔克"
"jolly_roger","海盗旗"
"jon_davies","索万杰迪"
"jon_kneeland","玉刃"
"jon_shicchiou","琼·希奇欧"
"jon_talbain","加仑氏吸血鬼"
"jonathan_kim","Persona_（艺术家名）"
"jonbur_man","鬼怪_(kjw5679)"
"jonouchi_katsuya","乔伊·惠勒，约瑟夫·惠勒，后内龙也"
"jonpei","平清盛"
"jony_(avion_mura)","乔尼激光"
"joosibi","简斯"
"joou_heika_(precare_deum)","佐藤伊莫"
"jormungand_(manga)","约尔蒙冈德"
"joseph_desaulniers","摄影师_(身份_v)"
"joseph_joestar_(old)","约瑟夫·乔斯达"
"joshdinobarney","科尔斯机器人"
"joshi_kousei","高中女生，女子高中"
"joshua_(shisanli934)","芙妮"
"joshua_bright","迷途的约书亚"
"joshua_raphael","命运幻想类作品"
"josue_pereira","若苏埃·佩雷拉"
"jou_(jo_jjo)","jo_jjo_29，乔乔的奇妙冒险29"
"jouga_maya","十河真弥"
"joukamachi_no_dandelion","城堡小镇蒲公英"
"joukyou_seikatsuroku_ichijou","一城：东京生活"
"jounetsu_(jonetunoaoitako)","寒冷_(寒冷体验者)"
"jouzaburou_(joe3)","三人组"
"joy_(pokemon)","护士乔伊"
"joyeuse_ordre_(fate)","欢乐秩序"
"joze","雨之六月"
"jpeg_artifacts","JPEG图像伪影，JPG图像瑕疵，JPEG格式的图像缺陷"
"jr.","赤红色"
"js_9_(girls'_frontline)","js_9_（少女前线）"
"jsjdndhidnshssj","歪脸画"
"juaag_acgy","惊悚氛围"
"jubako_(nest_of_boxes)","日暮十藏"
"jubilee_(8pxl)","周年庆_(8px)"
"judd_(splatoon)","贾吉君_(喷射战士)"
"judge_(girls'_frontline)","《少女前线》法官角色"
"judith_(tales)","朱迪丝"
"judith_volltone","朱迪·沃尔顿音色"
"judo_fuu","柔道服，柔道用布"
"jug_(bottle)","水壶"
"juhi-huji","腐烂的"
"juice_box","盒装饮料"
"jujunaught","多诺特蛋糕"
"julia_(fire_emblem)","尤莉亚_(火焰之纹章)"
"juliana_(pokemon)","女性主角_(宝可梦SV)"
"juliet_queen_elizabeth_viii","jobko_（自己动手！！）"
"juliet_sleeves","朱丽叶袖"
"julius_(fire_emblem)","尤里乌斯_火焰之纹章"
"jullian_sama","朱利安是也，朱利安的作品"
"jump_rope","跳绳"
"jumping","跳跃的"
"jumpscare","尖叫角色"
"jumpsuit","(尤指女式)连衫裤"
"jun_(navigavi)","jun_(seojh1029)，俊_(seojh1029)"
"jun_(princess_connect!)","白金纯"
"jun_(rellik_&_redrum)","雷利克·红鼓"
"jun_yuwei","rlntlss_ju，角色建模，精细细节，高质量渲染"
"jun'iku","六月"
"jun'you_(kancolle)","舰娘_(舰队Collection)"
"jun'you_maru","纯友丸"
"junah_(metaphor:_refantazio)","胡安尼·天鹅座"
"jungki_dr","雷电_(jung_0000)"
"jungle_taitei","白狮金巴"
"jungle_wa_itsumo_hare_nochi_guu","野兔+咕，野兔咕，丛林永远都是欢乐的一天咕"
"jungtong","江南大学"
"juniper_(artist)","自我毁灭倾向"
"juniper_actias","杜松子_(自我毁灭)，杜松子_(虚拟主播)"
"juniper_woods","森村忍"
"junjiuk","画面破坏"
"junker_queen_(overwatch)","废都女王"
"junketsu_duelion","剑击对决"
"junketsu_no_maria","处女巫师玛丽亚，处女巫师玛丽亚"
"junko_(blue_archive)","明石顺子"
"junko_(new_year)_(blue_archive)","明石顺子_（新年特辑）"
"junkos","纯奈"
"junkrat_(overwatch)","贾米森·福克斯"
"junkyard","垃圾填埋场，废品场，拆解场"
"junnosu","井野之介_i，石井井野之介"
"juno_(fire_emblem)","尤诺_火焰之纹章"
"junpaku_no_anata_e_chikai_no_uta_wo!_(project_sekai)","献给纯真之心的颂歌（project_sekai），献给身着纯白服饰的你的誓言之歌！（project_sekai）"
"junpei_(kyokugen_dasshutsu)","俊平_(零逃脱)"
"junshiki","libertyfox310，自由之狐310"
"junsui_(omori0310)","闷居症患者"
"junu_(jwoo5627)","朱宇"
"jupiter_symbol","木星星座"
"jura_cambri","胡桃鬼白明"
"juri_(blue_archive)","牛卷百合子"
"jurrig","未解锁状态"
"just_as_planned_(meme)","完全按照计划，正如预定的那样"
"just_be_friends_(vocaloid)","只做朋友"
"justice_gakuen","敌对学校"
"justice_task_force_member_(blue_archive)","jtf_mob-chan，正义委员会俱乐部成员（蓝色档案）"
"juu_mensou_(vocaloid)","十面相_（VOCALOID）"
"juufuutei_raden_(regloss_uniform)","十二天司_第二套服装"
"juujou_shion","正义诗音"
"juumonji_yari","聚门柱"
"juuni_kokuki","六月王国，十二王国"
"juuni_taisen","六月大战：黄道战争"
"juusan_kihei_bouei_ken","13哨兵：护盾边缘"
"juusenki_l-gaim","重金属风格，L系角色"
"juvia_lockser","朱薇娅·洛克萨尔"
"juzi_(orange8619)","Kitsuko_(14214373)，桔子子"
"jvn","jvndraws，jvn_（jvn艺术作品）"
"jxh_33","吉克塞尔世界"
"jyu_gorilla","库劳恩3"
"jyuru","221加拉哈德"
"jyushiko_(osomatsu-san)","十兵卫_(奥萨马斯桑)"
"jyushimatsu's_girlfriend","十松的女友"
"k_(art71)","lll_ke_lll，超可爱风格"
"k_(shiganai_shakaijin)","草奈梨"
"k_hiro","修二郎"
"k-d","知晓梦境"
"k-on!","庆音，庆音！，K-ON，K-ON!!，康！"
"k-on!_movie","电影版K-On！"
"k-project","动漫风格"
"k-rei","额外台词"
"k-suwabe","末泽庆"
"k.blank","despair_(艺术家)，kblankii"
"k.k._slider_(animal_crossing)","托塔克克"
"k.pumpkin","南瓜王"
"k.rikina","名子_(风间和久)"
"k/da_(league_of_legends)","KDA组合(英雄联盟)"
"k0a","奶牛戒指"
"k0ng","孔格莱恩"
"k1-b0","基博"
"k11_(girls'_frontline)","K11_（少女前线）"
"k1ruse","度千熙"
"k2_(girls'_frontline)","K-2_（少女前线），K-2_（少女前线）"
"k2h","美浓女"
"k3_(girls'_frontline)","K3_（少女前线）"
"k5_(girls'_frontline)","K5_（少女前线）"
"k52","oii_52kun，欧伊52君"
"k9_(dog)","军用犬，警用犬，救援犬"
"kaa-san","奈落黑子27"
"kaalaa_baunaa","黑矮星_（反向：1999）"
"kaatsu_katsurou","卡茨君"
"kab00m_chuck","爆炸性投掷"
"kaban_(kemono_friends)","和服"
"kabane_(follabi)","已死亡很久"
"kabayaki_unagi","细胞因子"
"kabedon","猛力撞墙"
"kabedoru","卡卡马库"
"kabiinyo_(kab)","双乳"
"kabocha_(kabocha0726)","痴迷南瓜"
"kabu_(yuyuibob)","由由伊波波"
"kaburagi_t._kotetsu","龟裂铁，铁之龟裂"
"kaburagi_tomoe","天宫桃叶"
"kaburagi_yuki","echonao199x，艾可娜奥199x"
"kabuto","头盔|甲胄"
"kabuto_(helmet)","甲胄，武士头盔"
"kabuto_kouji","工治兜"
"kac-pdw_(girls'_frontline)","kac-pdw_（少女前线），k-pdw_（少女前线）"
"kachuten","白玉兔"
"kacyu","鹏南港"
"kadeart","可爱风格"
"kaden_(fire_emblem)","锦_(火焰之纹章IF)"
"kadoi_aya","加藤绫亚"
"kae_(orange_juice)","凯_杉浦"
"kaede_(bakumatsu_rouman)","枫_(剑风传奇)"
"kaede_(blue_archive)","枫雅纱美"
"kaede_(sayappa)","枫叶尤凯尔"
"kaede_(yumesaki_kaede)","枫_(003591163)"
"kaedehara_kazuha","枫原万叶_(原神)"
"kaekaeki","盖耶瓜，盖耶瓜，盖耶瓜"
"kael_ngu","凯尔恩古"
"kaela_kovalskia_(business_casual)","凯拉·科瓦尔斯基亚（第三套服装）"
"kaela_kovalskia_(new_year)","凯拉·科瓦尔斯基亚（第二套服装）"
"kaenbyou_rin","奥琳"
"kaeranu_kaeru","想要被舔毛"
"kaeya_(genshin_impact)","凯亚·阿尔贝里希"
"kafeifeifeifeifeifei_jiemo_jun","mr._coffeefeefeefeefeefeewasabi，咖啡先生瓦萨比"
"kafu_(logaemon)","卡夫"
"kaga_(battleship)_(kancolle)","加贺_(战列舰)_(舰队Collection)"
"kaga_(exalted_white_wings)_(azur_lane)","加贺_（白尾华彩）_（碧蓝航线）"
"kaga_(kancolle)","加贺_(舰队Collection)"
"kaga_(white_fox's_new_year)_(azur_lane)","加贺_（白狐的新年祝福）_（碧蓝航线）"
"kaga_mi","三贺12"
"kagami_hirotaka","镜面角色，电线杆精灵"
"kagami_kino","镜子_(卡加米娜)"
"kagami_kyousuke","镜恭辅"
"kagami_mochi","镜饼"
"kagami_uekusa","do_(taka)，高坂笃"
"kagamine_len","镜音莲"
"kagamine_len_(append)","追加长度"
"kagamine_rin","/kr，角色扮演"
"kagamine_rin_(append)","rin_append添加功能"
"kagamine_rin_(roshin_yuukai)","神乐美琴（崩溃版），神乐美琴（罗生门幻影版）"
"kagamine_rin_(roshin_yuukai/hard_rkmix)","镜音铃（熔毁/硬核RKMIX），镜音铃（罗生门地狱/硬核RKMIX）"
"kagaminomachi_no_kaguya","镜之町的辉夜，镜之城的辉夜"
"kagana_helsuki","韦尔斯基"
"kagara","用户_wtxu5838"
"kagari_atsuko","灯里阿子"
"kagari_liroi","辉夜·勒罗伊"
"kagarimachi_konatsu","使用假发"
"kagayaki_alice","艾丽丝·佩珀罗奇诺"
"kage_kara_mamoru!","从暗处守护"
"kage_no_jitsuryokusha_ni_naritakute!","阴影中的巨头"
"kagehara_hanzou","影原半藏"
"kagero_(fire_emblem)","辉夜_(火焰之纹章IF)"
"kagero_(spring_ninja)_(fire_emblem)","辉夜姬_(春天)_(火焰之纹章)"
"kagerou_(gigayasoma)","角色崩坏"
"kagerou_(kancolle)","辉夜_(舰队Collection)"
"kagetsu_tooya","辉夜托亚"
"kagi","kagi55x，更衣室场景制作"
"kagikake","风车少女"
"kagisora_tomiyaki","鹿子烧"
"kagiyama_(clave)","加吉山（源英之刃）"
"kagiyama_shachou","柿山潘德拉"
"kago_no_tori","辉夜姬"
"kagura_(azumanga_daioh)","神乐_（阿扎漫画大作战）"
"kagura_gumi","神乐MEA频道"
"kagura_mizuki","神乐多"
"kaguracchi_(kaguracchi77)","真白艺术作品"
"kaguya_(sinoalice)","辉夜姬_（中英混写）"
"kaguya-hime_no_monogatari","辉夜姬的故事"
"kaguya-sama_wa_kokurasetai_~tensai-tachi_no_renai_zunousen~","辉夜大小姐：恋爱就是战争"
"kaguya-san_(nantyu-erosada)","南乳色情版"
"kaguyahime","月读卡库亚"
"kahadu_(kawazu)","川津"
"kaho_(blue_archive)","桑上香穗"
"kai_(blue_archive)","新谷海"
"kai_(drakkai10)","千恋_（drakkai10），彼岸花_（炸鸡）"
"kai_(esugi)","kai_(ootamuno12)，凯伊_(ootamuno12)"
"kai_(kai_013)","kai_(pixiv84265)，凯伊（pixiv84265）"
"kai_aki","海，晓之海"
"kai_himo","鱼饼_(mato225)"
"kai_yuuki","轻吻"
"kaiba_mokuba","莫库巴·凯巴"
"kaiba_seto","濑户海马"
"kaiboukan_no._4_(kancolle)","海堡馆之四（舰队Collection）"
"kaibutsu_oujo","怪物公主，公主复活"
"kaicggo","帕伊纳普卢"
"kaichou_wa_maid-sama!","校长是女仆大人"
"kaida_bola","巴鲁特罗姆"
"kaidou_j1","海寇堂香奈儿，性感凯多"
"kaidou_mitsuki","凯多·樱"
"kaieda_hiroshi","咬头行为"
"kaifuku_jutsushi_no_yarinaoshi_~sokushi_mahou_to_skill_copy_no_chouetsu_heal~","《校服魔法使的复仇》，紧急救援，治疗者的重来"
"kaii_to_otome_to_kamikakushi","凯伊与恋姬与神隐之地，神秘失踪事件"
"kaijin_kaihatsubu_no_kuroitsu-san","怪物开发部的黑井小姐"
"kaiju","巨型怪兽"
"kaijumilk_(milkchaotea)","巨兽牛奶"
"kaijuu","怪兽"
"kailu_(kyshiro)","seele_(ffva7257)，谢肉小汤圆"
"kaimuari","k_(艺术家)"
"kain_highwind","该隐·高风"
"kaiou_michiru","凯欧·美智留"
"kairakuen_umenoka","强韧体质"
"kairi_(fotune)","kairi69jp，日本角色，二次元人物"
"kairi_(kai_ri)","开里"
"kairunoburogu","凯鲁变体，凯尔_（凯鲁之暴走）"
"kaisake_(utp)","清酒_(乌托邦模子)"
"kaisen_chuui","变革"
"kaito_(k4itoh)","黑牛月刊"
"kaito_(vocaloid)","海斗"
"kaitou_kid","海斗小孩"
"kaitou_kid_(cosplay)","海斗小孩（角色扮演）"
"kaitou_shinshi_no_harahara!?_white_day_(project_sekai)","《绅士盗贼的白色日子》？！_（Project Sekai），《绅士盗贼的惊险白色日子》？！_（Project Sekai）"
"kaiven_banzhang","凯文，凯文监视器"
"kaji_ryouji","梶良治"
"kajin_(kajinman)","兽人男"
"kajiwara_3","梶_(梶原_3)"
"kajiya_kurogane","黑钢（放送部），黑钢（东京放学后召唤师）"
"kajo","加治_（Pixiv）"
"kajun_faycott","卡津·费科特"
"kakao_(chocolate_land)","可可"
"kakao_(noise-111)","噪音-111"
"kakashichi","七人组"
"kakiha_makoto","枫叶"
"kakiuchi_itsuki","辉介_(秋田ム)"
"kakkou_no_iinazuke","几只杜鹃鸟"
"kakkuu_(clutch_shot_king)","绝杀之王，宅男之王"
"kako_(kancolle)","卡科_(舰姬Collection)"
"kakon","ISO1206格式"
"kaku_(walletbreaker)","令人破费不已的商品"
"kaku-san-sei_million_arthur","百万亚瑟扩散模型"
"kakubayashi_tsuyoshi","kaku_（艺术家）"
"kakuchoshi","角色选择，角色设定"
"kakudai_(hujikolp)","神级男人"
"kakuma_aru","卡多伦奔跑"
"kakumeiki_valvrave","反叛的鲁路修"
"kakyoin_noriaki","角谷典明"
"kalar_(race)","卡拉尔_兰斯"
"kalashnikov_rifle","卡拉什尼科夫步枪"
"kaleido_star","万花星"
"kali_(asura)","深色皮肤的新半人族（阿修罗）"
"kalifa_(one_piece)","哈里发"
"kalina_(girls'_frontline)","卡莉娜_(少女前线)"
"kalinka_cossack_(mega_man)","卡琳卡哥萨克风"
"kalium_(jojajoja99999)","哇哇哇哇_e"
"kalmahul","奥默·通奇"
"kama_(fate)","卡玛_(命运/冠位指定)"
"kamabo_ko","金鱼饼"
"kamaboco_(kayada)","龟甲板，茅田_（kyd_kxh）"
"kamada_issei","波布库罗"
"kamado_(pokemon)","电光鼠_(宝可梦)"
"kamatama_rom","浪漫风格，可爱角色"
"kamee_(kamee_f)","可爱美少女"
"kamehameha_(dragon_ball)","卡美哈梅哈光波"
"kamejiro_(sasakame)","淡彩色调，笹上_（淡彩色调）"
"kameno_sachi","龟吉"
"kamenozoki_momomo","黑白樱"
"kameponde","赛莎莉丝"
"kami_jigen_game_neptune_v","超次元海王星胜利"
"kami_nomi_zo_shiru_sekai","/卡米诺米，卡米诺米，只有世界之神知晓"
"kami-sama_(dragon_ball)","神_龙珠"
"kami-sama_no_memo-chou","天堂的备忘录，/上司备忘录，上司备忘录，神明的备忘录初版，神明的备忘录初版，神明之备忘录初版，神明之备忘录初版，神明之备忘录初版，神明之备忘录初版，神明之备忘录初版，神明之备忘录初版"
"kamia_(not_found)","未找到该艺术家的相关内容"
"kamichu!","神兽"
"kamii_momoru","神户理奈"
"kamijo_haruna","上条春菜"
"kamijou_touma","神城透马"
"kamikaze_(kancolle)","神风特攻队_(舰姬Collection)"
"kamikaze_explorer!","神风探险家"
"kamikaze_kaitou_jeanne","幻影盗贼珍妮"
"kamila_(ghost_trick)","佳奈子_幽灵把戏"
"kamille_bidan","卡米耶·比丹"
"kamimiya","神宫寺_（Pixiv）"
"kamina_shades","卡米纳墨镜"
"kaminagi_(kaminagi-tei)","神波丽，神波丽邸，神波丽邸_（艺术家）"
"kaminagi_ryouko","神永凉子"
"kaminari_denki","电荷闪电_(我的英雄学院)"
"kaminosaki","神之崎1"
"kamippoina_(vocaloid)","神一般的存在_(VOCALOID)"
"kamisaka_haruhi","神坂春姬"
"kamisama_hajimemashita","神明之吻"
"kamisama_ni_natta_hi","我成为神明的那一天"
"kamisama_no_inai_nichiyoubi","没有上帝的星期日"
"kamisama_to_unmei_kakumei_no_paradox","引导之命运悖论，/神之帕拉，引导之命运悖论，引导之命运悖论"
"kamisato_ayaka","绫华_(原神)，绫华_(原神)，上里绫华_(原神)"
"kamishiro_mai_(capti-no)","白梅_1995"
"kamishiro_ryouga","雷金纳德·卡斯特尔，鲨鱼（游戏王ZEXAL）"
"kamishita_tomori","智乃，智乃_（ka78695280）"
"kamisimo_90","由宇"
"kamitani_george","乔治·神谷，神谷丈治"
"kamitoge_supino","令人惊叹的斯皮诺"
"kamitsubaki_studio","虚拟咖啡馆"
"kamiya_(mennu)","安娜混音，惠塔茨"
"kamiya_maneki","招财神像"
"kamiya_zuzu","祖祖"
"kamiyama_high_school_uniform","神山高中校服"
"kamiyama_high_school_uniform_(hyouka)","神山高中校服"
"kamiyama_high_school_uniform_(project_sekai)","神山高中制服（世界）"
"kamiyama_sumu","须磨帝美"
"kamizaki_hibana","金丝雀之焰"
"kamizuki_shiki","神木"
"kamo_(kamonegioisi)","求抱抱"
"kamo_ashi","吉田一郎"
"kamochiru","死亡胡须猫"
"kamogawa_tanuki","神河屋"
"kamoi_(kancolle)","神尾_(舰姬Collection)"
"kamoi_hayato","大阪前"
"kamoku_nagi","黑红之梦，异色眼"
"kamonari_ahiru","加茂成利"
"kamori_sayaka","龟森清花"
"kamotaro","卡莫科坦之爱"
"kampfer","战士"
"kamui_(fire_emblem)","卡缪_火焰之纹章外传"
"kamui_(kurohshiro1)","黑白X"
"kamui_(pgr)","神威_（惩罚模式：灰鸦）"
"kamui_natsuki","N·卡缪"
"kamuify","生命纤维变化"
"kan'u_(koihime_musou)","卡努，卡努"
"kan'u_unchou","卡努UNCHOU"
"kan'yu_(citron_82)","citron_82，柠檬82"
"kana_(female)_(fire_emblem)","卡娜_（火焰之纹章）_女性角色，坎娜_（女性）_火焰之纹章if，卡娜_（火焰之纹章）_女性角色"
"kana_(fire_emblem)","卡娜_（火焰之纹章），卡娜_（火焰之纹章if）"
"kana_(kuaua)","库阿乌阿"
"kana_(male)_(fire_emblem)","卡娜_火焰之纹章_男性角色，坎娜_火焰之纹章_男性角色，坎娜_火焰之纹章IF_男性角色"
"kana_yukino","白金奈"
"kanabou","鬼金棒"
"kanae_(inorin05kanae)","inorin05，神苗"
"kanagawa_okinami_ura","神奈川冲浪里，神奈川大浪"
"kanai_(nai_nai)","悠河叶"
"kanai23831347","用户_kcvw4773"
"kanako_(gentsuki)","萨比娜奥克"
"kanakoto_soshite","色气十足"
"kaname_(emanalc)","埃曼纳尔克"
"kaname_madoka_(cosplay)","cos成鹿目圆"
"kaname-ishi","关键元素"
"kanami_(strinova)","金波美_(卡拉比亚乌)"
"kanaria_(bocmn)","金丝雀_(bcomn)"
"kanaria_(fuusenkazura)","库尔德工人党"
"kanaria_hisagi","金丝雀_(金丝雀系列)"
"kanaria_wa_kyuukyou_ni_utau_(project_sekai)","《金丝雀在泥沼中歌唱》（Project Sekai），《危机中的金丝雀之歌》（Project Sekai）"
"kanashi_kum0","悲しみ雲_（悲しみ雲0）"
"kanashi_kumo","皮肤粗糙"
"kanata_(kanade_pa)","金田朋子"
"kanata_(kanata_onion)","金田_(pixiv1305983)"
"kanata_no_astra","迷失在太空中的阿斯特拉"
"kanbayashi_makoto","新弹丸论破"
"kanchiyo","天口千代子"
"kanchou","看长门"
"kanda_(ura-kanda)","浦神"
"kanda_aya","藤泽绫"
"kandata_nijou","神道二条，yu02j0"
"kanden_sky","布里布里，喜欢神田"
"kaneblob","哭泣"
"kanekan","侧脸，钨金属（kanekan15）"
"kaneki_profile_picture_(meme)","金木的资料照片"
"kaneko_hiraku","金子辉"
"kaneko_tsukasa","冰之国"
"kanemaki_thomas","尼库钻头，托马斯（铁之汤姆）"
"kanengomi","kanengomi_(wyyf4474)，味噌四郎多多，味噌四郎多多2"
"kaneni","窗口1228"
"kanesada_keishi","金定圭史"
"kani_aruki_(bucket_crawl)","高梨响"
"kani_biimu","佩科，佩佩佩"
"kani_fish","AK4CI，阿卡——奇"
"kani_seijin","蟹君"
"kanianoreki","卡尼亚鲁基3"
"kanikama","蟹肉味增，烤虾"
"kanji","汉字"
"kanke_(yonkuma)","由里子_(kkk9)，由里子_(pixiv63067)"
"kanna_(blue_archive)","小形佳奈（蓝色档案）"
"kanna_(plum)","plum_(艺术家)"
"kanna_kanaki","卡娜_(pixiv459051)"
"kanna_ryouto","龙人_(在线之心)"
"kannagi_cocoa","可可_(托巴)"
"kannatsuki_noboru","神无月伸郎"
"kannazuki_hato","卡纳杜基小猫，冬季风景（圆形）"
"kannazuki_no_miko","神社少女的命运，金崎"
"kannko_bokujou","腐子，油漆罐"
"kanno_izuka","神野伊织"
"kano_(utaite)","加乃_(歌手)"
"kano3","金鱼娘3"
"kanoe_soushi","伊达土豆"
"kanogawa_hiro","金川广"
"kanojo_ga_flag_wo_oraretara","如果她的标志被破坏，如果她的标志被破坏"
"kanojo_mo_kanojo","女友，女朋友"
"kanojo_no_carrera","我最喜欢的卡雷拉"
"kanojo_okarishimasu","金子花，租女友服务"
"kanojo_tachi_no_ryuugi","他们的风格"
"kanopan","广田Insitao"
"kanora","kabe_(ryuryuta)，梶_(龙龙太)"
"kanpancake","第二哈塞"
"kanro_ame_(ameko)","天麒麟"
"kanroji_mitsuri","神乐祭"
"kanshou_&_bakuya_(fate)","观寿与爆矢"
"kansou_samehada","京太郎SR"
"kantai_collection","坎科雷，坎科蕾"
"kantarou_(8kan)","超高画质，8K分辨率"
"kantoku","五年级课后时光"
"kantou_rengou","天童RN-Go，神堂NGO"
"kanzaki_gou","神崎刚郎"
"kanzaki_hiro","尾田荣一郎"
"kanzaki_riku","里克鲁特"
"kanzashi","簪子"
"kanzuki_yuu","坎杜基由由"
"kanzume_shima","甘杜梅西玛"
"kao_no_nai_tsuki","月光女神，无表面之月"
"kaoming","八仓_(shibu11)"
"kaonashi","无脸人_(千与千寻)"
"kaori_(azumanga_daioh)","薰_(阿扎漫大作战)"
"kaori_(princess_connect!)","青叶香织"
"kaori_(sky-freedom)","粉发姐姐_(天空之境)，粉发姐姐_(天空自由)"
"kaoru_(gensou_yuugen-an)","枫_(画师)"
"kaoruru_(sakuno2911)","讨厌胖墩儿的爱"
"kaos_art","混沌艺术风格"
"kaosu_kun","瑞安·伊迪安"
"kappa","河童"
"kappa_mob_(touhou)","卡帕怪物"
"kappougi","(烹饪时穿的)罩衫"
"kapuru_0410","喜欢阿座田"
"kar98k_(girls'_frontline)","Kar98k_（少女前线）"
"kara_(color)","颜色_艺术家"
"kara_namako","卡拉·伊库科，娜玛戈·K"
"kara_no_kyoukai","罪人花园"
"karacak","巧克力色头发"
"karakai_jouzu_no_takagi-san","高木老师调戏达人"
"karakasa_obake","唐伞妖怪"
"karakuri_chachamaru","茶茶丸"
"karakuri_musha","hassan_(user_vgzs2728)，哈桑（用户vgzs2728）"
"karakuri_pierrot_(vocaloid)","发条小丑_（VOCALOID）"
"karamoneeze","卡拉莫内-泽"
"karanomori_shion","唐野森诗音"
"karaoke","卡拉OK"
"karappo_(poket12)","卡拉波·伊拉斯托"
"karasu_btk","btkcyber，变态网络文化"
"karasu_tengu","乌天狗"
"karasuma_chitose_(girlish_number)","乌丸千岁_（少女编号）"
"karasuro","久良良酱"
"karateka_(kikyakudou)","空手道家（巴罗马鲁），空手道家数值，喜欢欧派风格"
"karbuitt","卡布丁"
"karei_(zeroseed)","零种子"
"karen_(karenendo)","卡伦·米莱加罗"
"karen_(pokemon)","卡琳_宝可梦"
"karenina_(pgr)","卡列尼娜_（惩罚模式：灰鸦）"
"karenina:_blast_(pgr)","卡列尼娜：爆裂（惩罚：灰鸦）"
"karenina:_ember_(pgr)","卡列尼娜：_余烬_（惩罚：_灰鸦_）"
"karenina:_scire_(pgr)","卡列尼娜：_知晓_（惩罚：_灰鸦_）"
"karepack","呆子，笨蛋"
"kareshi_kanojo_no_jijou","他的处境与她的处境，假面骑士卡莲，假面骑士卡莲"
"kareya_(jixo95821699)","jixo_（用户nzhc8728）"
"kariginu","狩衣"
"kariginu_(gureviyo582)","卡莉吉妮"
"karigurashi_no_arrietty","《艾莉特的秘密世界》"
"karin_(blue_archive)","角田惠理奈"
"karin_(bunny)_(blue_archive)","角田惠理奈（兔子版），惠理奈（兔女郎版）（蓝色档案）"
"karin_(dragon_ball)","柯林_（龙珠）"
"karin_mered","卡琳·梅雷德（蚌淮学院）"
"karipaku","强制亲吻"
"karita_(kali_lgk)","卡莉_LGK"
"karkovb152","kmrd-fanddi，公里德粉丝群"
"karla_(kimidori3)","木户鸟3，卡菈"
"karlach","卡拉克_（博德之门）"
"karmaho","futo_20，未来20"
"karna_(fate)","卡娜_（命运/extra_ccc），红色枪兵，发射器_（命运/extra_ccc）"
"karo_(karohroka)","卡罗赫罗卡，夏露"
"karoo_(one_piece)","卡鲁_海贼王"
"karosu_maker","carlos_c._beltran，karosu制作工具"
"karou_(circle_karouke)","风车_9"
"karou_(lhscck302)","卡露_(pixiv47191635)"
"karrincorrin","6nutqd2kwd0iqcl，卡琳"
"kars_(jojo)","汽车_(乔乔)"
"karu_(ishiken)","卡鲁_（pixiv520294）"
"karulau","卡鲁拉_（歌之恋），卡露拉_（歌之恋），卡露拉_（歌之恋）"
"karumi_jpg","ame_(vvxbwqtt6_xy)，核仁发育"
"karva_(granblue_fantasy)","卡鲁巴_《碧蓝幻想》"
"karyl_(princess_connect!)","可爱女郎_(公主连结！)，可爱女郎_(公主连结)"
"karyuu_koujo","火龙大公主"
"kasai_shin","kokoro_(艺术家)"
"kasaki_sakura","葛城樱"
"kasandra_(xenoblade)","卡萨涅_异度之刃"
"kasasagi_(futagodori888)","双乳触碰0301w，风间咲（pixiv_17135508）"
"kase_daiki","dksha19，风太"
"kashi_kosugi","剑盘"
"kashii_kaoru","次郎"
"kashikaze","15风之疾风15"
"kashima_(kancolle)","鹿岛_(舰队Collection)"
"kashino_(hot_springs_relaxation)_(azur_lane)","鹿野_(沐浴后的愉悦)_(碧蓝航线)"
"kashiwa_(iersansi)","红萝卜"
"kashiwagi_kano","白玉梓"
"kashiwagi_kazuhiro","柏木一宏，极限环，塔普奥"
"kashiwamochi_yomogi","四叶草"
"kashiwara_mana","紫紫蛋45"
"kashiyama","红色003"
"kashmir","卑鄙小人"
"kasia_nie","凯特·尼姆齐克，凯特_（苏查雷克）"
"kasoku_sato","丘卡鲁多鲁胡"
"kasou_(roomno404_)","肉肉的我"
"kassioppia_(voice_actor)","英国卡斯，英国卡斯（声优）"
"kasu_(kasunohikari)","帕奇蒙"
"kasu_kazu","春日一朗"
"kasuga_(kasuga39)","春日39"
"kasuga_akira","kimama55，乌拉卡苏加欧普"
"kasuga_ayumu","大阪，大阪_（阿扎漫画大王）"
"kasuga_kaya","sori_6403的翻译"
"kasuga_maru_(kancolle)","春日丸_（舰姬Collection）"
"kasuga_no_tsubone_(fate)","春日小椿（命运/冠位指定）"
"kasuga_rurito","春日琉璃（rurito0725），琉璃琉璃"
"kasuga_souichi","绿刚一"
"kasugano_urara_(yes!_precure_5)","春日野优拉拉（光之美少女）"
"kasukasugom1","不明语种复苏"
"kasumi_(blue_archive)","木川霞"
"kasumi_(kancolle)","霞_(舰姬Collection)"
"kasumi_(princess_connect!)","桐原霞"
"kat_(bu-kunn)","cut_(bu-kunn)，切割_(布昆)"
"kata_tsumurou","龙之型，聚气"
"katachi_noboru_nishikino","西木野幸成"
"katade","竹内"
"katagiri_(mighty_swing)","金田真_（低下头），呜呜呜呜呜"
"katagirinanoka","用户_zcep2884"
"katahaba_keiji","片羽十花，露莉_(hard244)"
"katakata_un","卡塔卡塔·温子"
"kataku_musou","鼹鼠_(pixiv31755575)"
"katalina_(granblue_fantasy)","卡塔莉娜_（碧蓝幻想），卡塔莉娜·阿里泽，卡特琳娜_（碧蓝幻想）"
"katami_shinta","金野亚季娅"
"katana","日本刀"
"katana_man_(chainsaw_man)","武士之剑_电锯人"
"katanashi_(ktnsh_popu)","卡塔波普拉"
"katarina_(league_of_legends)","卡塔琳娜持刀造型"
"katase_bono","朝阳KT"
"katase_yuu","片濑由香"
"kate_(alice_catharsis)","毛玉庆人"
"kate_wong","星之空"
"katekyo_hitman_reborn!","《死神代行员重生》，《重生！》"
"katherine_mcbride","凯瑟琳_(凯瑟琳)"
"kathryne_keyron","凯瑟琳·基隆"
"kati_mannequin","凯西人偶"
"katlovesstar","我的名字是布拉德13"
"katoh_akatsuki","加藤晓月"
"katoki_hajime","片桐一郎"
"katori_(kancolle)","加藤里子_(舰姬Collection)"
"katosh","角色设计"
"katou_danzou_(fate)","加藤丹舟_（Fate/Grand Order）"
"katou_itsuwa","伊茨瓦_（致命猫耳）"
"katou_kouki","罗罗罗"
"katou_takeko","加藤武子"
"katouken_(ktn-works)","k_(katokenrock)，卡托肯洛克"
"katsudansou","新井晴龙"
"katsura_ken'ichirou","桂健一郎"
"katsura_kotarou","桂小太郎"
"katsura_miya","mi_(pixiv295220)，米_(pixiv295220)"
"katsuragi_(kancolle)","桂(舰姬Collection)"
"katsushika_hokusai_(fate)","葛饰北斋（命运/冠位指定）"
"katsushika_hokusai_(painting_summer)_(fate)","夏日绘画"
"katsute_mahou_shoujo_to_aku_wa_tekitai_shiteita","那个魔法少女与邪恶中尉曾是宿敌"
"katubusi_kisimen","克鲁迪亚"
"katwu_(gensou_ninja_yashiki)","源氏忍者，卡特武"
"katya_klein","卡佳_(雪崩)"
"katyusha_(deer_peter)","战斗员_(战士)"
"katyusha_(girls_und_panzer)","喀秋莎火箭炮"
"katzeh","费利索夫姆"
"kawa_(trash0kawa)","垃圾川"
"kawabata_yoshihiro","川端康成"
"kawachi_koorogi","川内切腹"
"kawachi_rin","rin_(teiuka-forever)，凛_(帝宇卡-永恒)"
"kawahara_chisato","川原"
"kawahara0527","大翼鸟"
"kawai_(purplrpouni)","可爱"
"kawai_makoto","可爱_(nrksrk)"
"kawai_ritsu_(rits_meg)","rits_(apud8788)，里茨_(apud8788)"
"kawai_shizuka","宁静之轮"
"kawaii_boku_to_142's_(idolmaster)","可爱的我与142号"
"kawaii_dake_ja_nai_shikimori-san","志木森可不只是个可爱角色"
"kawajiri_kosaku","川尻浩作"
"kawakami_academy_school_uniform","川上学院制服"
"kawakami_rokkaku","六角_恶死病栋"
"kawakaze_(kancolle)","风之谷_(舰队Collection)"
"kawama_shuusuke","川间秀辅"
"kawame626","熊乃新悟卡由"
"kawana_(spicaboy)","辣味男孩"
"kawaniwa","kokoko_(aimai_co)，可可子_(aimai_co)"
"kawaoka_sachio","川冈_筑之小梅"
"kawara_hajime","起始轨道"
"kawarajima_kou","幻灵海，川岛湖，湖川岛，川岛湖，普拉蒂宁（艾洛斯）"
"kawaraya_a-ta","川原谷"
"kawashina_(momen_silicon)","卡哈西娜"
"kawasumi_(japonica)","日本种"
"kawauchi_(kaz7ry)","和成_(卡兹亚尔)"
"kaxukin","嘿，赞德"
"kay_faraday","一城美云"
"kay_yu","卡伊尼机械风格"
"kay-i","埃琳娜·伊夫柳什金娜"
"kaya_(ayase_kaya)","kaya_(tyhk7874)，卡雅_(tyhk7874)"
"kaya_(blue_archive)","白奈流·卡亚"
"kaya_(princess_connect!)","奇道卡亚"
"kayari_buta","香取肉球"
"kayaya_(kiryuushi)","卡雅_(就是这样哦)"
"kaye_(blushyspicy)","kaye_(blushypixy)，凯伊（blushypixy）"
"kayneth_el-melloi_archibald","凯内斯·阿奇博尔德·埃尔·梅洛伊"
"kayoko_(blue_archive)","鬼形卡耶子"
"kayoko_(new_year)_(blue_archive)","鬼形卡耶子（新年版）"
"kayou_(kayou-bi)","kayou_（艺术家）"
"kayupon","凯尤亚，努_（提拉西诺乌拉6），周本"
"kayuu_(hikentai0112)","hikentai0112，kayuu_（网名）"
"kazabana_fuuka","风花风华，风花绚烂"
"kazabuki_poni","波尼"
"kazagumo_(kancolle)","风云龙_(舰姬Collection)"
"kazakami_yuu","志村香"
"kazakoshi_nonta","风间昂人"
"kazama_iroha_(new_year)","风间伊罗哈（第二套服装）"
"kazama_iroha_(street)","风间伊罗哈（第三套服装）"
"kazama_souta","风间_（白曼塔）"
"kazami_(kuroro)","风见1304"
"kazami_ren_(fuushagoya)","日向哭泣19"
"kazami_yuuka","风见由香"
"kazami_yuuka_(pc-98)","风见由香_经典版"
"kazana_(sakuto)","风间坂透"
"kaze_(fire_emblem)","风之佐助_(火焰之纹章IF)"
"kaze_(kaze_kaza)","猫_(Pixiv)"
"kaze_ga_tsuyoku_fuiteiru","随风奔跑"
"kaze_no_tani_no_nausicaa","风之谷的娜乌西卡"
"kaze_tachinu","风起"
"kazenemuri","hakusetu_326，恶作剧主题，编号326"
"kazepana","风花_(斯皮卡)"
"kazeshio","delta_(063k1z5shio)，德尔塔_(063k1z5shio)"
"kazetuki","赤黑朝日，苍空守望，风月029，风月起始，黑焰_（心渊27），米塔博尔科，诺尔伦"
"kazezz","风呼呼声"
"kazo_(kazozakazo)","爆炸声"
"kazufumi_(kaz-newt)","和泉文史_(pixiv95334)"
"kazuha_nanako","nanako_（画师名）"
"kazuharu_kina","kina_(pixiv22419)，奇娜"
"kazuhiro_(tiramisu)","苏芬戈"
"kazuki_(ka3du6ki)","枫树_(卡德基)"
"kazuki_(kazu-king)","和树_(pixiv300776)"
"kazuki_kan","枫树佳奈"
"kazuko_(towa)","ninahakazuko，towa27的艺术作品"
"kazukoto","和琴"
"kazuma_(kazumav)","一真"
"kazuma_(scryed)","和真·托利苏纳"
"kazuma_asogi","轻松和真"
"kazumi_(madoka_magica)","和泉_(和泉魔法)"
"kazumi_yoshiyuki","吉行和树，松本钻孔实验室"
"kazumina","风见川一真"
"kazunokoumaa_(mymyabyss)","和之熊啊，我的深渊"
"kazuo_akasaka","赤坂4005"
"kazuradrop_(fate)","风之滴落"
"kazusa_(blue_archive)","京山和纱"
"kazuya_(kozun)","和气可亲"
"kazuya_hatoko","非常棒"
"kbyd_(idolmaster)","kbyd_（偶像大师灰姑娘女孩）"
"kcalb_(funamusea)","kcalb_（海色天边）"
"kcco_(girls'_frontline)","KCCO_（少女前线）"
"keaton_(fire_emblem)","法兰绒_(火焰之纹章IF)"
"keaworks","卡玛鲁"
"kebabu_01","KBB风格，KBB美学"
"kechin_(oreteki18kin)","变态18岁少女"
"kedama_(touhou)","剑玉"
"kedamono_kangoku-tou","樱花龙"
"keep_out","KEEP-OUT警戒线"
"keffiyeh","头巾"
"kefka_palazzo","cefca_palazzo，切夫卡宫"
"kei_(bekei)","kei_(pixiv14657)，凯伊"
"kei_(blue_archive)","<key>_(蓝色档案)"
"kei_(hasukeii)","初雪酱"
"kei_(keigarou)","kei_(艺术家)，桂狼"
"kei_(keiuu)","可爱，萌趣"
"kei_(robot)_(blue_archive)","<key>机器人，蓝色档案</key>"
"kei_jiei","景色，萌绘，萌蛋"
"kei-chan_(atlas_kei)","阿特拉斯风格"
"kei-chan_(ultimatekeichan)","桂香_(用户_afpk7473)"
"keidai_3","川原之时代"
"keijo!!!!!!!!","赛车比赛"
"keiko_(um7mr1)","kko_(um7mr)，可爱角色，萌系风格"
"keikoku_(kujira)","青风车，青风_青"
"keikyoku_no_machi_wa_doko_e_(project_sekai)","mizu5，荆棘之路通向何方？_（project_sekai）"
"kein_v","面具狼"
"keina_swaya","凯娜·斯瓦娅"
"keiryuu_seo","帕普奇"
"keiseki1","hit你呀"
"keishi_surota","须贺田"
"keishin_academy_school_uniform","京信学院制服"
"keita_(kta0)","英镑兑韩元汇率"
"keita_(tundereyuina)","桐人_傲娇系"
"keizoku_military_uniform","继续高中军服"
"keizoku_school_uniform","继续高中校服"
"keizou","纳撒尼尔·亚当斯"
"kekkai_sensen","血色封锁线战场"
"kelezi","可可拉·凯莱齐，金丝雀·拉库科"
"keli_bang","风泽"
"kellam_(fire_emblem)","卡勒姆_火焰之纹章"
"kemeko_deluxe","肯梅科DX"
"kemololi","猫车"
"kemomimi_oukoku_kokuei_housou","肯莫米米VR频道"
"kemomin_nosuke","西马诺科布"
"kemono_(fukanasumi)","白98857"
"kemonomichi","哈塔阿格！_动物之路"
"kemonomimi_mode","兽耳模式"
"kemuri_jataro","剑村丈太郎"
"ken_to_mahou_to_gakuen_mono","英雄班级，剑与魔法学院，拟人化角色"
"ken-pai_(kenpai_arts)","剑台_亚兹特"
"ken'ichi_(ken1ro_u)","荒岛"
"kendo_itsuka","战斗之拳（我的英雄学院），剑道一发"
"kendy_(revolocities)","眼镜爱好者"
"kengan_ashura","剑风传奇零"
"kenharu","沉魂之赫"
"kenja_no_deshi_wo_nanoru_kenja","她自称是那位智者的弟子"
"kenja_no_mago","智者之孙"
"kenkou_cross","健康黑兔"
"kenkou_zenrakei_suieibu_umishou","雨宫"
"kenran_butou_sai","剑乱舞赛"
"kensei_(v2)","剑气啊啊啊啊啊，剑气啊啊啊啊啊"
"kenshiro","剑心"
"kentairui","剑太郎"
"kenzen_robo_daimidaler","戴米达勒：王子对抗企鹅帝国"
"kep_(ahokep)","呆毛1"
"keqing_(genshin_impact)","姬青，空星（原神）"
"kerberos_(kerbe_)","rkgk_bebe，贝贝"
"kerchief","方头巾"
"kereno","安珀·克雷诺"
"kernel_killer","k.k_（Pixiv版）"
"kerno","kano_(mgnnew12)，神野_(mgnnew12)"
"kero_(cardcaptor_sakura)","可爱风格"
"keroro_gunsou","KEROROGUNSOU，青蛙中士，青蛙中士"
"kesa","袈裟"
"keshi","强制插入"
"ketchup","番茄酱"
"ketopon","战斗风格，战斗氛围"
"ketsumaimo","onkn_sxkn，昂克恩_斯克恩"
"kettle","水壶"
"kevin_herault","基威恩，特兰特卡特"
"kevin_krypton","凯文·四吉"
"kevin_levin","凯文·伊桑·莱文"
"kevin.g.tuck","克罗克罗青蛙"
"kevinlim39","高砂美学"
"kexue","日本科学"
"key","钥匙"
"keyaki_chimaki","秋千爱希"
"keyboard_(computer)","电脑键盘"
"keyboard_(instrument)","键盘乐器"
"keychain","钥匙扣"
"keyhole","锁扣"
"keystone","要石"
"keystone_(costone)","科斯托内"
"kfc","肯塔基炸鸡，KFC（公司）"
"kh_(tanakananataka)","田中奈奈想见你3"
"khaliqa_bell","叶帝王蝶"
"khalitzburg_(user_2274420)","卡利茨堡"
"kheng_(k_heng1223)","肯普斯克"
"khyle.","凯勒里，史古治·麦凯尔"
"ki_(adotadot)","ki_(pixiv185504)，奇异生物"
"ki_(kk-sk-ray)","kk-sk-ray，凯凯斯克射线"
"ki_(mxxxx)","uei_(uei73661268)，UEI系列，编号uei73661268"
"ki-51_(ampullaria)","99枪队"
"kiawe_(pokemon)","卡奇_(宝可梦)"
"kibasen","骑兵战斗_（游戏）"
"kibidango_14-gou","枪索33"
"kibou_no_chikara_~otona_precure_'23~","希望之力：光之美少女全面绽放"
"kichin_yarou","火星蜘蛛"
"kickboard","提水板"
"kicking","踢"
"kida_yuu","吉田由"
"kiddy_grade","儿童级"
"kidmo","金东雅"
"kido_hyde","海德_夜之诞生下篇"
"kido_jo","孩子气，稚气未脱"
"kidou_keisatsu_patlabor","机动警察帕特拉博，帕特拉博"
"kidou_senkan_nadesico","火星后继者纳德西科"
"kidou_senkan_nadesico_-_prince_of_darkness","火星后继者纳德西科——黑暗王子"
"kienan_lafferty","炸香肠"
"kigan'eiji","饥饿营地"
"kigurumi","玩偶装"
"kiichirou","kiichi_(65235736)，吉一"
"kiikanna","田园风"
"kiirokuma","人形角色"
"kiji_(manekinuko-tei)","人偶控天堂"
"kijibato_123-gou","奇兹巴托123冲啊"
"kijikoru","弧色光晕"
"kijima_(amayadori-tei)","天城屋"
"kijima_hyogo","可爱贝儿"
"kikai_(akita_morgue)","秋田县停尸房，星之迷途"
"kiki_(majo_no_takkyuubin)","琪琪"
"kiki_(splatoon)","菊仓_《喷射战士》"
"kiki-yu","冰子_(日代子)"
"kikoka_(mizuumi)","咯咯咯咯咯"
"kikou_senki_dragonar","金属铠甲龙族"
"kikou_souseiki_mospeada","创世攀登者莫斯佩达"
"kikou-kai_galient","战车世界加利恩特"
"kikuchi_michitaka","浅宫琪亚"
"kikuichi_monji","悠然蒂汀"
"kikukawa_yukino","菊川由纪乃"
"kikunojo_(one_piece)","奥基库_海贼王"
"kikunosukemaru","穆埃吉桑"
"kikurage_(dorohedoro)","犹大的耳朵（多罗罗）"
"kikurage_tom.","气急败坏的表情"
"kikuri_yuki","七月千机"
"kikurina","msc_nm，夏目（纳茨梅恩）"
"kikuzuki_(kancolle)","菊月_(舰队Collection)"
"kikyou_(blue_archive)","龙之激昂"
"kildir","由良_（波丘拉拉）"
"kilesha","悲伤的情绪"
"kili_kilio","千奥克斯特"
"kilimanjaro_(girls_und_panzer)","白鸟桐"
"killer_(one_piece)","切腹卡车"
"killerohan","猫王乌鸦"
"killua_zoldyck","奇犽，齐奥尔迪埃克的奇犽"
"kilomo255","桐生"
"kim_(mleth)","kim_(mathias_leth)，金姆（马蒂亚斯·莱思）"
"kim_eb","利莫博克"
"kim_hana","卡努_(卡努_0001)"
"kim_hyung_tae","金泰亨哥哥"
"kim_kaphwan","金卡普万"
"kim_possible","金伯利·安可能的版本"
"kim_possible_(series)","金可能"
"kimagure_orange_road","/韩国人"
"kimahri_ronso","奇玛利"
"kiman","主角角色"
"kimberly_jackson","金伯利_《街头霸王》"
"kimetsu_no_yaiba","恶魔杀手（系列）"
"kimi_(hearty_yuuki)","呜哇哇哇哇"
"kimi_ga_aruji_de_shitsuji_ga_ore_de","他们是我的高贵主人，您是主人而我则是仆人"
"kimi_ga_hoeru_tame_no_uta_o","为哈士奇女孩创作的嚎叫之歌"
"kimi_ga_nozomu_eien","/kgne，kiminozo，心跳震颤，你渴望的永恒"
"kimi_ga_shine","轮到你死了"
"kimi_kiss","奇米亲吻"
"kimi_no_koto_ga_dai_dai_dai_dai_daisuki_na_100-nin_no_kanojo","百人组，那100个真的真的真的非常非常爱你的女朋友"
"kimi_no_na_wa.","你的名字是，君の名は"
"kimi_no_suizou_wo_tabetai","我想吃掉你的胰腺"
"kimi_to_boku_no_saigo_no_senjou_arui_wa_sekai_ga_hajimaru_seisen","我们的最后圣战，还是新世界的崛起"
"kimi_to_kanojo_to_kanojo_no_koi.","从你到她再到她的爱情，你、我与她：一段爱情故事"
"kimi_to_tsuzuru_utakata","你曾陪伴的夏天"
"kimi_wa_houkago_insomnia","失眠者放学后"
"kimishima_ao","木岛纯世"
"kimitachi_wa_dou_ikiru_ka","大家都是如何生活的，男孩与苍鹭"
"kimizuka_aoi","木月葵"
"kimmy77","alfred_cullado，kimmy77的艺术作品"
"kimoi_girls_(meme)","简单模式，羞涩女孩"
"kimono","和服"
"kimono_lift","掀起和服"
"kimono_pull","剥开和服"
"kimono_skirt","和服裙"
"kimopoleis","紫苑花"
"kimura_akiyoshi","卡蒂的夏天"
"kimura_gin","木村金，穆库恩·阴"
"kimura_ryu","木村龙"
"kimura_shigetaka","木村达树"
"kimura_shuuichi","木村千纯"
"kin-iro_mosaic","红莲马赛克，红之马赛克，金莫扎！"
"kinagase_tsumugu","木金砂珠子"
"kinako_(karasu_nomaru)","羽马黑兔"
"kinako_(marubotan)","丸子人"
"kinako_(shiratama_mochi)","白玉茜"
"kinatsu_k","稀有_(用户_vxhu8375)"
"kincora","金文"
"kindaichi_shounen_no_jikenbo","金田一少年事件簿系列"
"kindatsu","库阿鲁_奥卡莫科蒙"
"kindergarten","幼儿园阶段"
"kindergarten_uniform","幼儿园制服"
"kindo","金多_(昆多_艾)"
"kine","杵"
"kine-c","麦克基恩"
"king_(chess)","国王(国际象棋)"
"king_(one-punch_man)","一拳超人王者"
"king_(snk)","拳皇中的国王"
"king_clawthorne","国王_(猫头鹰之屋)"
"king_game","欧萨马游戏"
"king_hassan_(fate)","哈桑王_（命运/冠位指定）"
"king_kazma","和真国王"
"king_of_hearts_(playing_card)","红心国王（纸牌）"
"kingdom_hearts","/kh，《王国之心》手机版"
"kingdom_hearts_358/2_days","358/2天"
"kingdom_hearts_birth_by_sleep","睡眠分娩"
"kingdom_hearts_chain_of_memories","记忆链"
"kingdom_hearts_ii","王国之心2"
"kingdom_hearts_iii","王国之心3"
"kingdom_hearts_x","王国之心奇"
"kingindoh_yumeji","kingindou_yumeji，王仁堂梦路"
"kingjoshua","kingjoshuaart的画作"
"kingprotea_(fate)","王山龙眼树"
"kingyo_(g-fish)","金鱼_22"
"kingyo_chuuihou!","金鱼警告！"
"kinhasu","手部特写"
"kinjero","凯哈万迪亚斯"
"kinjo_kuromomo","金城黑桃，崔雨欣，崔雨欣"
"kink_(tortoiseshell)","特殊癖好"
"kino_ayuri","难度等级"
"kino_no_tabi","基诺的旅程"
"kino-cands","电影糖果"
"kinomiki_nobori","电影馆，电影迷（故事22）"
"kinomtan","kinom_(雕塑天空)"
"kinosaki_yuki","阿奎维特酒"
"kinoshita_kou","a.p._检索器，木野子"
"kinoshita_shizuka","一只眼睛被头发遮住的女孩_(K-On!)_"
"kinsatsu_(grizzled)","危险葡萄汁"
"kinshi_no_ane_(92m)","剑之泪"
"kinta_(kinta_no_mousou)","金太_(pixiv13253890)"
"kinu_(kancolle)","金鱼_(舰姬Collection)"
"kinugasa_(kancolle)","木更纱_(舰姬Collection)"
"kinuko_(kinucakes)","金子子（发冷发烧），玛丽尔·卡特赖特"
"kinutani_soushi","索希"
"kinutani_yutaka","三沙罗里二世"
"kinzoku_bat","金属蝙蝠"
"kipper_goodbreakfast","白山健二"
"kira-kira_kiriko","抗脆弱性，闪闪发光"
"kira!_mankai_smile_(idolmaster)","基拉！_万海微笑"
"kiragi_(fire_emblem)","辉夜_(火焰之纹章IF)"
"kirai_y","桐生由宇"
"kirakira_precure_a_la_mode","闪亮光之美少女，闪耀光之美少女，时尚版闪亮光之美少女，光之美少女时尚风"
"kiran_(female)_(fire_emblem)","基兰_（火焰之纹章）_女性角色"
"kiran_(fire_emblem)","召唤师_(火焰之纹章英雄传)"
"kiran_(male)_(fire_emblem)","基兰_（火焰之纹章）_男性角色"
"kirara_hoshiyama","mametya_kuror18，玛梅蒂亚·库罗尔18"
"kirari_(kira_rin9)","纯别"
"kirby_(series)","星之卡比"
"kirby's_dream_land_3","卡比梦境3"
"kiria021","kiria_ai，奇莉亚AI"
"kirigakure_(iroiro_tsukauyo)","发红啊，请住手，隐藏脸_(用户_yvtj2773)"
"kirigakure_(kirigakure_tantei_jimusho)","文字学"
"kirigaya_toko","桐谷桃子"
"kirigiri_kyoko","切切里·京子"
"kirihara_izumi","原田绮里"
"kirijou_mitsuru","桐生美津郎，桐生美津吕"
"kirika_(peach88)","桐香_(桃色萌泽恩)"
"kirikan_(cokekiri)","桐人"
"kiriko_(araragikoyomi)","无法直视的眼神"
"kirima_syaro","桐岛纱罗"
"kiriman_(souldeep)","灵魂深处"
"kirimmitsu","桐本拓光"
"kirin_r_yato_(arknights)","奇林_夜托_(明日方舟)"
"kirino_(blue_archive)","中塚沙希诺"
"kirisaki_byakko","狐火"
"kirisaki_nuko","桐崎_（桐崎努子411），努子·桐崎"
"kirisaki_shuusei","桐崎_(美久-梓-2525)"
"kirisame_marisa","/km，玛莉莎·奇里萨梅"
"kirisame_marisa_(cosplay)","cos成雾雨魔理沙"
"kirisame_marisa_(pc-98)","雨宫玛莉莎_经典版"
"kirisame_oreo","奥利奥倾盆大雨"
"kirisame_tarou","桐生真太郎"
"kirisawa_saki","滑雪木月"
"kirishima_(kancolle)","雾岛_(舰姬Collection)"
"kirishima_eijiro","雾岛英次郎，红色骚动（我的英雄学院）"
"kirito","桐生一马"
"kiritomo_koroha","桐崎莫可莉，桐崎莫可莉，桐户小阳，莫可莉桐崎"
"kiritzugu","基里茨古阿特"
"kirome_toru_2","好可爱啊"
"kiroshi","由亚琳"
"kiryu_(sora_no_iroto)","零满意度"
"kiryu_coco","龙之可可"
"kiryu_coco_(dragon_onesie)","桐生可可_（第四套服装）"
"kiryu_coco_(dragon)","龙之可可_(龙)"
"kiryu_coco_(loungewear)","桐生可可_（第三套服装）"
"kiryu_coco_(new_year)","桐生可可_（第二套服装）"
"kiryu_kazuma","苍龙和真"
"kiryu_kuro","桐生久留"
"kiryu_kyosuke","卡琳·凯斯勒，龙宫强辅"
"kiryu_tsukasa_(idolmaster)","桐生司（偶像大师）"
"kiryu_yoshiya","约书亚_（这个美好的世界），桐生良也"
"kiryuu_aoko","aoko_(fi-eltz)，桐生葵子"
"kiryuu_soma","索玛里斯"
"kiryuuin_aoi","桐生蓝衣"
"kisa_(leg3043)","三山金"
"kisaki_(blue_archive)","龙牙辉咲"
"kisaki_nana","七海娜娜"
"kisaragi_(kancolle)","辉夜姬_(舰队Collection)"
"kisaragi_alice","爱丽丝_(参上！)"
"kisaragi_gunma","胶质瘤"
"kisaragi_kokoro_(hazuki)","恩米莉亚"
"kisaragi_ryou_(sougetsu-tei)","桔梗屋"
"kisaragi_shokuin","辉夜9a"
"kisaragi_tsurugi","辉夜_(乐高生物奇兵23)"
"kisaragi_yuu_(fallen_sky)","银色月光"
"kisasage_kouta","穆月·三津堂"
"kischur_zelretch_schweinorg","基舒亚·泽莱奇特·施韦因奥格，泽莱奇特"
"kise_saki","琪瑟酱"
"kiseijou_rei","雷伊_权利"
"kiseijuu","寄生生物"
"kisekisaki","Kisaki030p版本"
"kiseru","烟斗"
"kishibe_rohan_wa_ugokanai","古河罗汉如此说道"
"kishida_mel","岸田梅露"
"kishinami_(kancolle)","岸波_(舰姬Collection)"
"kishinami_hakuno_(female)","女性主角_(Fate/Extra)，虚无_(Fate/Extra)"
"kishinami_hakuno_(male)","桐生真名美_(Fate/Extra)，男性主角_(Fate/Extra)"
"kishiro_azuhito","天空与海洋，岸良梓"
"kishishiotani","克里斯汀·索尔陶"
"kishou_seireiki","《自然精灵的报告》"
"kishuku_gakkou_no_juliet","寄宿学校朱丽叶"
"kiso_(kancolle)","木曾_(舰队Collection)"
"kiss","吻|亲吻|接吻"
"kiss_chart","亲吻！亲吻！亲吻！，亲吻表情包排行榜"
"kiss_to_lord_to_darjeeling","亲吻_领主_大吉岭"
"kiss_x_sis","亲吻姐妹"
"kiss-shot_acerola-orion_heart-under-blade","/卡赫，亲吻镜头，阿塞罗拉与奥利昂，刀刃下的心"
"kissing_ass","舔屁股"
"kissing_back","背面接吻"
"kissing_breast","胸部亲吻"
"kissing_cheek","脸颊亲吻，脸颊亲吻，面颊之吻"
"kissing_ear","耳吻"
"kissing_eye","眼唇之吻"
"kissing_foot","脚部亲吻"
"kissing_forehead","额头之吻，吻在额头上"
"kissing_hair","发丝轻触"
"kissing_hand","手吻"
"kissing_head","接吻头部"
"kissing_leg","腿部亲吻"
"kissing_neck","颈部亲吻"
"kissing_nose","接吻鼻子"
"kissing_object","物体接吻"
"kissing_penis","阴茎亲吻"
"kissing_shoulder","肩部亲吻"
"kissing_stomach","亲吻腹部"
"kissing_thigh","大腿亲吻"
"kisui_(28992125)","冰水_(用户wswf3235)"
"kita_(kitairoha)","艾莉丝_(皮克利克)"
"kita_high_school_uniform","县立北高校制服|县立北高校(凉宫春日的忧郁)"
"kita_senri","北千里_（艺术家）"
"kitakami_(kancolle)","北上_(舰姬Collection)"
"kitakoji_hisui","北黑木响"
"kitaku_(nakamachi_machi)","北时间_(ktk_jkn)，中町街"
"kitakubu_katsudou_kiroku","归家俱乐部编年史"
"kitami_erika","艾丽卡_(Beatmania IIDX)"
"kitamura_(bamboo)","竹子_(艺术家)"
"kitano_yukito","樱云斗"
"kitaoji_sakura","北条樱"
"kitaooji_hanabi","北条焰"
"kitaooji_satsuki","北条沙月"
"kitchen","厨房"
"kitchen_hood","排风罩"
"kitchen_scale","厨房秤"
"kitere","星野由宇大人"
"kitiroku","吉广"
"kitk_qun","kitk_(jun)，君"
"kitkaloid","以太清扫"
"kito_(coyo)","kito_(pixiv5248)，吉托_(pixiv5248)"
"kitou_sakeru","北条圣"
"kitsu_(mon-musu_quest!)","狐妖_怪物收集任务！"
"kitsun8","奥瑞文"
"kitsune","妖狐"
"kitsune_udon_(qtsuneudon)","狐乌冬面_（AI生成）"
"kitsune-tsuki_(getter)","获取器"
"kitsune23star","樱桃味牛奶"
"kitsuneko_azarashi","五马尾风格"
"kitten","小猫"
"kitten_(gravity_daze)","kat_（重力冲刺）"
"kittew","达莉亚·莱奥诺娃"
"kiui_(dagk8254)","武道029"
"kiukoma","静贵_(静贵_4)"
"kivo_some_18_(voice_actor)","kivo_some_18，基沃系列之18"
"kiwi_(fruit)","猕猴桃"
"kiyama_satoshi","矿石P_1型沟壑"
"kiyo_(a_sam_ko)","kiyo_（艺术家）"
"kiyohime_(fate)","桐壶_(命运/冠位指定)"
"kiyono_(_kiyotsugu)","木野乃_（铁杉木野乃），清次"
"kiyosato_0928","清里0928"
"kiyose_akame","赤红之瞳_(eckes Sachs)"
"kiyoshi_st","没有售货亭"
"kiyoshimo_(kancolle)","kiyoshimo_（舰队Collection）"
"kiyosumi_kuro","清澄湖"
"kiyosumi_school_uniform","清澄高中校服"
"kiyu_rei","山口（死神之刃）"
"kiyuu","由比惠OGM"
"kiyuzuki_satoko","清塚沙智子"
"kizami_nori_to_yamaimo","小桃的羞涩表情"
"kizu_natsuki","古萨里"
"kizuna_ai_inc.","AI频道"
"kizuna_sora","十一人空"
"kj_(k777)","kj_(艺术家)，kj_(kj2)"
"kjelle_(fire_emblem)","解冻"
"kjera_(ingenious_servant)_(arknights)","kjera_（机智的从者）"
"kkato","清醒少女"
"kkochmeli","千慈子_(小前1211)"
"kl_(dgzonbi)","KL风格"
"klan_klein","克莱因氏族"
"klara_(pokemon)","库拉拉_(宝可梦)"
"klavier_gavin","加留乌·京也"
"klimspree","特拉多尔菲奥"
"klin_(girls'_frontline)","克琳_(少女前线)"
"klink","吉亚鲁"
"kloe_rinz","克洛泽·林茨"
"km_yama","keemu_(occhoko-cho)，km_(艺术家)"
"kmes_niku","名士四郎"
"kmp_(kenma_pro)","肯玛_pro"
"kmvt","卡玛瓦蒂"
"knee_boots","及膝靴"
"knee_pads","护膝"
"knee_up","顶起膝盖"
"kneehighs","及膝袜"
"kneeling","跪着"
"kneeling_girl_(kancolle)","跪地少女_（舰队Collection）"
"kneepit_sex","膝盖凹陷色情内容"
"kneepits","膝窝"
"knees","膝盖"
"knees_on_chest","膝盖蜷到胸前"
"knees_to_chest","膝盖顶到胸部"
"knees_together_feet_apart","双膝并拢双脚分开"
"knees_up","顶起双膝"
"knife","小刀"
"knife_sheath","刀鞘"
"knight","骑士"
"knight_(chess)","骑士(国际象棋)"
"knightfang","骑士之牙变态内容"
"knitting_needle","编织针"
"knot_gag","绳结封口，绳结封住嘴巴"
"knotted_dildo","狗形假阳具"
"knowname","知名艺术家作品"
"ko-yuyuko_(shin'en)","小由由子"
"koa_(koh_a)","晓_(小光)，红加号"
"koasku","科阿弗重绘"
"kobassy","kobasshii_(user_ream3375)，科巴希伊（用户reeam3375）"
"kobato.","小巴托"
"kobayashi_ritz","小林律"
"kobayashi_yoshitaka","小林由子"
"kobayashi_yuuji","小林雄二，永子"
"kobayashi-san_chi_no_maidragon","女龙，小林小姐的龙女仆"
"koby_(one_piece)","科比_海贼王"
"kochiya_hizuki","小家英树"
"kochiya_sanae","小谷纱苗，/ks"
"koda_koji","阿尼玛（我的英雄学院），工藤恭司"
"koda_michiru","工田美智留"
"kodachi_(kuroyuri_shoukougun)","雷电刀"
"kodai_heiki","日向葵学园"
"kodai_susumu","德里克·怀尔德斯塔"
"kodai_yui","规则_(我的英雄学院)"
"kodama_fumika","芙美酱，凯蒂·福雷斯特，凯蒂_（妖怪手表）"
"kodomo_doushi","孩子抱孩子"
"kodomo_no_jikan","小城佳子"
"kodomo_no_omocha","心之眼"
"koe_naki_sakana","无声鱼"
"koe_no_katachi","无声的声音"
"koeda_(k83_4)","k83_4，第4类"
"koeln_(azur_lane)","柯尔恩_(碧蓝航线)"
"koenigsberg_(azur_lane)","柯尼斯堡_(碧蓝航线)"
"kof:_maximum_impact","拳皇最大冲击力"
"koga_(pokemon)","丘伊_(宝可梦)"
"koga_norio","古贺纪夫"
"kogal","小辣妹"
"kogawa_masayoshi","s_河合浩辅"
"kogome_(azalea4)","杜鹃花4，小后部光亮色"
"koh_(minagi_kou)","太字节_(rook777)"
"kohaku_(rune_factory)","安珀_(符文工厂)"
"kohaku_hearts","琥珀之心，红玉之心"
"kohaku_komeiji","红白御影石"
"koharu_(blue_archive)","岛江小春"
"koharu_(swimsuit)_(blue_archive)","志摩江小春（泳装）"
"kohata_(kohatazuke)","机械义体"
"kohinata_yuuma","小日向由马"
"kohsaka_jun","后坂纯"
"koi","锦鲤（鱼）"
"koi_to_senkyo_to_chocolate","喜爱选举与巧克力"
"koi_wa_ameagari_no_you_ni","雨后_（漫画）"
"koi_wa_sekai_seifuku_no_ato_de","世界征服后的爱情"
"koi_wa_sensou_(vocaloid)","恋即是战争，爱即战争，爱即战争_虚拟歌姬版"
"koiarts","锦鲤艺术"
"koiiro_byoutou_(vocaloid)","爱之色彩护盾（VOCALOID）"
"koikatsu_(medium)","可爱少女"
"koikeya_(keroro7)","克洛罗7，小池6773717832"
"koiliblikas","事实真相"
"koimizu","美妙绝伦的水景"
"koin_(foxmark)","狐印，硬币"
"koinobori","鲤鱼飘带，锦鲤飘带"
"koishi_chikasa","雷莱，拉卡之歌"
"koishi_komeiji's_heart-throbbing_adventure","《恋爱喜剧的心跳大冒险》，《恋爱喜剧的心跳不已的冒险》"
"koiso_usu","锦鲤酱汁"
"koisuke","李竹"
"koisuru_(otome)_no_tsukurikata","我觉得我把儿时好友变成了女孩"
"koisuru_otome_to_shugo_no_tate","恋する乙女と修学旅行"
"koizumi_itsuki_(female)","小泉伊津子"
"koizumike","剑正健"
"kojijima","0厘米0立方厘米"
"kojima_(blue_stardust)","小岛隆"
"kojo_(0124)","口爱"
"kojo_anna","小十安奈"
"kokaki_mumose","须磨子_(raviklx50uc2r2d)"
"kokawaamon","天国猫"
"kokekokko_coma","可可科科_逗号"
"kokeshi_(yoi_no_myoujou)","宇留子氏"
"koki_(ryoushikiha)","koki_(pixiv)，可奇_(pixiv)"
"kokihanada","花田苍树"
"koko_(kishibe)","狐鬼"
"kokoa_ninniku","诺拉康"
"kokoda_kouji","科科达·科吉"
"kokomi_(aniesuakkaman)","波子酱"
"kokona_(blue_archive)","砂原可可娜"
"kokone_(coconeeeco)","koko_ne_（用户fpm6842）"
"kokonex","星光水晶"
"kokonoe_misui","美水_(三子水)"
"kokoro_connect","心灵相连"
"kokoro_ga_sakebitagatterunda.","可可萨凯，心灵之歌"
"kokoro_magic_""a_to_z""","心灵魔法，从A到Z"
"kokoro_navi","心之导航"
"kokoro_no_koibito","katoume25988904，keine_(心灵伴侣)，心灵伴侣，上白石萌妻"
"kokoro_toshokan","心之图书馆，心灵图书馆，心灵书店"
"kokosando","麒麟"
"kokowoch","克苏鲁，耶尼恩"
"koku","错误"
"kokubo","国宝_七色绘羽"
"kokuchou_no_psychedelica","黑蝴蝶迷幻风格"
"kokudou_juunigou","路线12"
"kokurikozaka_kara","来自罂粟花山之上"
"kokuriu","红龙之眼"
"kokuzou","可可祖"
"koma_(qqq111)","koma_（艺术家）"
"komachi_narota","鸣人小町"
"komachinofu","科马蒂诺胡"
"komagoma","熊熊燃烧的火焰"
"komajirou","小真次郎"
"komakoma_(magicaltale)","百合白，百合黑"
"komame_(st_beans)","st_beans_lal，豆子角色拉尔"
"komano_aunn","小真野昂"
"komaru_(himouto!_umaru-chan)","小马鲁"
"komasan","小马小姐"
"komatsuzaki_rui","贡吉吉"
"kome_cola","织部铁托库"
"komeko_meko_(mecolate)","姬希"
"komeshiro_kasu","热爱祖国，恢复健康"
"kometa_(kome_17)","kome_17，小梅17"
"komi_(komiking)","加载中_(vkjim0610)"
"komi_shin'ya","志乃小美"
"komi-san_wa_komyushou_desu","小美无法交流"
"komiya_kuniharu","可莫_困倦"
"komiya_shuu","狐之夕颜"
"komiyam_a","小山_(用户_ycnc3474)"
"komo_da","科莫达岛"
"komo_wan110","诺姆拉诺姆，诺姆拉诺姆"
"komorebi_ni_yureru_tamashii_no_koe","穿过树隙传来的珠子之声"
"komori_(littleforest946)","疯狂可乐拉"
"komori_kinoko","谢马奇_(我的英雄学院)"
"komota_(kanyou_shoujo)","道久！"
"komugiko_(bitte_komu)","ss_komu，小熊角色"
"komuginyan","狐耳 Mugi Nyan，通心粉710"
"komugirakko","小熊咕咕"
"kon_(inakon)","红狐_(稻荷红红恋色章)。"
"kon-kit","红发少女"
"konagi_(konotuki)","心之音"
"konami-kun","《游侠》（游戏王！）"
"konayuki_fururi","小雪，古里古里，由泽原庄，卷发布"
"konbu_wakame","昆布酱频道"
"konbuni","光辉之女"
"konchiki","山田英树"
"kondou_(dioptrie)","屈光度"
"kondou_isao","近藤昭雄"
"kondou_totetsu","生物机械人"
"konekoneko_(pixiv_21272648)","konekoneko_（印度尼西亚）"
"kongou_(kancolle)","红钢_(舰姬Collection)"
"konjiki_no_gash!!","梦幻妖怪镇，魔法少女小圆"
"konjiki_no_yami","金色黑暗"
"konmori_(kinbou_sokai)","金榜社团"
"konngara_(touhou)","孔加拉"
"konno_(genshiken)","近野近"
"konnyaku_(food)","魔芋（食物），凉粉"
"kono_(xerondan321)","这个那个东西"
"kono_bijutsubu_niwa_mondai_ga_aru!","这个艺术俱乐部出问题了！"
"kono_dio_da_(meme)","这个迪奥真厉害"
"kono_matsuri_ni_yuuyami_iro_mo_(project_sekai)","在这个节日里沐浴在暮光中_（project_sekai），在这个节日里笼罩着暮色_（project_sekai）"
"kono_miyako","国野都雅子"
"kono_naka_ni_hitori_imouto_ga_iru!","这里有个独生妹妹，/中二病，中二病"
"kono_sekai_no_katasumi_ni","在这个世界的角落里"
"kono_subarashii_sekai_ni_bakuen_wo!","刀剑神域：在这个美好的世界发生的爆炸！"
"kono_subarashii_sekai_ni_shukufuku_wo!","刀剑神域，刀剑神域：这个美好的世界有神的祝福！，在这个美好的世界里献上祝福！"
"kono_subarashii_sekai_ni_shukufuku_wo!:_kurenai_densetsu","刀剑神域：这美好的世界有神的祝福！深红之传说"
"kono_yo_no_hate_de_koi_wo_utau_shoujo_yu-no","幽诺：在世间尽头吟唱爱之歌的女孩"
"kono_yuusha_ga_ore_tueee_kuse_ni_shinchou_sugiru","谨慎的英雄"
"konoe_a._mercury","小野江爱水银，九号（爆炎蓝）"
"konoe_ototsugu","小枫真可爱"
"konoe_yuba","雨巴_木叶"
"konogi_nogi","野杉_(萨萨萨萨_奥里奥里)"
"konoha_(arcana_heart)","木叶_奥秘"
"konoha217","谢谢三键友"
"konohagakure_symbol","木叶村标志"
"konohana_saku","奇巴纳二人组"
"konomi_(kino_konomi)","小乃美_(诺可)"
"konoquro","quabara_9，夸巴拉_9"
"konoshige_(ryuun)","ryuun_(风格)，ryuun_归来"
"konpaku_youmu","/ky，奇异生物"
"konpaku_youmu_(ghost)","美浓"
"konpeitou","昆佩托"
"konpeto","拉拉君"
"konsune_(tengerium)","罗莉美子，雅虎"
"konya_karasue","科尼亚黑水高中"
"koohee","四叶草"
"kooji_(macoji)","蘑菇"
"kookie","第30轮战斗"
"koomoi","心之喜悦"
"koori_zokusei_danshi_to_cool_na_douryou_joshi","冰人先生与他冷艳的女同事"
"kooriais","冰_(冰)，冰_(冰)"
"kooribata","刨冰旗帜"
"koorimizu","库丽螃蟹"
"kopam","小鸭子"
"kopeolgi","威士忌红色"
"koppan","黑发_2倍"
"koppe_koppe","koppen_(user_hhtc7485)，科彭分类法"
"kopperion","koppe_(sbbtpp64)，科佩_(sbbtpp64)"
"kor_meteor","星之陨石"
"kora_(xenoblade)","扎库罗_异度之刃"
"kord_(girls'_frontline)","科德_(少女前线)"
"kore_(kore)","埃尔尼多科莱斯"
"kore_ga_watashi_no_goshujin-sama","他是我的主人，赫姆"
"kore_wa_zombie_desu_ka?","这是僵尸吗，这是僵尸吗？，这是僵尸吗，这是僵尸吗？，这是僵尸吧，这是僵尸。"
"korean_clothes","韩服"
"korean_fire_noodles","三阳布尔达克"
"korean_text","韩文"
"koremata_shikari","终极佐水"
"koromoya","黑雾会"
"koroneri","koro_（艺术家）"
"korrina_(pokemon)","可丽娜（宝可梦），可丽娜（宝可梦），柯露妮（宝可梦）"
"kosaka_honoka","后坂桃香"
"kosaka_honoka's_mother","古坂桃子的母亲"
"kosaka_yukiho","桑坂由纪穗"
"koseki_bijou_(new_year)","琥珀宝石_（第二套服装）"
"koshikun","无锡"
"koshirae_tsurugi_(m.m)","小鹤剑"
"kosho_academy_school_uniform","高等学院校服"
"kosuda","tktktktknoko，疯狂搞笑，荒诞无厘头"
"kosuke_(bb)","京子辅介"
"kotama_(blue_archive)","音濑琴音"
"kotamaru_(pajama_soft)","小玉丸酱"
"kotatsu","被炉"
"kotatsu_(kotatsu3)","电暖桌_艺术家"
"kotatsu-mazoku","电暖桌群像3"
"kotatu_(akaki01aoki00)","赤木青树"
"kote","小手"
"kotera_(koterabyte)","相机屋"
"koto_(kyousougiga)","琴_(强气型)"
"koto_(shiberia39)","kotokoto_8556，科托科托_8556"
"koto_inari","稻荷神_(弗兰多尔-猩红恶魔)"
"koto_tsubane","图巴内"
"koto-channel","琴音频道"
"kotobuki_(medetai)","我在说话"
"kotobuki_(stealth_sendan)","歌呗0r"
"kotobuki_hajime","鬼头刀"
"kotobuki_haruki","凉香成人版"
"kotobuki_nashiko","奈绪子_(七草子)"
"kotobuki_shiro","歌呗（艺术家）"
"kotohime_(touhou)","琴姬"
"kotomine_(a1569)","卡库9瑞"
"kotomuke_fuurin","志岛小姐"
"kotori_(blue_archive)","琴里托美"
"kotori_(cheer_squad)_(blue_archive)","小鸟游_（啦啦队）_（蓝色档案），琴美小鸟游_（啦啦队）"
"kotori_(takanashi_kiara)","上校核仁_高梨基亚拉"
"kotori_trinity","coco_(556ch0cl8)，可可_(556ch0cl8)"
"kotoribako","美月寿司"
"kotoyoro","新年问候"
"kotoyoshi_yumisuke","由美辅琴吉"
"kou_(haijindeath)","kou_(pixiv27343)，口部，像素风27343"
"kou_(tamagosan1001)","蛋包桑1001"
"kou_hiyoyo","口胡哟哟"
"koucha_indian","汤姆利亚特"
"koucha_shinshi","茶之绅士"
"koufuku_graffiti","美食女孩涂鸦风格"
"koufukutei_yumeko","真由美·由美子"
"kouga_(inuyasha)","狂气"
"kouga_yun","尤恩"
"kougami_shin'ya","古神真也"
"kouhai-chan_(douki-chan)","douki-chan的竞争对手（yomu_(sgt_epper)），kouhai-chan的竞争对手（yomu_(sgt_epper)），办公室女职员的竞争对手（yomu_(sgt_epper)）"
"kouhai-chan_(tawawa)","后辈酱_(冰室奇迹)"
"koukaku_no_regios","铬壳区域结构，铬壳区域结构"
"koukyou_suru_machi_no_katasumi_de_(project_sekai)","在回响之镇的角落（Project Sekai），在这座歌唱之城（Project Sekai）"
"koumajou_densetsu","狂魔城传说，东方幻想曲"
"koumajou_densetsu_1","熊野座传说1"
"koumajou_densetsu_2","熊野座传说2"
"koumei_(twinameless)","无双名设定"
"kouno_(masao)","正男，少年之歌"
"kouno_hikaru","光乃光"
"kouri_(ibubobubo)","库里鸟，库里子，库里_（库里鸟）"
"kourindou_tengu_costume","香霖堂天狗装束"
"kourou_(kouroukun)","丹桑宁龙水"
"kouryou_academy_school_uniform","光辉学院制服"
"kouryuu_densetsu_villgust","装甲龙传说维鲁古斯特，黑龙传说维鲁古斯特"
"kousi_sirazawa","白泽"
"koutari_yuu","尤乌_（黑岩射手），尤乌_（BRS）"
"koutaro","库太郎_(pixiv160924)，二色樱"
"koutetsu_jeeg","钢铁吉格"
"koutetsu_jeeg_(mecha)","钢之吉格（机甲）"
"koutetsu_tenshi_kurumi","钢之天使库鲁米"
"koutetsujou_no_kabaneri","铁血堡垒，铁血堡垒的卡巴内利"
"kouya_(kyk428)","卡鲁哈_(空忧男孩组)"
"kouyouen_academy_school_uniform","光辉学院校服"
"kouzuki_(majc8345)","月之绮音"
"kouzuki_(reshika213)","工塚_（reshika213）"
"kouzuki_(shangorilla)","上古猩猩"
"kouzuki_anna","小月安娜"
"kouzuki_hiyori","小村樱_海贼王"
"kouzuki_kallen","卡伦，卡伦·施塔特费尔德，桑岛香莲"
"kouzuki_momonosuke","莫莫诺斯克_(海贼王)"
"kouzuki_nana","桂奈奈"
"kouzuki_tsubasa_(musou_kaidou)","边月翼"
"kowai_(iamkowai)","我是胆小鬼_（艺术家）"
"kowarekake_no_orgel","崩坏的奥尔戈尔"
"koya_(0okoya)","月光小屋"
"koyama_(gantz0409jp)","er_（艺术家）"
"koyama_harutarou","科法次郎"
"koyama_keisuke","小谷庆辅"
"koyama_rikako","hima_(ab_gata)，希玛_(阿布加塔)"
"koyama_risu","理须子山"
"koyanskaya_(fate)","科扬斯卡娅，玉藻前（《命运》系列中的刺客）"
"koyashaka","小矢坂59"
"koyaya","索拉诺"
"koyomania","凯伦·勒·曹"
"koyorin","发条尸体"
"koyoshi_yoko","初穗_(proper5)，幸一洋子"
"koyubi_(littlefinger1988)","小指头1988"
"koyubi_maru","雪月由纪"
"koyuki_(blue_archive)","黑崎小雪"
"koyuki_(bunny)_(blue_archive)","黑崎小雪（兔子版）"
"koyuki_(kotatsu358)","电暖桌_(kotatsu358)"
"kozaki_yuusuke","小崎雄介"
"kozakura_marry","小樱玛丽"
"kozomezuki","可佐美缀"
"kozou_(rifa)","优化"
"kozou_kazaru","雷蒙德·布须岛"
"kozuka_yasushi","小塚康史"
"kozure_ookami","独狼与幼崽"
"krab_(fumekrab)","《消逝的光芒》相关"
"krabbytheartist","克拉比_(艺术家)"
"krabking","用户_vzkx5785"
"krampus_(housamo)","克朗普斯_（东京放课后的召唤师们）"
"kredorf","sho_(pvt_shoumei)，肖_（私人展示）"
"krekkov","krekk0v，克雷科夫"
"krenz","库沙特"
"kresnik_(housamo)","克雷斯尼克_（东京放课后的召唤师）"
"krile_mayer_baldesion_(ff5)","克里尔·梅耶尔·巴尔德西翁"
"kris_(female)_(fire_emblem)","克莉丝_(火焰之纹章)_(女性)"
"kris_(fire_emblem)","chris_（火焰之纹章：新蒙召之谜），kris_（火焰之纹章：新蒙召之谜），my_unit_（FE12），my_unit_（火焰之纹章：新蒙召之谜）"
"kris_(male)_(fire_emblem)","克里斯_(火焰之纹章)_(男性)"
"kris_(pokemon)","水晶_(宝可梦)"
"krista_lenz","克里斯塔·伦茨，希斯托莉亚·赖斯"
"kristen_(arknights)","柯尔斯汀_(《明日方舟》)"
"kristoph_gavin","加里乌·基里希托"
"kromer_(project_moon)","克罗默_利姆布斯公司"
"krono_tokage","黑野托卡格"
"krs_(karasu)","乌鸦_(k_r_s)"
"krul_tepes","库鲁鲁·特佩斯"
"krumbs_(dailykrumbs)","每日碎屑"
"kryztar","水晶冰"
"ksg_(girls'_frontline)","KSG_（少女前线）"
"kson_(swimsuit)","kson_(第三套服装)"
"ksvk_(girls'_frontline)","ksvk_（少女前线）"
"kt._(kaisou-notagui)","鹿原俊"
"ktokei_(kurokku-tokei)","黑刻时计"
"ktovhinao","kthovhinao_virmi，维尔米"
"ku_roiko","白子8"
"ku-ini","女王，女君主"
"ku!?_(ku_k_u)","提卡拉·图基塔"
"kubo_tite","久保泰人"
"kubo_tite_(style)","久保泰人（风格）"
"kubo-san_wa_mob_wo_yurusanai","久保不让我说话"
"kubota_keita","kta_（川崎卷卷）"
"kubota_rin","久保田_(少女与战车)"
"kubyou_azami","一色亚纱，久保由美"
"kuchibiru_(lipblue)","苍蓝色头发，蓝色嘴唇"
"kuchiki_touko","朽木托可"
"kudo_eru","工藤_（sikisiki0000）"
"kudo_shinobu","草堂忍"
"kudou_shin'ichi","工藤新一"
"kufei","酷飞"
"kuga_huna","芙娜_结局"
"kugara4423","罗库_（罗库苏波）"
"kugimiya_atsuki","雪花石膏风格（艺术家）"
"kuguri_oimo","奥伊莫"
"kuiqiu_kq","夜兔兽人恋"
"kujaku_mai","玛伊·瓦伦丁"
"kuji-in","手印，忍者手势"
"kujibiki_unbalance","考验"
"kujikimi","绘马_(doragon7445)"
"kujira_lorant","鲸鱼鲁兰"
"kujo_holy","九条霍莉"
"kujo_jolyne","草薙乔莉妮，九条乔莉妮"
"kujo_josefumi","九条诚"
"kujo_jotaro","久世丈太郎"
"kujou_ichiso","警视仁"
"kujou_kiyo","kiyo_(nbs199)，清子"
"kujou_mikuru","九条美玖露"
"kujou_non","九条非人"
"kujou_sara","九条纱罗（原神）"
"kujou_tenn","七濑天"
"kuka_(princess_connect!)","库卡_（公主连线！），托米·库卡"
"kukeiha_(squarewave29)","巨型机器人"
"kuki_tan","久木酱"
"kukua_(mosushi)","黑玛_(atapi)"
"kukuri_(mahoujin_guruguru)","哭哭脸"
"kulojawa","库洛贾瓦"
"kuma_(crimsonvanilla)","熊_(熊子)"
"kuma_(kancolle)","熊_(舰姬Collection)"
"kuma_(persona_4)","熊_(女神异闻录4)，泰迪_(女神异闻录4)"
"kuma_(pripara)","熊_(揉捏玩偶)"
"kuma_4go","天使系女孩"
"kuma_jet","熊 Jet_(11956)"
"kuma_no_bansoukou","由比乃禁止控"
"kuma_yuu","日笠阳子Y4风格"
"kumacchi","熊之国度"
"kumada_kazushi","熊田三士"
"kumai_(kumaisekuro)","黑发库玛塞，小薇_(xxx29042536)"
"kumai_natsu","夏子_(熊美子)"
"kumamiko","熊娘，熊娘：女孩与熊的相遇"
"kumano_(kancolle)","熊野_(舰队Collection)"
"kumano_iroha","白衣角色"
"kumanori_(ouga_0505)","欧嘉_0505"
"kumanosita","可爱感"
"kumao_mofumofu","花乃_(熊田闪光！)"
"kumaoka_pon","忍者色调面板"
"kumaori_jun","jun_(ayafuya)，纯爱风格，可爱角色，柔和色调"
"kumasyan1998","好痛啊"
"kumatangent","快乐树友会皮卡皮卡，寻落中的白鹤警查"
"kumauwo","美林_(1815815)"
"kumbhira_(granblue_fantasy)","库维拉_(碧蓝幻想)"
"kumbomb_(voice_actor)","昆邦布"
"kumichou_(kumichoubox)","老板_(艺术家)"
"kumiko_shiba","阿莱隆，久美子_(阿莱隆)"
"kumita_(sumica)","澄香_(世界)"
"kumo_desu_ga_nani_ka?","所以我是个蜘蛛又怎样？"
"kumo_no_mukou_yakusoku_no_basho","云层之外，云层之外的约定之地，我们早年许下的承诺之地，我们早年许下的那个地方"
"kumo_sheep","心脏_(z603458jj6)"
"kumoi_sora","特夫索拉"
"kumonji_aruto","阿尔特里亚9"
"kun_(user_ahgn2825)","嗯嗯嗯嗯嗯嗯"
"kunai","苦无"
"kunashiri_(etorofu)","春同人"
"kunashiri_(kancolle)","国后岛_(舰队Collection)"
"kunimaki","国卷卷_(szxo7vln2nssgce)"
"kunimitsu_(9nimi2)","国光"
"kunimoto_ori","国誉"
"kuninotokotachi_(aether_gazer)","小玉_(以太凝视者)"
"kunitarou-art","国太郎的艺术作品"
"kunkun","君君"
"kuno_(kc9s)","古诺"
"kuno_(runkunochan)","国漫风"
"kuno_touya","久野托亚"
"kunoichi_kazuhito_(kuno_kazu)","跳跃护理"
"kunoichi_tsubaki_no_mune_no_uchi","忍者椿的心脏地带"
"kunou_tatewaki","久野立波"
"kunugi_miyaco","司久托格雷_（国木美耶子）"
"kuomintang","中华民国（1949年以前）"
"kuon_(utawarerumono)","空音_歌姬传说"
"kuon_kimi","狂犬病"
"kuonji_ukyou","狂犬病恶梦"
"kuouzumiaiginsusutakeizumonokamimeichoujin_mika","米卡_度假帽"
"kuppipi_ramutarou","久崎"
"kupuru_(hirumamiyuu)","平间_（平间美由），库普鲁"
"kuragehime","水母公主"
"kurai_nao","jyohatsu_（pixiv2331060），黑井久利"
"kurakura_s3","27小时版菊子"
"kurami_(kohaku.)","红白，红与白"
"kuramochi_meruto_(school_uniform)","仓持梅露托（第二套服装）"
"kuran_(mkmrl)","久远"
"kurasaki_moroko","蓝色21"
"kurasawa_moko","雪女"
"kurashima_tomoyasu","仓岛武康"
"kure_(beniya)","kure_(pixiv28887)，久蕾"
"kureha_goya","安达恩特78"
"kureiji_ollie_(indonesian_dress)","久礼司_奥利跳_(第二套服装)"
"kureiji_ollie_(mafia_princess)","久礼枝_奥利跳_(第三套服装)"
"kureiji_ollie_(new_year)","久礼井_奥利跳_(第四套服装)"
"kurenai_no_buta","红猪"
"kurenaiz_(kuayrenaiz)","库雷奈兹1"
"kurenaiz_(kureniz)","久仁奈兹"
"kureneko","用户_gzde8744"
"kuresu_(alice-pma)","红叶本妮_(Pixiv)"
"kureta_(nikogori)","二子玉川马蒂亚杜克"
"kurinton","欧姆鸡"
"kuririn","克林"
"kurkoboltsi","维生素C_螺旋交叉图案"
"kuro_(be_ok)","微甜感"
"kuro_(blackpgmickey)","鬼之修罗"
"kuro_(rudyan0128)","黑哈迪"
"kuro_(toi_et_moi)","kuro293939_（树莓）"
"kuro_ai","黑暗爱情"
"kuro_kosyou","黑色英雄"
"kuro_kurenai","K9黑，九尾黑"
"kuro_no_kiseki_i","黑之奇迹，破晓之路"
"kuro_oolong","黑鸦_乌鸦"
"kuro_shiraga","半人像67"
"kuroba_(f-15c_eagle)","黑场_(pixiv112373)"
"kuroba_kaito","黑羽怪盗"
"kuroba.k","三叶草_k"
"kuroda_bb","BB桑"
"kuroda_kazuya","黑田和也"
"kuroe_(madoka_magica)","黑江_魔法纪录"
"kuroe_(sugarberry)","黑江_(221698)"
"kuroeda_(elf-san_wa_yaserarenai.)","黑江小姐"
"kurofude_anna","黑发安娜斯塔西娅"
"kurogane_(blackxsilver)","黑钢_艺术家"
"kurogane_gin","黑银3"
"kurogane_naoto_(churushiko)","黑铁直人"
"kurogane_no_linebarrel","黑钢制枪管，铁制枪管"
"kuroge_(kewagyuu)","奔跑着奔跑着"
"kurohiko","黑漆器"
"kurohitsuji_(akiyamasheep)","秋山_（耶何纳坦）"
"kuroi_ani","黑发美少女"
"kuroi_k-ta","发红"
"kuroi_mato","可久井真斗"
"kuroi_mimei","橘树希，诺德林根的丽美"
"kuroida","黑田竹"
"kuroinu_juu","黑狗_(123456zzz)"
"kurokami","黑之神明"
"kurokawa_(kurokashi655)","阿西德"
"kurokawa_eren","黑川艾伦"
"kuroki_natsu","夏目_(360度视角)"
"kuroko_no_basuke","黑子的篮球，黑子的棒球"
"kurokunry","黑骏马"
"kurokurokuro","黑黑黑"
"kuromajo-san_ga_tooru!!","黑魔女小姐来了！！"
"kuromaruart","黑丸_(用户_vfjz3842)"
"kuromitu_(kageneko)","黑蜜纪奈子"
"kuromiya_raika_(kuromiya)","黑宫莱卡"
"kuromiya_sakana","黑宫"
"kuromori_yako","腐乳"
"kuromorimine_military_uniform","黑森峰女子学园军服"
"kuromorimine_school_uniform","黑森峰女子学园校服"
"kuromu_(96-94)","黑漆_(krm_94xxx)"
"kuromu_shado","影黑"
"kurona_reole","黑兔_（foxykuro）"
"kurone_rinka","喵呜叫"
"kuroneko_(fragrant_olive)","黑猫与B"
"kuroneko_(kuroi-neko)","黑色猫咪"
"kurono_kurumu","仓野久留美"
"kurono_mitsuki","黑月_nn"
"kurono_suzuran","铃兰_(水派)"
"kuronuko_neero","黑猫，黑猫咪"
"kuroo_(project_apricot)","黑发男子"
"kuropan_(crow_panther)","黑郎_(niconicorin)"
"kurosabi_neko","《明日方舟》抽卡器"
"kurosaki_kousuke","科斯克_krsk"
"kurosaki_ruri","露露·黑曜石"
"kurosaki_shun_(yu-gi-oh!)","shay_obsidian，谢伊·黑曜石"
"kurosawa_kazuto","天城一悟"
"kurosawa_kiyotaka","清志隆"
"kurose_kousuke","d=code，欧苏西坦"
"kuroshio_(kancolle)","黑潮_(舰队Collection)"
"kuroshiro_gurei","黑白灰色调"
"kuroshitsuji","黑色管家"
"kurosu_gatari","AC版布苏帕"
"kurosu_tsugutoshi","滨松宗明"
"kurosuke_(sk_tsu96)","黑漆_(2193253)"
"kurotofu","腐鸭"
"kurou_(quadruple_zero)","塔玛兰"
"kurousagi_(mondaiji)","黑兔_(问题儿童都来自异世界吗？)"
"kurousagi_yuu","黑兔"
"kuroussa","用户_vmaz2455"
"kuroyukihime","黑雪姬"
"kurozawa_yui","黑泽_(hjkl42332)，黑泽瑞_（hjkl42332）"
"kurozu_(crozu)","仁子香蕉"
"kurozu_piroo","krs_(kqrqsi)，克尔斯_(克奎尔西)"
"kurozumi_tama","奥塔玛_海贼王，塔玛_海贼王"
"kurubushi_no_katamari","多只脚踝，多只脚踝002"
"kurumi_(princess_connect!)","栗林曲美"
"kurumi_nari","奈里_霍洛狂热"
"kururi_(oekaki_nikki)","库鲁丽_(pixiv2432322)"
"kurusu_tatsuya","庞兹骗局"
"kuruton_(krtn_gameac)","krtn游戏相关，user_hnwn7574账号"
"kuryuu_megumi","九龙惠"
"kusaka_maichi","泽村勇太"
"kusakihara_toshiyuki","草壁俊之"
"kusami_toka_naku_au","六人组"
"kusanagi_kyou","草薙京"
"kusano_(torisukerabasu)","虎之抚摸"
"kusari_no_shoujo_(vocaloid)","链之少女_（VOCALOID）"
"kusarigama","链状镰刀"
"kusazuri","腹当|草摺"
"kuse_(0201)","湿透的胸部"
"kushidama_minaka","悲哀之情"
"kuso_atsui_(meme)","超他妈性感的（模因）"
"kusugi_tai","tai0201，泰库苏吉"
"kusujinn","幼稚风格"
"kusumori_shiba","柴犬_（pixiv210244）"
"kusunoki_kaho","枫子_渡边桃子"
"kusunoki_mebuki_wa_yuusha_de_aru","草薙梅吹是个英雄"
"kusunoki_muu","草薙穆"
"kusunoki_rikka","栗子莉卡"
"kusuriuri_(mononoke)","卖药人_物怪"
"kusuriya_no_hitorigoto","药剂师日记"
"kutori_pan'ya","每分钟流量"
"kuuhaku_no_canvas_ni_egaku_watashi_wa_(project_sekai)","在这张空白画布上我绘画_（项目世界）"
"kuuhaku_to_catharsis","空虚与宣泄"
"kuune_rin","空音凛"
"kuuneru_(ojigi)","埃索科"
"kuuro_kuro","绿色墨水"
"kuuya_amrulineulka","久远_（歌之恋），久远_（歌之恋）"
"kuwahara_taiki","雪国服饰"
"kuwashima_rein","桑岛丽音"
"kuyoumi","苦优姆尔"
"kuzakura_mika_(kuromiya)","草仓美香"
"kuzan_(aokiji)","青雉_(海贼王)"
"kuze_kaname","丸山-JP"
"kuze_masachika","久世正亲"
"kuzu_no_honkai","渣滓的愿望"
"kuzugitsune_(inarikami)","可爱角色"
"kuzukazura","忧郁童话"
"kuzuneko","hazuki_ruu的猫咪"
"kuzuryu_fuyuhiko","九头龙冬彦"
"kuzuryu_natsumi","久留琉夏海"
"kuzuryuu_amane","九头龙天音"
"kuzuryuu_momoko","九头龙桃子"
"kwz_ini","川津_（pixiv22469761）"
"kyaku_tasu","强力攻击"
"kyara36","京良_(tsukushi0306)"
"kyatto_ninden_teyandee","武士披萨猫"
"kyel_hyde","杰克_（凯流海道）"
"kymhotii","钱基翁"
"kyo_(krokikyon)","京恩京恩京"
"kyo_zip","京优zip"
"kyochuu_rettou","巨型昆虫之岛"
"kyogoku_shin","极国新篇"
"kyoka_(halloween)_(princess_connect!)","京香_万圣节_公主连结！"
"kyoka_(princess_connect!)","冰川京香，京香_（公主连结！）"
"kyokou_suiri","镜像/幻影"
"kyokugen_dasshutsu","零转义"
"kyokugen_dasshutsu_adv:_zennin_shibou_desu","美德的最后奖赏，零逃脱：美德的最后奖赏"
"kyokugen_dasshutsu:_9_jikan_9_nin_9_no_tobira","999，极限突破：九小时九人九扇门，九小时九人九扇门"
"kyokutou_hentai_samurai","东方异色武士，变态风格"
"kyon's_sister","京子的妹妹"
"kyonshii_imouto_(onmyoji)","跳跳美眉"
"kyotyan","kyotyan_(mdawn)，京田酱_(晨曦)"
"kyou_(fr39)","kyou_(user_gpks5753)，凉子"
"kyou_(hibikit)","京优"
"kyou_(iuciferic)","京优_宁音"
"kyou_kara_maou!","来自你的恶魔"
"kyou_wa_kanojo_ga_inai_kara","我女朋友今天不在家"
"kyouda_suzuka","铃鹿萨里奥"
"kyouji_kasshu","京治卡修"
"kyoukai_no_kanata","超越界限"
"kyoukai_senki","处于临界状态的阿迈姆战士"
"kyoukaisenjou_no_horizon","荒芜之地的地平线，边界上的地平线，荒芜之地的地平线，荒芜之地上方的地平线，/ksnh，境界之境的地平线，境界之境的地平线，境界之境的地平线"
"kyouna","noinoi5551，西宫小紫"
"kyouno_aki","京野秋，里邦祖奈茨"
"kyouno_komatsu","色欲之神"
"kyouno_natsumi","夏美_(Date A Live)"
"kyouraku_shunsui","治愈蓝天"
"kyousa38","京宇莎"
"kyoushirou_to_towa_no_sora","破碎的天使"
"kyoushoku_soukou_guyver","盖亚弗，生物强化装甲盖亚弗，盖亚弗，强化型生物装甲盖亚弗，强化型生物装甲盖亚弗"
"kyousougiga","巨大化"
"kyousuke_nanbu","南部京辅"
"kyouyama_(kuromon)","黑门"
"kyu-bum_lee","素描2"
"kyubey","九尾，九尾兽"
"kyuri_(suika)","莫科马鲁"
"kyuri_tizu","百合向_(405966795)"
"kyuu_(plastic_night_q)","塑料之夜_Q，毒液机器人"
"kyuubi","九尾|九尾狐"
"kyuubi_(youkai_watch)","九尾_妖怪手表"
"kyuudou","弓道"
"kyuuketsuki_sugu_shinu","吸血鬼不会轻易死去"
"kyuukyoku_shinka_shita_full_dive_rpg_ga_genjitsu_yori_mo_kusoge_dattara","深度沉浸体验"
"kyuumoto_kuku","久远哭哭，mk278"
"kyuuso_inukami","咬狗"
"kzhu","上司，k_suke_（微博）"
"kzm_(sub-moa_works)","战争武士"
"l.k","萝莉控"
"l'antica_(idolmaster)","古罗马风格"
"l'avenir_academy_school_uniform","未来学院制服"
"l'opiniatre_(beachside_magician)_(azur_lane)","固执的人_(魔法之夏)_(碧蓝航线)"
"l85","恩菲尔德SA-80步枪"
"la_brava","相羽真波美"
"la_pucelle","拉普塞尔，圣女战术"
"la+_darknesss","拉普拉斯黑暗版"
"la+_darknesss_(casual)","拉_黑暗_(第三套服装)"
"la+_darknesss_(new_year)","拉_黑暗_(第二套服装)"
"lab_coat","白大褂"
"labcoat","白大褂"
"labia","阴唇"
"labia_clamps","阴唇夹具，阴道夹具，多款阴道夹具"
"labia_piercing","穿刺阴唇"
"lace","蕾丝"
"lace_bra","蕾丝胸罩"
"lace_panties","蕾丝内裤"
"lace_trim","蕾丝镶边"
"lace-trimmed_bra","蕾丝边胸罩"
"lace-trimmed_dress","蕾丝边连衣裙"
"lace-trimmed_gloves","蕾丝边手套"
"lace-trimmed_hairband","蕾丝边发带"
"lace-trimmed_legwear","蕾丝边裤袜"
"lace-trimmed_panties","蕾丝边内裤"
"lace-trimmed_shirt","蕾丝边衬衫"
"lace-trimmed_skirt","蕾丝边短裙"
"lace-trimmed_sleeves","蕾丝边袖子"
"lace-up_boots","系带靴"
"lace-up_heels","带系带的高跟鞋"
"laceysx","瑟雷克斯"
"laco_soregashi","拉科色气，拉子色气"
"lacrima_the_crimson_tears","猩红悲伤之泪"
"lacryboy","黑色素瘤"
"lactating_into_container","将乳汁倒入瓶中，将乳汁倒入碗中，将乳汁倒入杯中"
"lactation","母乳|搾乳|喷乳"
"lactation_through_clothes","隔着衣服泌乳"
"lacus_clyne","湖泊"
"ladder","梯子"
"ladfa","粉丝同人创作"
"ladies_versus_butlers!","女仆对战男管家，女性与男管家，女性×男管家！"
"ladiva","法斯蒂瓦"
"ladle","长柄勺"
"lady_avalon_(fate)","梅林_(命运/原型)_(泳装伪装者)"
"lady_avalon_(second_ascension)_(fate)","梅林_(命运/原型)_（泳装伪装者）_（第二次升华）"
"lady_fantasma","幻影女士，塞尔达女王"
"lady_nagant","筑见凯娜"
"lady_shin","心之新1"
"ladybug","瓢虫"
"lae'zel","莱泽尔_（博德之门）"
"laegjarn_(fire_emblem)","莱格雅恩_（火焰之纹章英雄传）"
"laetitia_(project_moon)","莱蒂西亚_脑白质切除公司"
"laevatein","禁忌“莱瓦汀”"
"laevatein_(fire_emblem)","左翼之厅_(火焰纹章英雄传)"
"laevatein_(nanoha)","黎凡特风格"
"laevatein_(touhou)","左眼"
"laffey_(bunny_idol_@unmotivated)_(azur_lane)","拉菲_(半心半意的兔子偶像)_(碧蓝航线)"
"laffey_(sleep_to_clean_another_day)_(azur_lane)","拉菲_（清洁开始与结束）_（碧蓝航线）"
"laffey_(snow_rabbit_and_candy_apple)_(azur_lane)","拉菲_(雪兔与糖苹果)_(碧蓝航线)"
"laffey_(white_rabbit_welcomes_the_spring)_(azur_lane)","拉菲_(新年兔子)_(_碧蓝航线_)"
"lagtrain_(vocaloid)","训练延迟_（VOCALOID）"
"lahmu_(fate)","拉赫穆"
"lahz52","香姑无言"
"lai_dou_laile_555","最古老的由香里"
"laina_(show_by_rock!!)","莉娜_(show_by_rock!!)，蕾娜_(show_by_rock!!)"
"laios_touden","拉伊奥斯·索登"
"lajiren247","八刃0219"
"lake","湖"
"lakshmibai_(fate)","拉克希米拜_（命运/冠位指定）"
"lal!role","拉莉莉-勒"
"lal'c_mellk_mal","嬉戏，玩乐"
"lala_(yamada_goroku)","拉拉·月下，哦啦啦"
"lalaco_godspeed","拉拉科_（宇宙巡逻队露露可）"
"laliberte","自由_(pixiv31571530)"
"lam_(ramdayo)","拉姆_(拉姆拉博)"
"lamb_(hitsujiniku)","拉穆_(taka1995)"
"lamia","蛇娘"
"lamia_(pgr)","拉米亚_（惩罚模式：灰鸦）"
"lamia_(voice_actor)","卡莉埃斯瓦"
"laminar_flow","拉米娜·芙露，歌姬"
"lamp","灯"
"lamp_p9","灯盏花-P9"
"lamppost","路灯"
"lamretta","红发少女"
"lan_hikari_(mega_man)","光净"
"lana_(hyrule_warriors)","拉娜_（塞尔达战纪）"
"lana_(pokemon)","水箭龟_(宝可梦)"
"lana_branford_(cosmikaizer)","拉娜·布兰福德"
"lana_no8","艾欧法斯"
"lana's_mother_(pokemon)","水伊伦的母亲（宝可梦）"
"lance","(古骑兵的)长矛|长枪"
"lance_of_longinus_(evangelion)","长枪利努斯之枪"
"landscape","景观"
"landship","陆地战舰"
"lanlanlap","shippu_(d0gc25t3s4zorzz) 的同人创作"
"lantern","灯笼"
"lanyard","挂绳"
"lao_ren_xing","劳伦星"
"lao_xi","大叶秋（fgar5322），飞秋大叶"
"laovaan","老斯穆特"
"lap_pillow","膝枕"
"lapels","翻领"
"lappland_(refined_horrormare)_(arknights)","拉普兰_(优雅预兆)_(《明日方舟》)"
"laptop","笔记本电脑"
"laqeramaline_(arknights)","洛戈斯之母（《明日方舟》），拉玛莱（《明日方舟》）"
"larcei_(fire_emblem)","lakche_（火焰之纹章）"
"large_areolae","大乳晕"
"large_bow","大蝴蝶结"
"large_breasts","巨乳"
"large_ears","大耳朵"
"large_hat","大帽子"
"large_insertion","巨根插入"
"large_penis","大阴茎"
"large_syringe","巨型注射器"
"large_tail","大尾巴"
"large_wings","大翅膀"
"larger_bmx","猎人装束"
"larry_butz","间宫真司"
"lars_rorschach","落霞，罗夏·罗斯柴尔德"
"larum_(fire_emblem)","拉鲁姆"
"larva","幼虫"
"larva_tiamat_(fate)","提亚马特幼虫"
"lasagne","千层面"
"laser","激光"
"laslow_(fire_emblem)","拉兹沃德_（火焰之纹章IF）"
"lass_(pokemon)","无名女孩_（宝可梦SWSH）"
"last_exile:_gin'yoku_no_fam","最后流放：家族，银翼，最后流放：家族与银翼，最后流放：黄金之族"
"last_order_(toaru_majutsu_no_index)","最后订单"
"lat_model_(mikumikudance)","VOCALOID_拉丁音型版本"
"latale","心跳幻想拉塔莱"
"latex","胶衣"
"latex_gloves","乳胶手套"
"latin_cross","拉丁式十字架"
"latin_text","拉丁风"
"latte_(shizuku03)","静寂之03"
"latte_art","咖啡艺术"
"latte_art_(medium)","咖啡艺术_中幅"
"lattice","中国风窗口"
"latvia_(hetalia)","雷维斯·加兰特"
"laudayon","若叶祭"
"laughing","在笑的"
"laughing_man_(gits)","大笑的男子，(攻壳机动队)大笑的男子"
"laundry","洗衣店"
"laura_la_mer","劳拉_光之美少女"
"laurel_crown","桂冠"
"lauren_phillips_lifting_alice_merchesi_(meme)","劳伦·菲利普斯，举起爱丽丝·梅尔凯西"
"lava","岩浆，熔融岩石"
"lava_bath","熔岩浴"
"laventon_(pokemon)","拉文_(宝可梦)"
"lavinia_whateley_(fate)","拉维妮亚·惠特利_（命运/冠位指定）"
"laxia_von_roswell","laxia_(ys)，懒人版"
"layer_(layer_illust)","艺术家分层效果"
"layer_(mega_man)","洛克人层级"
"layer_cake","多层蛋糕"
"layered_bikini","分层比基尼"
"layered_clothes","多层服饰"
"layered_clothing","分层服装"
"layered_dress","分层连衣裙"
"layered_kimono","多层和服"
"layered_shirt","分层衬衫"
"layered_skirt","分层的半裙"
"layered_sleeves","分层的衣袖"
"layeyes","莱伊·利奥·伯吉斯二世"
"layla_(mino)","奴隶娘_(米诺)"
"layla_(suptomat)","莱拉_（莱-拉），南宫混蛋大人"
"lazy_ant","h_earth，虫族幼体_(cdror1004)"
"lc_butter","巴塔尤"
"ldfe_mk2","永恒之物"
"le_(huanglongen)","HLE版本"
"le_malin_(mercredi_at_the_secret_base)_(azur_lane)","勒·马林_（周三的撤退）_（碧蓝航线）"
"le_malin_(sleepy_sunday)_(azur_lane)","勒·马林（骑士的真面目）（碧蓝航线）"
"le_petit_prince","小王子，小王子"
"le_temeraire_(summery_temeraire!)_(azur_lane)","勒·特梅拉尔_（夏日风格特米）_（碧蓝航线）"
"le_zhang_zhang","瑞蕾张"
"leadale_no_daichi_nite","在莱德尔之地"
"leaf","叶子"
"leaf_background","/leafbg，叶子背景"
"leaf_bikini","树叶比基尼"
"leaf_censor","遮羞叶_习语，胯间叶片，乳头上的叶片"
"leaf_hair_ornament","叶子发饰"
"leaf_hat_ornament","帽子叶子"
"leaf_nun_(diva)","灰色刘海修女（歌后）"
"leaf_on_head","头上的叶子"
"leaf_print","叶子印花"
"leaf_umbrella","叶伞|当伞用的叶子"
"leafa_(sao)","莉法，莱法"
"leah_(pokemon)","莉亚_宝可梦"
"leaning","倚靠|身体倾斜"
"leaning_back","身体往后靠"
"leaning_forward","身体前倾"
"leaning_on_object","靠在物体上"
"leaning_on_person","依靠在他人身上"
"leaning_to_the_side","向一侧倾斜身体"
"leaphere","大和叶兽"
"lear_(pokemon)","说谎者_宝可梦"
"leash","皮带"
"leather","皮革"
"leather_boots","皮靴"
"leather_gloves","皮手套"
"leather_jacket","皮夹克"
"leavv","重新翻页"
"leblanc_(league_of_legends)","艾米莉亚·勒布朗"
"lecca_aisu","劣化冰面"
"lecia_(granblue_fantasy)","莉希娅_(碧蓝幻想)"
"lee_(colt)","lee_(pixiv16488)，李（pixiv16488）"
"lee_(pgr)","李_（惩罚模式：灰鸦）"
"lee_jianliang","李建阳，李建良"
"lee-enfield_(girls'_frontline)","李·恩菲尔德_(少女前线)，李·恩菲尔德_(少女前线)"
"lee:_entropy_(pgr)","李：_熵_（惩罚：_灰鸦_）"
"lee:_hyperreal_(pgr)","李：超写实风格（惩罚主题：灰鸦）"
"lee:_palefire_(pgr)","李：苍白之火（惩罚：灰鸦）"
"leech","吸血虫"
"leekspin_(meme)","洛伊图马"
"leena_(chrono_cross)","蕾娜_时之交错"
"leeshin0919","卷子_(pixiv9288678)"
"leesuyeon","黄油鱿鱼"
"left_4_dead","《左4死》"
"left-handed","左撇子"
"left-to-right_manga","从左往右读的漫画"
"leg_belt","腿部系着带子"
"leg_between_thighs","腿顶在大腿之间"
"leg_cutout","裤袜有开口"
"leg_garter","腿环|袜带"
"leg_grab","抓着腿"
"leg_hair","腿毛"
"leg_lift","单腿抬高"
"leg_lock","用双腿夹住"
"leg_ribbon","腿部丝带"
"leg_tattoo","腿部纹身"
"leg_up","抬起腿"
"leg_warmers","腿套|暖腿袜"
"leg_wrap","腿部绑带"
"legband","腿部绑带"
"legendary_pokemon","传说宝可梦"
"legenders_(idolmaster)","字幕"
"legendsnjk","传说级，超棒"
"leggings","紧身裤"
"legoshi","雷戈西"
"legs","双腿"
"legs_apart","两腿分开"
"legs_folded","大腿小腿折起来"
"legs_over_head","双腿抬过头"
"legs_together","双腿并拢"
"legs_up","双腿抬起"
"legwear_garter","袜套吊带，过膝吊带"
"legwear_under_shorts","短裤穿在裤袜外面"
"lei_fang","莱坊"
"leia_rolando","蕾亚·罗兰德"
"leif_(fire_emblem)","叶_(火焰之纹章)"
"leilan_(p&d)","莱兰_(P&D)"
"leina_(queen's_blade)","蕾娜"
"leiq","雷雷式现高扎"
"leirix","leirix_(leirixart)，莱里克斯（莱里克斯艺术）"
"lelie_(lelie_link)","莉莉莲链接"
"lelouch_vi_britannia","雷欧路奇，红发雷欧路奇"
"lemijiang","颜薇粉丝"
"lemon","柠檬"
"lemon_pan","柠檬派2，柠檬派666"
"lemon_slice","柠檬片"
"lemon89h","杨HM"
"lemonasty","lemonasty_060，柠檬修道院_060"
"len_(a-7)","lena_(zoal)，蕾娜_(佐尔)"
"len_(hand_linke)","悠君_（左手）"
"lena_(azur_lane)","小海伦娜_（碧蓝航线）"
"lena_dai","lenadai艺术作品"
"lene_(fire_emblem)","leen_(火之纹章)"
"lengkuass","莲库酱，莲库屁股"
"lenna_charlotte_tycoon","夏洛特女王商人角色"
"lenora_(pokemon)","芦荟_(宝可梦)"
"lens_flare","镜头光晕"
"lenxiao","冷笑"
"leo_(fire_emblem_fates)","利奥_火焰之纹章"
"leo_(seashore's_prince)_(fire_emblem)","利奥_（夏日）_（火焰之纹章）"
"leo_kliesen","埃莉奥诺尔·克利森"
"leo...","利奥杰鲁斯"
"leoandaslan_(leobongnana)","leo_(leobanana11)，利奥（利奥香蕉11）"
"leofoxart","莱昂纳多·里贝罗"
"leomodesto","兔腿"
"leon_(pokemon)","丹帝_(宝可梦)，利昂_(宝可梦SWSH)"
"leon_s._kennedy","莱昂·S·肯尼迪"
"leonardo_16sei","雷欧纳鲁多16世"
"leonardo_da_vinci_(fate)","莱昂纳多·达·芬奇（命运/冠位指定）"
"leone_abbacchio","莱昂内·阿巴基奥"
"leonidas_(fate)","莱奥尼达斯_(命运/冠位指定)"
"leopard_(sorakake)","豹子_（让天空哭泣的女孩）"
"leopard_2","豹2型坦克"
"leopard_print","豹纹"
"leopard_tail","豹尾"
"leoparde_(mahou_shoujo_ni_akogarete)","豹子_（在魔法少女中迷失方向）"
"leorio_paladiknight","雷欧利奥"
"leotard","紧身连身衣裤|芭蕾服"
"leotard_aside","把连衣裤裆部剥到一边"
"leotard_pull","剥开连衣裤"
"leotard_under_clothes","内层穿着连衣裤"
"leprechaun_(last_origin)","T-3小妖精"
"lerio_(leriodraws)","ava_(ava31)，艾娃_ava31版本"
"lesbeanlatte","蓝晶石质"
"lessone","少于一个"
"letitmelo","像素浆液"
"leto_(arknights)","莱塔_(《明日方舟》)"
"letter","信"
"letterboxed","宽银幕格式"
"letterman_jacket","棒球服"
"levi_(shingeki_no_kyojin)","竞争对手"
"levi_the_slasher","列维·罗素，物质-L"
"leviathan_(hikinito0902)","日向二斗"
"leviathan_(the_seven_deadly_sins)","嫉妒_七宗罪"
"lewdamone","波科达蒙多"
"lewdrawings","路易斯·罗索"
"lewdrover","熊人旅行者"
"lewis_(girls'_frontline)","刘易斯_(少女前线)"
"lewyn_(fire_emblem)","莱文_火焰之纹章"
"leysritt_(fate)","骑马场景"
"li_(qys3)","李白梦"
"li_sakura","铃森_521"
"li_syaoran","李小狼"
"li'l_judd_(splatoon)","科贾吉君_(喷射战士)"
"li0n_(kongshushiwo)","蕾妮芬"
"lian_(pokemon)","奇奇乌_(宝可梦)"
"liang_cun_rakuna","空洞小队"
"liang_xing","良星"
"liangchanxingmingrixiang","超级明日香"
"lianna_(fire_emblem)","莲_(火焰之纹章)"
"lianne_pflug","卢恩普弗鲁格"
"libeccio_(kancolle)","利贝乔_(舰姬Collection)"
"libra_(fire_emblem)","里维埃拉_火焰之纹章"
"libra_douko","天秤座多霍科"
"librarian_(project_moon)","图书馆员_(废墟之馆)"
"library","图书馆"
"libus","奔跑动作"
"lic_(licloud28)","里库_(licloud28)"
"lichiko","世允"
"licking","舔"
"licking_another's_cheek","舔脸颊，舔嘴的动作，舔脸颊的行为"
"licking_another's_face","舔脸，舔嘴的动作，舔面部"
"licking_another's_neck","舔脖子"
"licking_arm","舔手臂"
"licking_armpit","舔腋窝"
"licking_blade","舔刀刃，舔刀具"
"licking_breast","舔乳房，吮吸乳房"
"licking_cum","舔精液，吸食精液"
"licking_dildo","舔假阳具，吮吸假阳具"
"licking_ear","舔耳朵，抚耳行为"
"licking_eye","令人赏心悦目的眼睛"
"licking_finger","令人垂涎欲滴，舔手指"
"licking_foot","舔脚，脚部舔舐"
"licking_hand","舔手"
"licking_horn","舔角"
"licking_leg","舔腿，舔脚行为"
"licking_lips","舔嘴唇"
"licking_navel","舔肚脐"
"licking_nipple","舔乳头，吮吸乳头，舔舐乳头"
"licking_panties","舔内裤"
"licking_paw","舔爪子"
"licking_penis","舔阴茎"
"licking_tears","舔眼泪"
"licking_testicle","舔球，舔足球，舔睾丸，舔阴囊"
"licking_thigh","舔大腿"
"lidelle_(puyopuyo)","骑手_(泡泡龙)"
"lieqi_hun","热情的龙辉"
"liesearia_(nanoha)","莉泽·艾瑞亚"
"lieselotte_(nanoha)","莉泽·洛特"
"lieutenant_columbo","科伦波_侦探"
"lieza_(arc_the_lad)","莉莎"
"life_vest","救生衣"
"lifebuoy","救生圈"
"lifeguard_cassidy","救生员麦克雷"
"lifted_by_another","被对方掀起衣物"
"lifted_by_self","掀起自己的衣物"
"lifted_by_tail","尾翼升起"
"lifting_another's_clothes","被他人举起"
"lifting_covers","掀开毯子"
"lifting_own_clothes","自我提升"
"lifting_person","将人抱起"
"lifting_vehicle","升降车"
"light","光"
"light_(lightpicture33)","轻量图片33，右侧_（右侧图片）"
"light_areolae","有光泽的乳晕"
"light_blue_eyes","浅蓝色的眼睛"
"light_blue_hair","浅蓝色头发"
"light_blush","淡淡的腮红"
"light_brown_eyes","浅棕色眼睛"
"light_brown_hair","茶色头发"
"light_bulb","灯泡"
"light_censor","圣光"
"light_cruiser_princess","轻型巡洋舰姬"
"light_green_hair","浅绿色头发"
"light_particles","光粒子"
"light_rays","光照"
"light_smile","浅笑"
"light_trail","光线移动的轨迹"
"lighter","打火机"
"lighthouse","灯塔"
"lightning","闪电"
"lightning_bolt_symbol","电波系，闪电符号，闪电，多道闪电"
"lightning_crotch_(meme)","闪电裆部"
"lightning_farron","闪电_(FF13)，闪电_(FFXIII)"
"lightning_glare","眼神交流，电光般的眼神对视"
"lightningstrikes","lstrikesart艺术风格"
"lightsaber","光剑"
"like_mother_like_daughter","ttog_dalm-eun_ttal，达尔姆恩的TTOG版本"
"liko_(pokemon)","里子_(宝可梦)"
"lila_(xenoblade)","桐人_(异度神剑2)"
"lilac_(k32420276)","拉拉尔克"
"lilac_(p-f_easy)","p-f_lilac，紫丁香色"
"lilele_(granblue_fantasy)","莉露露"
"lili_(tekken)","埃米莉·德·罗什福尔"
"lilim_(shingeki_no_bahamut)","莉莉姆·蒂亚"
"lilimon","莉莉蒙"
"lilin_(pixiv_25958194)","飞翔的国度"
"lilina_(blush_of_youth)_(fire_emblem)","莉莉娜_(情人节)_(火焰之纹章)"
"lilina_(fire_emblem)","莉莉娜"
"liliruca_arde","莉莉露卡_埃德"
"lilish","lili_(艺术家)"
"lilith_(darkstalkers)","莉莉丝·安斯兰德，莉莉丝（吸血鬼）"
"lilith_(fire_emblem)","莉莉丝_(火焰之纹章IF)"
"lilithmon","莱拉蒙"
"lilium443","莉莉姆"
"liliyfox","liliyfox_(1342611535)，莉莉狐"
"lillian_girls'_academy_school_uniform","莉莲女孩学院制服"
"lillithlauda","莉莉丝·劳达"
"lily_(flower)","百合花"
"lily_(princess_connect!)","莉莉_(公主连线！)"
"lily_hawk","莉莉_《街头霸王》"
"lily_of_the_valley","铃兰"
"lily_pad","睡莲"
"lilynette_gingerbuck","莉莉内特，莉莉内特·金杰巴克"
"lim_jaejin","373lim，极限场景"
"lima_(princess_connect!)","里玛_（公主连结！）"
"lime-iro_senkitan","雷姆乌伊罗·战技团"
"liminarity","A0级"
"limited_palette","有限色盘作画"
"lin_(arknights)","林雨希亚（《明日方舟》）"
"lin_(sen_to_chihiro_no_kamikakushi)","凛_（千与千寻的神隐）"
"lin_lee_koo","lynlee_kuu，琳莉库"
"lina_davis","莉娜_(她的英雄)"
"lindaroze","阿丽娜·佩戈娃"
"linde_(fire_emblem)","琳达_(火焰之纹章)"
"linde_(summer_rays)_(fire_emblem)","琳德_夏日_火焰之纹章"
"lindwurm_(last_origin)","P-29_林德沃姆"
"lindy_harlaown","林迪·哈劳恩，林迪·哈拉乌恩"
"linear_hatching","线条阴影效果"
"lineart","素线画"
"lineflo","汉字，日文文字"
"lineup","一排人"
"linfa_(futari_midara)","linfa_lm，林法LM模型"
"ling_(chaaaaanhikari)","茶花光"
"ling_s","足部动作，改造_aknt"
"ling_zhiyun","小豆豆一山"
"linger_ftc","穆叶俊"
"lingerie","女式内衣"
"linghuizi","金鱼游泳"
"lingshalan","拉内莉丝"
"link!_like!_love_live!","恋与声优！羽之空学园偶像俱乐部，恋与声优！羽之空学园偶像俱乐部"
"linked_piercing","相连的穿刺饰品"
"linker","路易斯·帕拉达"
"linmiu_(smilemiku)","兽耳_LMIC"
"linne_(under_night_in-birth)","莉妮"
"lino_(lilyparty07)","柳之华夫饼"
"lino_chang","0910波波"
"linzere","狨猴_(sy1755)"
"lion","狮子"
"lion_ears","狮子耳朵"
"lion_tail","狮子尾巴"
"lioreo","ryo_(pix_gallerio)，凉( pix_gallerio )"
"lip_biting","咬嘴唇"
"lip_piercing","唇钉"
"lips","嘴唇"
"lipstick","口红|唇膏"
"lipstick_mark","口红印"
"lipstick_tube","口红管"
"liptan","唇部晒黑效果"
"liquid","液体"
"liquid_hair","液态头发"
"liquid_metal_slime_(dq)","羽黑金属"
"liquid-in-glass_thermometer","水银温度计"
"liremi","liremi_art，莉蕾米的艺术作品"
"lirica","花之合唱"
"lisa_(faeuna)","丽莎_(mochi070823)"
"lisa_(genshin_impact)","丽莎·明西"
"lisa_(ponyo)","莉萨_小马宝莉"
"lisa_eostre","里萨·埃奥斯托勒"
"lisa_hamilton","丽莎_(死亡)"
"lisbeth_(sao)","莉丝贝特"
"lisia_(pokemon)","露西娅_(宝可梦)"
"lissa_(fire_emblem)","liz_(火之纹章)"
"lissa_(pure_joy)_(fire_emblem)","莉萨_（冬季）_（火焰之纹章）"
"lit_silium","莉丝莉莲"
"lita_(kmnz)","mc_lita，莉塔角色"
"litchi_hikari_club","荔枝轻色系俱乐部"
"lithia_spodumene","里切亚·斯波杜内"
"lithos_(pgr)","lithos_（惩罚模式：灰鸦）"
"lithuania_(hetalia)","托里斯·劳里纳伊蒂斯"
"litter_(vehicle)","轿子"
"little_bel_(azur_lane)","贝尔坎_(碧蓝航线)"
"little_blue_whale_(kancolle)","小蓝鲸_(舰姬Collection)"
"little_boy_admiral_(kancolle)","小男孩海军上将（舰姬Collection），少年海军上将（舰姬Collection）"
"little_busters!","小爆弹组"
"little_girl_admiral_(kancolle)","少女海军上将（舰姬Collection）"
"little_mare","小米娅"
"little_mermaid_(nikke)","塞壬_(妮姬)"
"little_nuns_(diva)","小修女_（歌后）"
"little_prinz_eugen_(azur_lane)","尤金酱_(碧蓝航线)"
"little_sister_(navigavi)","小妹妹_(seojh1029)"
"little123blood","下雪"
"littlebunniboo","littledollyboo1，莉特多莉布1"
"littorio_(kancolle)","利托里奥_(舰姬Collection)"
"liu_liaoliao","丸子_le"
"liv_(pgr)","liv_（惩罚模式：灰鸦）"
"liv:_eclipse_(pgr)","liv:_日食_（惩罚模式：灰鸦）"
"liv:_luminance_(pgr)","亮度：_亮度_（惩罚：_灰鸦_）"
"liv:_lux_(pgr)","liv:_lux_，惩罚模式：灰鸦"
"live_for_venus_(idolmaster)","为金星而活"
"live_tucker_reaction_(meme)","直播主题反应_（迷因）"
"liver_city","绘里美哭项目"
"livestream","直播，Twitch直播"
"living_clothes","活体衣服"
"lixiang_guo_alice","艾丽森笔记-qwq"
"liz_to_aoi_tori","莉兹与蓝鸟"
"liza_(pokemon)","小火龙（宝可梦）"
"lizard","蜥蜴"
"lizard_tail","蜥蜴尾巴"
"lizchief","莉兹奇eee"
"lizta","理津多"
"lk149","泰硕.十情"
"llami_0","拉米绘图"
"lloyd_(mother)","洛伊德"
"lm_(legoman)","乐高人偶，LMS速写"
"lm7_(op-center)","操作中心"
"load_bearing_vest","承重背心"
"loading_(verjuice)","青汁"
"loafers","乐福鞋"
"lobco_(funamusea)","lobco_(wadanohara)，洛布科_瓦达诺原"
"lobo_(fate)","洛博_(命运/冠位指定)"
"loboke","洛博肯斯FW"
"loch_ness_monster","尼斯湖水怪_神秘生物"
"lock","锁"
"locke_cole","锁住科尔"
"locked_arms","互挽手臂"
"locker","储物柜"
"locker_room","更衣室"
"loen","洛恩·拉佩"
"lofi_girl_(youtube)","lofi_hip_hop_radio_-_适合放松/学习的节拍"
"loftcat","loftcatfm，阁楼猫FM"
"log","枯树干"
"log-mi_(tonpuu)","log-mi_(同人)"
"logi_bunbukucha","桥岛_（hashima-dr），一之濑777，下加茂浩志"
"logo","标志"
"loincloth","遮裆布"
"loish","洛伊丝·范·巴尔勒"
"loki_(fire_emblem)","洛基_(火焰之纹章英雄传)"
"loki_(regulus_1111)","罗基_(雷古鲁斯_1111)"
"lokulo_no_mawashimono","六花的大冒险"
"lokulo-chan_(lokulo_no_mawashimono)","洛库洛酱，罗库罗酱"
"loli","萝莉控，兽娘"
"loli_bushi","萝莉巫师"
"lolibaba","苍白萝莉"
"loliconder","战斗场面"
"lolikaku","志乃保子"
"lolinnez.","莉莉丝"
"lolita_fashion","洛丽塔时装"
"lolita_hairband","洛丽塔发带"
"lollipop","棒棒糖"
"lomocya","romocha_(hosachi3784)，罗莫查_(hosachi3784)"
"lon'qu_(fire_emblem)","龙虎"
"londom_(lonhomewell)","伦敦"
"london_inu","圆形独处场景"
"lonely_girl_ni_sakaraenai","我无法拒绝孤独女孩的请求，我舍不得对那个孤独的女孩说“No”"
"long_braid","长辫子"
"long_coat","长外套"
"long_dress","长连衣裙"
"long_earlobes","耳垂，拉长的耳垂"
"long_fingernails","长指甲"
"long_hair","长发"
"long_hoodie","连帽卫衣裙"
"long_island_(long_island_-_indoor_slacker)_(azur_lane)","长岛_（无可乐无生机）_（碧蓝航线）"
"long_legs","长腿"
"long_pointy_ears","尖尖的长耳朵"
"long_ponytail","长马尾"
"long_shirt","T恤连衣裙"
"long_skirt","长裙"
"long_sleeves","长袖"
"long_toenails","长脚趾甲"
"long_tongue","长舌头"
"long28","肉桂卷18"
"longcat_(meme)","长猫"
"longship","龙船"
"look-alike","撞脸"
"looker_(pokemon)","英俊型_(宝可梦)"
"looking_afar","遥望"
"looking_at_another","看着另一个"
"looking_at_breasts","瞄着乳房"
"looking_at_penis","看着阴茎"
"looking_at_phone","看手机"
"looking_at_viewer","看向阅图者"
"looking_away","移开视线"
"looking_back","回眸"
"looking_down","俯视"
"looking_for_glasses","梅甘娜，梅甘娜"
"looking_inside","透过窗户望去"
"looking_outside","望向窗外"
"looking_over_eyewear","透过眼镜注视，透过太阳镜注视"
"looking_through_own_legs","从腿部间窥视"
"looking_to_the_side","看向侧面"
"looking_up","仰视"
"loose_belt","松散的带子(衣物)"
"loose_necktie","松散的领带"
"loose_shirt","宽松衬衫"
"loose_socks","泡泡袜"
"lord_raptor","扎贝尔·扎罗克"
"lord_tenma_(touhou)","天马大人的形象"
"lordgenome","领主基因组"
"lordknightmon","十字军战士蒙"
"lorelei_(pokemon)","卡娜_(宝可梦)"
"losia","樱桃尺蠖"
"losk","loska_(ss40188868)，洛斯卡"
"lotion","防晒霜|身体乳"
"lotion_bottle","乳液瓶子"
"lotte_jansson","洛特·扬森"
"lotte_no_omocha!","阿斯塔洛特之甜心，阿斯塔洛特之甜心！，洛特之甜心，洛特的玩物，罗特之甜心，罗特之甜心！"
"lotus","莲花"
"loud_cloud","白云漩涡"
"louis_(metaphor:_refantazio)","路易斯·吉亚贝尔恩"
"louis_lloyd-judson","镜头移动"
"louise_(touhou)","路易丝"
"louise_francoise_le_blanc_de_la_valliere","路易丝·弗朗索瓦丝，/LV"
"lounge_chair","躺椅"
"loungewear","休闲服"
"lousun","太泰普"
"love_and_producer","恋人与制作人：进化之爱，爱先生：女王的选择"
"love_ball","爱之球"
"love_hina","洛薇希娜"
"love_lab_(manga)","恋爱实验室，恋爱实验室"
"love_letter","情书"
"love_live!_nijigasaki_high_school_idol_club","完美梦境计划"
"love_live!_superstar!!","hello!!!_爱乐之城!,love_live!_超级明星"
"lovebrush_chronicles","永远经典"
"lovely_labrynth_of_the_silver_castle","银色城堡的迷宫"
"loveyama","R-利耶赫，耶耶"
"low_poly","多边形"
"low_ponytail","低扎马尾"
"low_twintails","低扎双尾"
"low_wings","腰间的翅膀"
"low-tied_long_hair","低扎长发"
"low-tied_sidelocks","低系发带"
"lowell_(project_moon)","洛厄尔_废墟之图书馆"
"lower_body","下半身特写"
"lower_teeth_only","下牙"
"lowleg","低腰款式"
"lowleg_bikini","低腰比基尼"
"lowleg_panties","低腰内裤"
"lowleg_pants","低腰裤子"
"lowlight_kirilenko","海毛"
"lows.","梅洛。"
"loxodon","铁血战士"
"loyo","丹耀_(chung0226)"
"lpchan","贫乳"
"lpip","lp_(hamasa00)，低画质版"
"lrl_(last_origin)","萝莉控"
"lsc5","洛溪城_5"
"lsr","来自LSR，LSR数据库"
"ltlx_7000_(girls'_frontline)","ltlx7000_（少女前线）"
"lu_(pixiv20967832)","艳红路"
"lua_(yu-gi-oh!)","利奥_(游戏王！)"
"lube","润滑油"
"lubusi","无线索"
"luca_(shironeko_project)","卢卡_（白猫计划）"
"luca_(yu-gi-oh!)","露娜_(游戏王！)"
"luca_balsa","囚犯_(身份_V)"
"luca_truelywaath","卢卡·特鲁利沃思"
"lucas_(pokemon)","钻石宝可梦，苍树宝可梦"
"lucas_(who_made_me_a_princess)","卢卡斯_（情感共鸣，令人感动）"
"lucemon_falldown_mode","路西蒙混沌模式"
"luci_(purrlucii)","purrlucii，普尔露西"
"lucia_(chronicles_of_mystara)","露西娅_(龙与地下城)"
"lucia_(pgr)","露西娅_（惩罚模式：灰鸦）"
"lucia:_crimson_abyss_(pgr)","露西娅：深红深渊（惩罚：灰鸦）"
"lucia:_crimson_weave_(pgr)","露西娅：深红织锦（惩罚模式：灰鸦）"
"lucia:_dawn_(pgr)","露西娅：黎明（惩罚：灰鸦）"
"lucia:_lotus_(pgr)","露西娅：莲花（惩罚：灰鸦）"
"lucia:_plume_(eventide_glow)_(pgr)","露西娅：羽翼（暮光），惩罚：灰鸦"
"lucia:_plume_(pgr)","露西娅：羽翼（惩罚：灰鸦）"
"lucia:_pyroath_(pgr)","露西娅：_火之誓约_（惩罚模式：_灰鸦_）"
"lucian_(pokemon)","哥优_(宝可梦)"
"luciana_de_montefio","露西_《无主之地0》"
"lucidsky","梦之境"
"luciela_r._sourcream","lu_(elsword)，艾尔之剑"
"lucifel_(el_shaddai)","路西法_(以勒沙代)"
"lucifer_(the_seven_deadly_sins)","傲慢_(七宗罪)"
"lucifero_(guilty_gear)","路西法"
"lucina_(fire_emblem)","露西娜"
"lucina_(spring_exalt)_(fire_emblem)","露西娜_（春天）_（火焰之纹章）"
"lucio_(overwatch)","卢西奥·科雷亚·多斯·桑托斯"
"lucky_roux","幸运鲁"
"lucky_star","/ls，列表，目录"
"lucoa_(maidragon)","奎扎尔科亚特尔_（美龙）"
"lucretia_(mon-musu_quest!)","哈比女王_（怪物音乐任务！）"
"lucy_(cyberpunk)","露西_（赛博朋克：边缘行者），草壁露西娜"
"lucy_(pokemon)","亚玛米_(宝可梦)"
"lucy_heartfilia","露西_心之恋"
"lucyfer","zanatemx，赞纳特墨西哥"
"ludens_(inonaka_koubou)","久利次郎"
"lueduar","lu_(lueduar)，露_（卢埃杜阿尔）"
"luetzow_(azur_lane)","卢佐夫_(蔚蓝航道)"
"lufi_ays","古米希科"
"luft7star","米莉亚·西莫海哈"
"luggage","行李"
"luigi_di_savoia_duca_degli_abruzzi_(kancolle)","阿布鲁佐_(坎科莱)，阿布鲁佐公爵路易吉·迪·萨沃伊亚_(舰队Collection)"
"luigi_torelli_(kancolle)","路易吉·托雷利（舰姬Collection）"
"luimiart","杰夫·马卡诺利"
"luke_(b10a3123m)","卢克斯基特拉"
"lulu_(bang_bravern)","lulu_（猛击/勇敢/英勇）"
"lulu_(ff10)","露露_最终幻想"
"luma_(mario)","奇科_马里奥，卢玛"
"lumine_(genshin_impact)","女性旅行者_原神，萤_原神，凝_原神"
"luminous_slime","黑色入口，发光黏液"
"lumium","拉米乌姆_（艺术家）"
"luna_(epic_seven)","露娜_(epic7)"
"luna_(gkluna_mas)","runa_(gzma2244)，鲁娜_(gzma2244)"
"luna_(pgr)","露娜_（惩罚模式：灰鸦）"
"luna_chai","月海艺术，月海莉"
"luna_child","月光，月之幼子"
"luna_luna_(queen's_blade)","lunaluna_（女王之刃）"
"luna_nova_school_uniform","鲁纳诺娃魔法学校校服"
"luna_platz_(mega_man)","白银露娜"
"luna:_laurel_(pgr)","露娜：月桂（惩罚：灰鸦）"
"lunaflame","三井jr"
"lunafreya_nox_fleuret","月之狂奔_夜之花剑"
"lunalu_(granblue_fantasy)","露娜鲁_《碧蓝幻想》"
"lunamaria_hawke","月之玛丽亚"
"lunapont","lunapont2，月之桥2"
"lunch_(bad)_(dragon_ball)","《龙珠》糟糕的发射场景"
"lunch_(dragon_ball)","龙珠发射，龙珠午餐"
"lunch_(good)_(dragon_ball)","《龙珠》好感度提升任务"
"lunch_(shin_new)","午餐_(lunch3)"
"lunchbox","午餐盒"
"lungs","肺部"
"luny","伦尼杜布尔斯"
"lunyaria","lkjun_(jg010118)，陆君"
"luo_qiangwei","扭曲的边缘地带"
"luo_tianyi","妖言功御"
"luo_xiaohei","罗小黑"
"luo_xiaohei_zhanji","罗小黑传奇"
"luoman19921","奇艺熊吉"
"lurenjia","az2633428422，路人"
"lushhhh","用户_gsys3835"
"lushi_jin_up","豪士流58582"
"lushuao","莱斯胡_310"
"lute_(instrument)","琵琶(乐器)"
"luupechi","hyui_cf2，辉伊_cf2"
"luviagelita_edelfelt","露维亚·泽里塔·埃德尔费尔特"
"lux_(dera_ix)","dera_ix，dera系列作品"
"lux_(league_of_legends)","卢克珊娜·王冠护卫"
"luxuriou_s","48设计"
"luyheg","方戈苏塔"
"luzzi_(milllim)","百万"
"lv2_kara_cheat_datta_moto_yuusha_kouho_no_mattari_isekai_life","拥有二级超级作弊能力的异世界悠闲生活"
"lvetica","Helvetica R字体，小江（平假名）"
"lwmmg_(girls'_frontline)","lwmmg_（少女前线）"
"lxkate","音野花"
"lycoris_challenge_(meme)","莉科里斯挑战"
"lycoris_princess","姬百合花"
"lydian_academy_school_uniform","利迪安学院制服"
"lydie_malen","莉迪·玛琳"
"lying","躺着的"
"lying_on_person","躺在人身上"
"lyn_(bride_of_the_plains)_(fire_emblem)","lyn_(新娘造型)_(火焰之纹章)"
"lyn_(fire_emblem)","林迪丝_火焰之纹章"
"lyn_(lady_of_the_beach)_(fire_emblem)","lyn_(夏日)_(火焰之纹章)"
"lyn_(shunao)","顺乃"
"lyn_(wind's_embrace)_(fire_emblem)","lyn_(瓦伦丁)_(火焰之纹章)"
"lyn_mametchi","兰巴竹"
"lynus","娜奥子_(9113419)"
"lyon_(suikoden)","里昂_真·女神转生"
"lyoo_(gajyago)","加吉亚戈，lyoo_(cacj5482)"
"lyra_(pokemon)","可特妮_(宝可梦)"
"lyra_heartstrings","莉拉_(我的小马驹)"
"lyrics","歌词"
"lysander_z","raisandaa_z，雷桑达"
"lysandre_(pokemon)","百合花图案_(宝可梦)"
"lysithea_von_ordelia","莉丝蒂娅·冯·科迪莉亚"
"m_legs","M字摆腿"
"m->g","无脸男333"
"m-rs","铃木学"
"m._bison","独裁者_街头霸王，M·野牛"
"m.k_(mr.k)","含500毫克咖啡因"
"m.tokotsu","杜科茨先生"
"m.u.g.e.n","无脚本_游戏"
"m&m_(mickey_and_mackey)","M&M，巧克力豆"
"m1_bazooka","巴祖卡炮"
"m1_garand_(girls'_frontline)","M1加兰德_（少女前线）"
"m1014_(girls'_frontline)","m1014_（少女前线）"
"m14_(girls'_frontline)","M14_（少女前线）"
"m16a1_(boss)_(girls'_frontline)","M16A1_（少女前线）_首领，M16A1_（少女前线）_首领"
"m16a1_(girls'_frontline)","M16A1_（少女前线）"
"m16a4_(upotte!!)","16_（投掷！！），16_（投掷），一郎_（投掷！！），一郎_（投掷）"
"m1887_(girls'_frontline)","M1887_（少女前线）"
"m1897_(girls'_frontline)","M1897_（少女前线）"
"m1911","m1911型枪"
"m1911_(girls'_frontline)","M1911_（少女前线）"
"m1918_(girls'_frontline)","M1918吧_（少女前线），M1918吧_（少女前线）"
"m1919a4_(girls'_frontline)","M1919_（少女前线），M1919_（少女前线）"
"m200_(girls'_frontline)","M200_（少女前线）"
"m249_saw_(girls'_frontline)","M249锯式机枪_（少女前线），M249SAW_（少女前线）"
"m2hb_(girls'_frontline)","m2hb_（少女前线）"
"m3_(girls'_frontline)","M3润滑枪_（少女前线）"
"m3_submachine_gun","M3润滑枪"
"m37_(girls'_frontline)","伊萨卡_M37_（少女前线），伊萨卡_M37_（少女前线）"
"m4_carbine","m4卡宾枪"
"m4_sherman","谢尔曼坦克"
"m4_sopmod_ii_(girls'_frontline)","M4 SOPMOD II_（少女前线）"
"m4_sopmod_ii_jr","m4_sopmod_ii_（复活修复师小队）_（少女前线）"
"m4a1_(girls'_frontline)","M4A1_（少女前线）"
"m4skedboi","男装打扮"
"m500_(girls'_frontline)","M500_（少女前线）"
"m590_(girls'_frontline)","M590_（少女前线）"
"m78_zaitaoaotezhanshi","M78扎伊塔奥奥特战士，欧也_（Pixiv_52685215）"
"m870_(girls'_frontline)","M870_（少女前线）"
"m950a_(girls'_frontline)","M950A_（少女前线）"
"m99_(girls'_frontline)","m99_（少女前线）"
"ma-hain-scarlet","可爱少女"
"maaru_(asato_maaru)","maru_(maruplum)，圆圆_(maruplum)"
"mabayui_hikari_no_stage_de_(project_sekai)","闪耀光芒的舞台之上_（project_sekai）"
"mabing","马宾游戏"
"mabinogi_heroes","复仇者"
"maburoku","mbr90munouk，姆布罗90穆努克"
"mac_star_(voice_actor)","麦克斯塔瓦"
"mac-10_(girls'_frontline)","英格拉姆_（少女前线），MAC-10_（少女前线）"
"macan_(housamo)","玛坎_（东京放课后的召唤师们）"
"macaron","马卡龙"
"macaroni_(dontakadx)","空洞之锥"
"macartura08","flo_ni08，弗洛妮08"
"macciatto_(aciel02)","阿基鲁_(伊格尔振翅)"
"mace","权杖"
"mach_go_go_go","速度飞车手，速度飞车手"
"machi_(machi0910)","machi_(7769)，町子"
"machi_(machi0910)_(person)","城镇"
"machi_komacine","玛奇_《全职猎人》"
"machi_wt","马WK琪"
"machi_youko","街道横截面"
"machigami_yoh","悟吉"
"machikado_mazoku","隔壁家的恶魔女孩"
"machiko_(beard)","战斗，对决"
"machine","机械"
"machine_gun","机关枪"
"machine_robo_chronos_no_dai_gyakushuu","机械机器人克洛诺斯之逆袭，机械机器人克洛诺斯的复仇"
"machine-doll_wa_kizutsukanai","不可伤痛的奇迹少女，坚不可摧的机械玩偶"
"machinery","机械武装"
"machismo_fuji","库努亚罗跳跃者"
"macintosh","Mac电脑"
"macken666","麦肯"
"macne_series","大型生物"
"macroich_(housamo)","费格斯·麦克·罗伊奇（豪萨莫），马可伊奇（东京放课后的召唤师们）"
"macross_frontier","《机动战士高达F》"
"macross_frontier:_itsuwari_no_utahime","机动战士高达F91：虚假的歌姬，机动战士高达F91：伪装的歌剧明星，机动战士高达F91：假面的歌者"
"macross_frontier:_sayonara_no_tsubasa","机动战士高达：命运的前翼"
"macross:_do_you_remember_love?","《机动战士高达》迪尔"
"macross:_the_first","《机动战士高达08》"
"mad_hatter_(alice_in_wonderland)","疯帽匠，疯帽匠_（仙境）"
"mada_(shizhou)","尸体_(Pixiv)"
"madaeng","为什么哭"
"madara_inosuke","山野响子"
"madcocoon","马吉安，维克玛"
"maddestmao","疯狂猫叔"
"maddy","玛迪萨基"
"madi_(weeniedesu)","软萌系少女"
"madkaiser","玉米糖浆，马杜因"
"mado_(mukade_tou)","南京攻防战"
"madoro","菲弗拉吉托"
"madoro_q","玛多罗克"
"madotsukumo","萝莉_ta1582"
"mady_(madine08260)","星期日"
"maebari","三点贴纸"
"maeda_risou","前田利郎"
"maegami_(daisuki_oekaki1)","引领天空"
"maeka_(kumaekake)","面具骑士"
"maekawa_wakaba","前川若叶"
"maenoo","马埃努18"
"maerchen_(sound_horizon)","童话_(专辑)，故事_(专辑)"
"maerchen_maedchen","童话少女"
"maeshima_shigeki","前岛茂树"
"maestrale_(kancolle)","马埃斯特拉莱_(舰姬Collection)"
"mafiaduck_(nilan)","教父鸭子_(尼兰)"
"mag_(huangmag)","魔术师_中国"
"magatama","勾玉"
"magatama_earrings","珠子耳环"
"magazine","杂志"
"magazine_(object)","杂志，刊物"
"magazine_(weapon)","弹匣(武器)"
"magazine_cover","杂志封面"
"mage_(harumagedon)","mage_(艺术家)"
"magenta_(atyana)","赤间禅太"
"maggey_byrde","铃木真子"
"maggot","幼虫"
"magia_azure","蓝色魔法"
"magia_azure_(la_verita)","蓝色魔法_（真相）"
"magia_baiser","魔法波塞"
"magia_record:_mahou_shoujo_madoka_magica_gaiden","魔法记录"
"magia_sulfur","硫磺魔法"
"magic","魔法"
"magic_carpet","飞行地毯"
"magic_circle","魔法阵"
"magic:_the_gathering","万智牌，/MTG"
"magical_antique","魔法古董，魔术"
"magical_boy","魔法少年"
"magical_girl","魔法少女"
"magical_mirai_miku","未来美琴"
"magical_mirai_miku_(2013)","魔法少女美琪库_2013版"
"magical_mirai_miku_(2014)","魔法少女美琪库_2014版"
"magical_mirai_miku_(2015)","魔法少女美琪库_2015年版"
"magical_mirai_miku_(2016)","真夏莉酱"
"magical_mirai_miku_(2017)","未来美空，2017年版"
"magical_mirai_miku_(2018)","未来美空，米库（2018年）"
"magical_mirai_miku_(2019)","未来美空，米库（2019年）"
"magical_mirai_miku_(2020_summer)","未来美空_初音未来_(2020夏季版)"
"magical_mirai_miku_(2020_winter)","未来美空，(2020冬季版)"
"magical_mirai_miku_(2021)","魔法少女美久_(2021)"
"magical_mirai_miku_(2022)","魔法少女美久_(2022)"
"magical_musket","魔能枪"
"magician","魔术师"
"magician's_academy","马卡德米哇呼伊，马卡德米哇呼伊！"
"magiquone","阿尔福瓦装饰风格"
"magnet","磁铁"
"magni_(mf021405)","华丽火焰，华丽火焰"
"magnifying_glass","放大镜"
"magnistr1","恒恩恩恩恩"
"magukappu","令人想立刻冲上去帮忙的感觉"
"maguri_rei","史诗级_(奶奶猫0715)"
"magus_(seiken_densetsu_3)","法师_(sd3)"
"mahado","玛哈德"
"maharu66","石榴石366-塔吉-真晴"
"mahcdai","机械元素"
"mahira_(granblue_fantasy)","玛基拉_《碧蓝幻想》"
"mahiro_(akino-suisen)","金枪鱼猫7"
"mahiru_(princess_connect!)","野户真梨子"
"mahiru_yura","yura_458，由良_458"
"mahjong","麻将"
"mahjong_tile","麻将牌"
"maho_(princess_connect!)","冰宫真帆"
"maho_malice","恶意满满，喵高高"
"mahoro_(minase_mahoro)","梦幻麻糬"
"mahou_girls_precure!","魔法少女光之美少女，魔法少女光之美少女！，魔法女孩光之美少女，魔法使光之美少女，魔法使光之美少女！，魔法使光之美少女，魔法使光之美少女！"
"mahou_no_princess_minky_momo","魔法公主明琪莫莫"
"mahou_no_star_magical_emi","魔法艾米，魔法之星"
"mahou_no_tenshi_creamy_mami","奶油妈妈，魔法天使"
"mahou_senki_lyrical_nanoha_force","魔法少女歌剧奈叶Force，/mslnf"
"mahou_sensei_negima!","魔法老师奈吉玛，/MSN，奈吉玛"
"mahou_shoujo_ikusei_keikaku","魔法少女养成计划，真昼光"
"mahou_shoujo_kazumi_magica","风都迷宫，魔法少女风都迷宫"
"mahou_shoujo_lyrical_nanoha","魔法少女诗篇娜诺哈，魔法少女诗篇娜诺哈，/msln"
"mahou_shoujo_lyrical_nanoha_a's","魔法少女诗篇纳诺哈A版，魔法少女诗篇纳诺哈AS，/MSLNANA"
"mahou_shoujo_lyrical_nanoha_reflection","魔法少女歌剧奈叶剧场版3：镜之世界"
"mahou_shoujo_lyrical_nanoha_strikers","魔法少女诗篇奈叶打击者，/MSLNs"
"mahou_shoujo_lyrical_nanoha_the_movie_1st","/mslnm1，微笑表情"
"mahou_shoujo_lyrical_nanoha_the_movie_2nd_a's","/mslnm2a，微笑天使"
"mahou_shoujo_lyrical_nanoha_vivid","/mslnv，微软视觉网络"
"mahou_shoujo_madoka_magica","魔法少女小圆，/msmm，/pmmm，魔法少女小圆"
"mahou_shoujo_madoka_magica_movie_1_&_2","魔法少女小圆电影版"
"mahou_shoujo_madoka_magica:_concept_movie","《魔法少女小圆》概念电影"
"mahou_shoujo_madoka_magica:_hangyaku_no_monogatari","反叛故事"
"mahou_shoujo_madoka_magica:_walpurgis_no_kaiten","魔法少女小圆_-圣灵降临夜：崛起-，圣灵降临夜：崛起"
"mahou_shoujo_ni_akogarete","对魔法少女充满倾慕之情，仰视魔法少女"
"mahou_shoujo_oriko_magica","/mso梦，奥莉子魔法，魔法少女奥莉子魔法"
"mahou_shoujo_site","魔法少女主题站点"
"mahou_shoujo_suzune_magica","魔法少女铃音，铃音魔法"
"mahou_shoujo_tai_arusu","小巫女们"
"mahou_shoujo_taisen","魔法战争"
"mahou_shoujo_tart_magica","魔法少女塔特玛吉卡，塔特玛吉卡"
"mahou_shoujo_tiatia_channel","魔法少女琪亚琪亚频道"
"mahou_shoujo_to_chokorewito_(vocaloid)","魔法少女与巧克力（VOCALOID）"
"mahou_tsukai_ni_taisetsu_na_koto","未来的梦想家们，未来的梦想家们"
"mahou_tsukai_no_yome","古代法师的新娘"
"mahou_tsukai_no_yoru","/mahoyo，圣夜女巫"
"mahou_tsukai_sally","女巫莎莉"
"mahou_tsukai_tai!","魔法使俱乐部，魔法使俱乐部，魔法使战队"
"mahoujin_guruguru","魔法阵大师"
"mahouka_koukou_no_rettousei","魔法高中の不适任者，魔法高中の不适任者"
"mahoutsukai_no_yakusoku","真红之恋，巫师的承诺"
"mai_(dragon_ball)","麦伊_龙珠"
"mai_(pokemon)","马利_(宝可梦)，尤妮_(宝可梦)"
"mai_kobayashi","小林麻衣"
"maid","女仆"
"maid_ane_(maoyuu)","大姐姐女仆（毛由）"
"maid_apron","女仆围裙"
"maid_bikini","女仆比基尼"
"maid_fairy_tale_(idolmaster)","童话风格女仆"
"maid_headdress","女仆头饰"
"maid_imouto_(maoyuu)","小妹妹女仆（毛由）"
"maid_one-piece_swimsuit","女仆泳装"
"maid-chou_(maoyuu)","女仆头目_(毛由)"
"maidcode1023","客户关系管理"
"maigo_no_te_wo_hiku_sono_saki_wa_(project_sekai)","引导迷路的孩子探索彼方世界（Project Sekai），引导迷路孩子探索彼方的故事（Project Sekai）"
"maikaze_(kancolle)","风花_(舰姬Collection)"
"mailbox_(incoming_mail)","信箱框_物体，邮箱"
"mailman","送信员，邮递员，邮政工人"
"maintenance_musume_(kancolle)","维护娘_舰队Collection"
"maiqo","麦伊特莱斯"
"mairimashita!_iruma-kun","欢迎来到恶魔学校！伊鲁玛君"
"mairin_(pokemon)","玛侬_(宝可梦)"
"mairo","伊洛"
"maisuiren","谢宝王"
"maitei_roppa","美美子_(富士_310)"
"maizken","乔丹·史密斯"
"majestic_prince","银河骑士团，威严王子"
"maji_de_watashi_ni_koi_shinasai!","认真爱我！，魔法恋物语"
"majima_goro","真岛五郎"
"majiwaru_senritsu_tomoru_nukumori_(project_sekai)","交叠旋律的温暖光辉（project_sekai），交叠旋律所散发的温暖（project_sekai）"
"majo_(pastamajo)","majocc_(dusty051)，玛乔克_(dusty051)"
"majo_no_ie","女巫的房子"
"majo_no_takkyuubin","琪琪的送餐服务"
"majo_to_hyakkihei","女巫与百名骑士，女巫与百名骑士"
"majokko_(kancolle)","真红子_(舰姬Collection)"
"majokko_a_la_mode","魔女阿拉莫风格"
"maju_(maju_magical)","玛珠魔法，玛珠（白色471冰川）"
"majutsushi_orphen","施法刺客奥芬"
"maka_(maka04021)","雷基_(用户_rcrd4534)"
"maka_(user_rryf2748)","玛卡莫格莫格"
"maka_albarn","玛卡·阿尔班，玛卡·阿鲁巴安"
"maka_albarn_(cosplay)","玛卡·阿尔班（角色扮演），玛卡·阿鲁巴安（角色扮演）"
"makai_no_juumin","魔界人"
"makai_senki_disgaea","恶魔城1"
"makai_senki_disgaea_2","恶魔城2"
"makai_senki_disgaea_3","恶魔城3"
"makai_senki_disgaea_4","恶魔城4"
"makai_senki_disgaea_5","恶魔城5"
"makai_senki_disgaea_6","恶魔城6"
"makai_tenshi_djibril","魔界天使吉卜力"
"makai_tenshi_djibril_2","魔界天使吉卜力2"
"makai_tenshi_djibril_3","魔界天使吉卜力3"
"makai_tenshi_djibril_4","魔界天使吉卜力4"
"makaimura","鬼怪与哥布林，鬼怪与哥布林，食尸鬼与幽灵，食尸鬼与幽灵"
"makaroll","艾伦_(玛卡罗尔)"
"makarov_(girls'_frontline)","马卡洛夫_(少女前线)"
"makaze_(t-junction)","疾风呼呼茶啊汉组合"
"makdraw25","mak_draw绘制"
"make_heroine_ga_oo_sugiru!","太多落败的女主角了！"
"maken-ki!","魔法少女"
"makeup","化妆"
"makeup_palette","眼影盒"
"maki_(blue_archive)","红发卷发"
"maki_ikazuya","化物语1"
"maki_keigo","超速爷爷"
"makicha_(sasurainopink)","粉色_X"
"makigumo_(kancolle)","真希云_(舰队Collection)"
"makihitsuji","软糖卷"
"makinami_mari_illustrious","玛丽_(新世纪福音战士)"
"making-of","制作过程，草图版本，进行中的作品"
"makino_(727me727)","椰子驾驶，oto_(罗泽科)"
"makino_(ukiuo)","牧野_（艺术家）"
"makino_tomoyasu","田云美"
"makinon_tm","mtnonikam，蒙诺尼卡姆"
"makiri_akira","小翔酱"
"makise_kurisu","克里斯蒂娜_(命运石之门)"
"makise_minami","真希·梅达卡"
"makishima_shougo","牧岛翔吾"
"makita_(twosidegekilove)","两面皆爱的感觉"
"makita_yoshiharu","杂货店营业"
"makiya","真希亚"
"makizushi","海苔卷寿司"
"makkuroh_(yoh-ku)","makkuroh_（pixiv），由库"
"mako_(azuumori)","鲨鱼女孩_（azuumori）"
"mako_(macomaco7)","真美子"
"mako_(makoda)","佩尔夏"
"mako_mori","森真子"
"makoto_(blue_archive)","波鲁那玛琴托"
"makoto_(princess_connect!)","真琴亚纪"
"makoto_nanaya","七叶真琴"
"malay_text","马来人"
"malcorond","丸子圆圆"
"male_focus","男性特写"
"male_harem","后宫型（男性），反向后宫"
"male_lactation","男性哺乳"
"male_masturbation","男性自慰"
"male_playboy_bunny","兔子装（男性），兔子套装（男性），花花公子兔子造型（男性）"
"male_pregnancy","男性受孕，男性怀孕"
"male_prostitution","男性卖淫"
"male_pubic_hair","男性的阴毛"
"male_swimwear","男用泳裤"
"male_underwear","男用内裤"
"male_underwear_aside","侧边平角裤，侧边短内裤，男性内衣侧边展示"
"male_underwear_peek","男性内裤窥视"
"male_underwear_pull","平角裤拉扯，内裤拉扯，男性内衣拉扯"
"malga_naruze","圆环旋转"
"malinda_(shingeki_no_bahamut)","贝丝_进击的巴哈姆特"
"mallet","木槌"
"mallow_(pokemon)","毛球_宝可梦"
"malluel_(granblue_fantasy)","玛露特_《碧蓝幻想》"
"malos_(xenoblade)","剑心_异度之刃"
"malpha_ravencroft","奥妮莉莎·雷文克洛夫"
"malva_(pokemon)","梧桐树_(宝可梦)"
"mama_(mama_hiro)","mama_(艺术家)"
"mamahaha_no_tsurego_ga_moto_kano_datta","我继母的女儿就是我的前女友"
"mamaloni","千野真知子"
"mame_(nanase_pk)","mame_（pixiv_57985908），奈奈濑_PK"
"mame_nabe_donko","用户syge4827"
"mamei_mema","乒乓球鱼"
"mameneko_(pai)","玛萌奈子派"
"mamenomoto","天草恋游"
"mameojitan","天之花，奶爸大人"
"mamerakkkkko","玛梅拉科"
"mameshiba_(pixiv_59310)","真美希巴"
"mami_mogu_mogu","麻美断头梗"
"mamimu_(ma-mi-mu.me)","玛亚子_(夕焼け。)"
"mamimumemo","幻想世界2"
"mamiya_(kancolle)","玛米亚_(舰队Collection)"
"mamiyama","四aaaa"
"mamo_williams","妈妈"
"mamono_hunter_youko","恶魔猎人洋子，恶魔猎人优子"
"mamoru_(arizona)","mamoru_(艺术家)"
"mamoru-kun_ni_megami_no_shukufuku_wo!","给守望君的神之祝福"
"mamotte_shugogetten!","萌兽守护团"
"mana_(remana)","蕾玛娜"
"mana_khemia","玛娜炼金术，阿尔雷维斯的炼金师们"
"manaka_(gunjooou)","真可爱啊"
"manaka_(pdx)","丰间真奈香"
"manaka_laala","真奈花拉拉"
"manaka_laala_(normal)","真奈花_拉拉_(年轻版)"
"manakete","龙人族"
"manamoko_(fancy_surprise!)","快乐小狗咕噜声"
"manatee","儒艮"
"manatsu_no_yo_no_inmu","夏夜的萤火虫"
"manatu_kato","真冬警部"
"manbou_(manvow)","御宅服"
"manbu72747","男童风，哥特风格"
"manchi_kansuke","玛琪酱"
"manda_(luts7602)","LUTs，颜色查找表"
"mandalay_(boku_no_hero_academia)","志野透"
"mandarin_orange","蜜柑"
"mandragora_(arknights)","曼德拉草_(明日方舟)"
"mandricardo_(fate)","曼德里卡多_（命运/冠位指定）"
"mandrill","银细胞"
"mandudaein","曼杜_LXH"
"mane_(omedemidori)","青椒炒肉片"
"maneki-neko","招手猫，招财猫"
"manfred_von_karma","唐马刚"
"manga_(object)","图中有漫画"
"manga_cover","单行本封面"
"manga_time_kirara","漫画时间，Kirara Carat"
"mangekyou_sharingan","万花筒写轮眼"
"mango_(naihowda)","奈浩达"
"mangshuo","tyc001x，玉聪堂"
"mani_padme","corpusc15，光子15"
"manio","花咲真依绪"
"manjirou_(manji_illust)","约翰·满次郎_(恋爱恋爱幸福21)"
"manjoume_jun","查兹·普林斯顿"
"manly","强壮的"
"manmi","欧姆记忆体，欧姆记忆体"
"mannack","变态"
"mannungei","剑舞"
"mano_(manobece)","mano_(deew123)，马诺_(deew123)"
"mano_youko","真野洋子"
"manodemarina","marina_(mrn9)，玛丽娜_(mrn9)"
"manon_legrand","玛侬_《街头霸王》"
"manreeree","里玛与"
"manuela_casagranda","曼努埃拉_火焰之纹章"
"manya_(dq4)","许多"
"manyako_(mohumohu)","many_a_(莫胡是我的)"
"manyuu_kaeru_tasuke_sansei","METK风格"
"mao_(tales)","毛托尔"
"mao_lian_(nekokao)","nekoze_(s22834712)，猫娘，二次元角色"
"mao_xiaozha_(rumiechen)","阴影沉没"
"mao_yu","猫与鱼"
"maobing_maobing","hvzprdcrqj4vlfu，王五布布与老宫"
"maoerduo_meow","毛毛喵喵二多，捏捏咕咕咪咪"
"maoh_yueer","乌尔奇奥拉0"
"maou_gakuin_no_futekigousha","恶魔王学院异类生"
"maou_no_ore_ga_dorei_elf_wo_yome_ni_shitanda_ga_dou_medereba_ii?","《大恶魔的困境》：如何爱上你的精灵新娘"
"maou-jou_de_oyasumi","恶魔城堡中的困倦公主"
"maoyuu_maou_yuusha","宿敌与英雄，/毛由，毛由"
"map","地图"
"map_(blue_catty)","地图_（艺术家名）"
"maple_(nekopara)","枫叶_(纱世莉)"
"maple_leaf","枫叶"
"maplestory","《枫之谷》"
"maplo","美浦拉"
"mapo_tofu","马阿布豆腐，麻婆豆腐，麻婆豆腐料理"
"mapotofu_(crcj7242)","玛法朵布"
"mappuri","龙之星辰2"
"mar-c!","马可·沃舍尔"
"mar10","申东贤，hex2go"
"maracas","马拉卡鼓"
"marakasu_(chinkasu)","马拉卡苏廷廷"
"maratang","德维，德维脑白质切除术，玛拉宇宙"
"marble_(stone)","大理石（材质）"
"marble_(toy)","大理石，弹珠"
"marble_creators","大理石创造者"
"marbornath","黑白猫咪"
"marc_(orange_juice)","marc_(红桶)"
"marceline2174","mashe_(marceline2174)，玛谢（marceline2174）"
"march_7th_(future_market)_(honkai:_star_rail)","3月7日（服装）（崩坏：星穹铁道）"
"march_hare_(alice_in_wonderland)","三月兔"
"marchen_awakens_romance","玛丽亚"
"marchen_von_friedhof","墓园童话"
"marching_melodies_(idolmaster)","进行曲旋律"
"marcille_donato","玛西尔"
"marcille_donato_(lord)","marcille_donato_（地下城领主）"
"marco_bott","马可·博特"
"mardjan","毫米"
"mare_funo","marehuno_17，真红之色17"
"mare_ma","为什么是今天啊"
"mare_s._ephemeral","玛蕾_S_短暂之影"
"margaretha_sorin","玛格丽塔·索林"
"margery_daw","玛格丽·道"
"mari_(blue_archive)","伊织玛丽"
"mari_(swimsuit)_(blue_archive)","伊织玛丽（泳装）"
"mari_(track)_(blue_archive)","iochi_mari_（曲目），mari_（运动服）_（蓝色档案）"
"maria_(housamo)","玛丽亚_（东京放课后的召唤师）"
"maria_(maria_rose)","夕面梦"
"maria_cadenzavna_eve","玛丽亚·卡登扎武娜·伊芙"
"maria_gorey","玛丽亚·古洛因"
"maria-sama_ga_miteru","玛丽亚在注视着我们，/玛莉米特，玛莉米特，/MSGM"
"marian_kelly","marion_(双龙)，marion_(双龙形态)"
"maribel_hearn","马丽贝尔·韩"
"maribelle_(fire_emblem)","玛丽亚贝尔_火焰之纹章"
"maribou_(supermaribou)","马利布欧卡基"
"marida_cruz","玛丽达·克鲁兹"
"marie_(splatoon)","萤火虫_(喷射战士)"
"marie_&_gali","玛丽与加莉"
"marie_antoinette_(fate)","玛丽·安托瓦内特_（命运/冠位指定）"
"marie_antoinette_alter_(fate)","玛丽·安托瓦内特（替身），玛丽·安托瓦内特（命运）"
"marie_antoinette_alter_(first_ascension)_(fate)","玛丽·安托瓦内特（变体）（首次登基）（命运）"
"marie_antoinette_alter_(third_ascension)_(fate)","玛丽·安托瓦内特_变体_第三次登基_命运"
"marihei64ds","玛丽赫伊霍"
"marimari_(show_by_rock!!)","玛丽玛丽，玛丽玛丽_（由Rock!!制作）"
"marimo_625","玛莉莫(69834059)"
"marimo_daifuku","玛丽戴库"
"marimo_tarou","海之歌"
"marin_(zelda)","马里恩_《塞尔达传说》"
"marina_(blue_archive)","池仓玛丽娜"
"marina_(splatoon)","井田_《喷射战士》"
"marina_ismail","玛丽娜·伊斯梅尔"
"marinangemon","海洋天使兽"
"marinette_dupain-cheng","程玛丽奈特"
"marino_(mega_man)","马里诺"
"mario_(mario_portal)","马里奥_（艺术家）"
"mario_&_sonic_at_the_olympic_games_(2007)","马里奥与索尼克在奥林匹克运动会中"
"mario_kart_8","马里奥赛车8豪华版"
"marisa_(fire_emblem)","玛莉卡_火焰之纹章"
"maritan_(pixelmaritan)","maritan_（艺术家）"
"mariya_mikhailovna_kujou","久世玛丽亚·米哈伊洛夫娜"
"mark_(fire_emblem:_the_blazing_blade)","《火焰之纹章》战术家"
"mark_kruger","马克·克鲁格"
"marker","记号笔|记号笔写的标记"
"marker_(medium)","用记号笔作的画"
"market","市场平台"
"market_stall","摊位，市场摊位"
"marl_(shironeko_project)","玛鲁_（白猫计划）"
"marley_(pokemon)","小梅（宝可梦）"
"marlon_(pokemon)","水箭龟_(宝可梦)"
"marlone","玛丽_(工坊)"
"marmaladica","果酱风_(无精灵元素_原味版)"
"marmochi","蛋包饭"
"marnie_(marnielovesyou)","超现实主义"
"marnie_(pokemon)","玛丽_(宝可梦)"
"maromaron_taitei","马罗马龙塔石"
"marriage_proposal","提案"
"marron_marron","琴子_(栗色栗色)"
"mars_symbol","铁制标志，铁质符号，男性标志，男性象征，火星星座标志"
"marshal_(pokemon)","连珠_宝可梦"
"marshall_d._teach","黑胡子_(海贼王)，马歇尔·D·蒂奇"
"marshall_k","马歇尔2033"
"marth_(fire_emblem_awakening)","马尔斯_（火焰之纹章：破晓）"
"marth_(fire_emblem)","马尔斯"
"martha_(aerial_drive)_(fate)","空中驾驶"
"martha_(fate)","圣玛莎"
"martha_(swimsuit_ruler)_(fate)","圣玛莎（泳装尺寸表），命运"
"martial_artist_(dq3)","战斗员_(dq3)"
"martina_(project_moon)","玛蒂娜_（废墟之馆）"
"maru_daizu_(aqua6233)","t.m_(aqua6233)，水色主题"
"maru_takeo","沙奈玛鲁"
"maru_zyru_kun","丸子酱"
"maru-yu_(kancolle)","丸由_（舰姬Collection），丸由_（舰姬Collection）"
"marucody","穿着韩服的，马可迪"
"marudeningen","欧古拉特"
"marueri","爱丽丝·怀特贝里"
"marufuji_ryo","丸藤凉，扎内·特鲁斯代尔"
"marufuji_sho","丸藤翔，赛勒斯·特鲁斯代尔"
"marui_shiro","赤丸，真白_(ghha33)，妮可赛加_35036059"
"maruki_(punchiki)","胖墩墩的小动物"
"marumikan","真弓神社"
"marutaya","丸子酱"
"maruto!","马鲁托"
"maruwa_tarou","丸渡郎"
"maruyama_kaoru","丸山薰"
"maruyama_rui","萌雪奈"
"maruzensky_(blasting_off_summer_night)_(umamusume)","maruzensky_（夏日套装）_（妹系）"
"marvel_vs._capcom","漫威对卡普空，/MVC，MVC"
"marvel_vs._capcom_2","《漫威对卡普空2》，/mvc2，mvc2"
"marvel_vs._capcom_3","漫威对卡普空3，/MVC3，MVC3"
"marvelousaql_(neptunia)","marvelousaql_（海王星系列）"
"mary_(granblue_fantasy)","玛丽_(碧蓝幻想)"
"mary_anning_(fate)","枪兵_(用漫画学习！FGO)，理世从者_(发辫)，理世从者_(发辫)_（命运）"
"mary_janes","珍妮鞋"
"mary_read_(fate)","玛丽_阅读_(命运/冠位指定)"
"maryn","人类"
"marz_von_ludowing","路多温之三月"
"marzy_dog","可爱，萌趣"
"masa_(masa-koba)","正冈正"
"masaki_(star8moon)","三花恋歌2"
"masaki_aeka_jurai","aeka_masaki_jurai，枫雅玛希，朱丽"
"masaki_sasami_jurai","正树·沙沙美，恐怖故事"
"masami-san_(regdic)","修比小姐"
"masamune_(ff7)","真宗_(最终幻想7)"
"masamune-kun_no_revenge","正宗君的复仇"
"masara_(chuujou)","masara_(masalucky2010)，玛萨拉"
"masaru.jp","亚丝卡·罗泽，千代波子"
"masato_(mk)","正人_(pixiv164429)"
"masayo_(gin_no_ame)","正和_(coccinellee)"
"masayoshi_togashi_(alu379)","ahr工作室"
"mascara","睫毛膏"
"mascot","吉祥物"
"masgamjya","powtaytow3333的重复出现"
"mash_kyrielight","盾之守护者_(命运/冠位指定)"
"mash_kyrielight_(chaldea_dinnertime)","迦勒底晚餐时间"
"mash_kyrielight_(dangerous_beast)","危险野兽"
"mash_kyrielight_(dive_to_blue)","跳入蓝色深渊"
"mash_kyrielight_(grand_new_year)","命运之重大新年"
"mash_kyrielight_(ortenaus)","奥尔泰瑙斯"
"mash_kyrielight_(swimsuit_of_perpetual_summer_ver.02)","永恒夏日泳装_版本02"
"mash_kyrielight_(swimsuit_of_perpetual_summer)","永恒夏日泳装"
"mashima_jirou","tmasyumaro，天马由真郎"
"mashima_saki_(mashimasa)","篠路"
"mashin_eiyuuden_wataru","机甲英雄渡良"
"mashio","富岛麻希，托拉加拉_（pixiv326502）"
"mashiro_(blue_archive)","静山真白"
"mashiro_(swimsuit)_(blue_archive)","静山真白（泳装）"
"mashiro_aa","哦，真白"
"mashiro_io","混剪，椎名由香子"
"mashiro_ka","坎蒂！"
"mashiro_meme","真白_(二三善寺)"
"mashiro_musashi","可可罗比"
"mashu_(control)","沈阳师范大学"
"mashuu_(neko_no_oyashiro)","玛修_003"
"mashuu_masaki","正树_(红红绿绿)"
"mask","面具"
"mask_(boring_mask)","无聊面具"
"mask_on_head","掀到头上的面具"
"mask_pull","拉着口罩"
"mask_removed","摘下的面具"
"masking_tape_(medium)","瓦西胶带（中等尺寸）"
"masochism","抖M"
"massage_table","按摩床"
"massakasama","真坂同学"
"massigura","喷气赛车"
"masso","五里松"
"mastectomy_scar","胸部手术疤痕"
"master_ball","大师球"
"master_sword","大师之剑"
"masterwork_apocalypse","末日之苍穹"
"masturbation","自慰"
"masturbation_through_clothes","隔着衣服自慰"
"masturbation_through_clothing","隔着衣服自慰"
"masuo","西尾正夫"
"masushita","皮可薄荷"
"mat_(matdesenheiro)","马特乌斯·阿尔维斯"
"mata_hari_(fate)","玛塔·哈丽_(命运/冠位指定)"
"mataichi_mataro","真田一郎"
"matajirou_(matagiro)","马塔吉罗"
"matako","涅科达·由月"
"matangom","当麻驱邪"
"matanonki","绘里子世，结珠_（绘里子世）"
"matantei_loki_ragnarok","神话侦探洛基，诸神黄昏"
"matara_kan_(casual)","玛塔拉·坎_第二套服装"
"mataro_(matarou)","马塔罗，马塔郎_（源界顶点）"
"matatabeat","浦岛龙太郎"
"matcha_(matttttya1)","抹茶_(514847)，matttttya1"
"matches","匹配，火柴棒"
"matchi_(ginger.8)","姜黄_341"
"matching_outfit","情侣装"
"matching_outfits","配套服装"
"matenshi_(touhou)","美少女"
"materclaws","毒舌女郎"
"math_lady_(meme)","困惑的女士，数学女神"
"mathilda_(fire_emblem)","玛蒂尔达_火焰之纹章"
"matilda_caskett_(mega_man)","玛蒂尔达·卡斯凯特"
"matilda_fiship","玛蒂尔达·文"
"mating_press","授精体位"
"mato_(mozu_hayanie)","mato_(10234)，马托_(10234)"
"mato_kuroi","gy_(l964625780)，吉伊"
"mato_seihei_no_slave","锁链士兵"
"matoba","真壁里树"
"matoba_ryou","暗黑骑士M"
"matoka7","玛托卡大人7"
"matori_(penguin_batake)","matori_(user_xrdk3278)，真里子"
"matou_sakura_(imaginary_around)","周围想象场景"
"matryoshka_doll","巴布什卡玩偶，嵌套玩偶，俄罗斯式嵌套玩偶"
"matsu_(kancolle)","松_(舰姬Collection)"
"matsu_bokkuri","马图布库里博"
"matsuba_(idiotlantern)","笨蛋灯笼"
"matsuba10","广岛真树"
"matsubara_ryuu","松原达司"
"matsuda_(0yx38755230263c)","错误数据库大手套"
"matsuda_(matsukichi)","松吉酱"
"matsuda_touta","松田托塔"
"matsugi_zuntaro","海嘉千玄大叔，和田信二（donchan309）"
"matsuharu_(lip-mil)","舔唇动作"
"matsui_haru","春日秀人 TT"
"matsukawa_(pale_scarlet)","松川"
"matsukaze_(kancolle)","松风_(舰姬Collection)"
"matsukuzu","夏威夷果_(0jewdvwvkixqbpn)，梅隆潘_(ghzk2583)"
"matsumine_(twin-mix)","双胞胎混剪"
"matsumiya_kiseri","木寺桃子"
"matsumoto_mifuyu","美冬_(K-ON!)"
"matsumoto_noriyuki","Kirindo品牌"
"matsumoto_tomoyohi","智代"
"matsumoto_yuu","pom_illust1561的插图"
"matsumotoke","卡维"
"matsunaga_ryo","松永亮"
"matsunaka_hiro","青木"
"matsuno_(mat8k)","8K材质"
"matsuno_choromatsu","色麻"
"matsuno_ichimatsu","一松"
"matsuno_jyushimatsu","十柱，松野十柱"
"matsuno_karamatsu","唐松"
"matsuno_osomatsu","大桑鼠_(大桑鼠君)"
"matsuno_todomatsu","明日之后"
"matsuo_shogo","翔吾_(翔吾)"
"matsuoka_shuuzou","松冈酒造"
"matsura_ichirou","松浦一郎"
"matsuri_(araiyuutoo)","新井勇人"
"matsuri_(princess_connect!)","折原雏子"
"matsurika_youko","祭花，ysk0515"
"matsuryuu","松龙"
"matsusaka_gyuu","松坂牛"
"matsuura_kanan","松浦香奈"
"matsuura_kento","松浦健人"
"matsuura_nanase","松浦奈奈濑"
"matsuwa_(kancolle)","松轮_(舰姬Collection)"
"matt_frank","巨兽武士"
"mattaku_mousuke","真田幸助"
"mattari_yufi","未来山弦"
"mattyazuki","真柴朱纪"
"matuda_(matudayazo)","松田橙太，松田夜杂2"
"mature_female","成熟风，成熟女性，熟女"
"mature_male","成熟有魅力的大叔"
"maturiuta_sorato","祭典之歌"
"mau_sakura","毛_(pixiv_id_21075262)"
"maumauma_mau","毛毛兽，毛毛兽吼叫"
"maus_(tank)","八号坦克鼠式，八号装甲车鼠式，PzKpfw VIII鼠式"
"mauser_98","98式步枪，蒋经国步枪24型，WZ.29步枪"
"maven_(madeinheaven_23)","天国制造"
"maviss_03","美坂03"
"max_anarchy","混乱统治"
"max_domikov","马克西姆·多米科夫"
"max_melon","最大蜜瓜贴图"
"max_tennyson","麦克斯韦·坦尼森"
"max-k","Chunk桑"
"maxgonta","斯普冈塔"
"maxie_(pokemon)","松叶鹿_(宝可梦)"
"maxima_sakuya_enfield","马克西玛·恩菲尔德，沙雪（闪亮之刃）"
"maxwell_(nikke)","maxine_(nikke)，妮姬"
"maxwelzy","雷兹卡阿迪蒂亚"
"may_(2747513627)","ru1e_ro3e，鲁1艾罗3艾"
"may_(pokemon)","春香（宝可梦），织姬蓝晶，蓝晶白桦，蓝晶（宝可梦）"
"may9","m.a.y.，雪空"
"maya_(gpmp3825)","凯托斯2米库"
"maya_(kancolle)","玛雅_舰姬Collection"
"maya_(splatoon)","玛雅雅_(喷射战士)"
"maya_fey","绫里真由衣"
"mayaa_(azumanga_daioh)","玛雅"
"mayana_(bbpp)","miyana_(myyo07)，美亚娜"
"maybe_its_mayvi","天使救世主1"
"mayhem_art","混乱场面"
"mayl_sakurai_(mega_man)","樱井美铃"
"maylene_(pokemon)","小圆_(宝可梦)"
"maymeriko","someko_(lofter)，某些子_(lofter)"
"mayo_(oekaki_bibbi)","欧卡基比比"
"mayo_chiki!","玛优琪基"
"mayocha_(mayoke_chaya)","mayocha2192，哇哇萨巴迪亚欧"
"mayoi_neko_overrun!","真依猫大爆发"
"mayusaki_yuu","真澄由宇"
"mazaki_anzu","茶园主"
"mazda_mx-5","eunos_roadster，马自达MX-5"
"mazel_(mazel_star)","迷路了_(oekaki1210)"
"mcbuckwheat","吉拉蒂"
"mcdonald's","麦当劳"
"mcic0","小南瓜"
"mdr_(girls'_frontline)","mdr_（少女前线）"
"me-tan","我"
"me!me!me!_dance_(meme)","臀部摇摆舞，零二舞蹈"
"mea_(brunhilde)","七海奈奈的美丽"
"meameeea","我的故事"
"measuring_stick","米尺，码尺"
"meat","肉"
"meat_lantern_(project_moon)","肉灯笼_（脑白质切除公司）"
"mebi_il","mebi_(mebieru)，梅比_(梅比耶鲁)"
"mecha","机甲"
"mecha_eli-chan_(fate)","机甲艾莉酱，机甲艾莉酱（命运/冠位指定）"
"mecha_eli-chan_mk.ii_(fate)","机甲艾莉酱_MK.ii版"
"mecha_musume","机娘"
"mecha_neruko","绿川_(tawf5452)"
"mecha_request","需要识别的机甲"
"mecha-fiora","女型菲奥伦格"
"mecha-fiora_(speed_cowling)","机甲菲奥拉_（高速护甲）"
"mechabare","机械器官，机械零件"
"mechanical_arms","机械臂"
"mechanical_eye","机械眼"
"mechanical_halo","机械式天使光环"
"mechanical_hands","机械手"
"mechanical_legs","机械义足"
"mechanical_parts","露出机损"
"mechanical_pencil","出芯笔"
"mechanical_spine","机械式骨架"
"mechanical_wings","机械翼"
"mechanization","机械化"
"mechari","护身符1998"
"mechazawa_shin'ichi","目泽信一"
"meda_cha","梅山0901"
"medal","奖牌"
"medama_oyaji_(human)","恶作剧"
"medaman","鱼形符号"
"medarot","医疗机器人，医疗机械人"
"medb_(alluring_chief_warden_look)_(fate)","迷人的首席狱长神情"
"medb_(fate)","Medb（命运）全系列，Medb（命运/冠位指定）"
"meddy.exe_(mega_man)","医疗题材"
"medea_(fate)","解说员"
"medea_(lily)_(fate)","施法者莉莉"
"medeshima_marota","相岛真罗塔"
"medi_gun","医疗枪"
"medical_eyepatch","医用眼罩"
"medium_breasts","普通罩杯的胸"
"medium_hair","中等长发"
"medium_skirt","中等长裙子"
"medjed_(fate)","梅杰德"
"medu_(rubish)","伊玛·纪乃子"
"medusa_(rider)_(fate)","骑手"
"medusa_gorgon","美杜莎_(灵魂吞噬者)"
"meer_campbell","海洋"
"mega_man_(character)","洛克人_(角色)，梅加曼_(角色)"
"mega_man_(classic)","洛克人_经典版，洛克人_原始版"
"mega_man_(series)","洛克人"
"mega_man_1","洛克人1"
"mega_man_10","洛克人10"
"mega_man_11","洛克人11"
"mega_man_2","洛克人2"
"mega_man_3","洛克人3"
"mega_man_4","洛克人4"
"mega_man_5","洛克人5"
"mega_man_6","洛克人6"
"mega_man_7","洛克人7"
"mega_man_8","洛克人8"
"mega_man_9","洛克人9"
"mega_man_battle_network_(series)","洛克人战斗网络，洛克人战斗网络，洛克曼.exe，洛克曼_exe"
"mega_man_battle_network_2","洛克人exe_2"
"mega_man_battle_network_5","洛克人exe_5"
"mega_man_battle_network_6","洛克人exe_6"
"mega_man_legends_(series)","洛克人传说，洛克人传说，洛克人冲刺"
"mega_man_legends_3","洛克人冲刺3"
"mega_man_megamix","洛克人超级混音版"
"mega_man_star_force_(series)","洛克人星际力量，龙星之洛克人"
"mega_man_star_force_2","龙星之洛克人2"
"mega_man_star_force_3","龙星之洛克人3"
"mega_man_v","洛克人世界5"
"mega_man_volnutt","岩石，虚空之兽"
"mega_man_x_(series)","洛克人X，梅加曼X，洛克曼X"
"mega_man_x_dive","洛克人X潜水"
"mega_man_x:_command_mission","洛克人X指令任务"
"mega_man_x1","洛克人X1"
"mega_man_x2","洛克人X2"
"mega_man_x3","洛克人X3"
"mega_man_x4","洛克人X4"
"mega_man_x5","洛克人X5"
"mega_man_x6","洛克人X6"
"mega_man_x7","洛克人X7"
"mega_man_x8","洛克人X8"
"mega_man_zero_(series)","洛克人零，梅加曼零，洛克曼零"
"mega_man_zero_2","洛克人零2"
"mega_man_zero_3","洛克人零3"
"mega_man_zero_4","洛克人零4"
"mega_man_zx","洛克人ZX，梅加曼ZX"
"mega_man_zx_advent","洛克人ZX冒险"
"mega_man:_powered_up","洛克人_洛克曼"
"mega_pokemon","Mega形态宝可梦"
"mega_stone","关键石（宝可梦）"
"megadeko","水色蛋形"
"megahiyo","日代子_(二九夜大神)"
"megalobox","巨型箱"
"megaman.exe","洛克人.exe，洛克曼执行程序_角色"
"megami_kouhosei","女神候选人，飞行员候选人，女神人选"
"megami_magazine","女神"
"megami_magazine_creators","女神创作者"
"megami_magazine_deluxe","女神豪华版"
"megami_no_cafe_terrace","咖啡馆露台与那些美丽的女子们"
"megami_paradise","女神天堂"
"megami_tensei","巨型机甲"
"megami-ryou_no_ryoubo-kun","女神之母的宿舍"
"meganemausu","卡苏潘"
"megaphone","扩音器"
"megateru","teru_(teru11061)，辉_(teru11061)"
"mege_(megechan)","机甲战士"
"megu_(blue_archive)","下仓惠"
"megumi_222","和平子"
"megumi_yakiniku","惠美_(烤肉王国)"
"megumo","megum0art艺术风格"
"megurimu","喷气华尔兹"
"megurine_luki","梅古丽奈·露卡君"
"mei_(meimyan)","前田芽衣子"
"mei_(overwatch)","周美玲，美玲·周"
"mei_(project_moon)","梅_(鲁伊纳之图书馆)"
"mei_ford","金色地板"
"mei_hinamatsu","梅_(d9en03iu3cwlafx)"
"mei-ling_(darkstalkers)","琳琳"
"meiji_(meiji770)","mj_(11220318)，MJ相关标签"
"meiji_ken","真希子"
"meiji_schoolgirl_uniform","明治年间女学生制服"
"meiko_(vocaloid)","美子"
"meimaru_inuchiyo","美少女"
"meimi_k","美眉"
"meion","pupupu_(1053378452)，小狗图案，可爱风格"
"meiou_setsuna","妹尾节菜"
"meira_(touhou)","梅拉"
"meirong","melt_user_dzwc4453，米蓉，米蓉融化版"
"meisharan","火辣身材"
"meisho_hanten","美少女_(cantabile1222)"
"meitantei_conan","案件已结案，名侦探柯南"
"meitantei_holmes","夏洛克·福尔摩斯（系列）"
"meito_(maze)","求放过啦"
"meiyou_lizhi","波波米桃龙茶26722"
"mejiro_mcqueen_(umamusume)","目白·麦昆"
"meka_(overwatch)","meka(守望先锋)"
"meke_(77842928)","机械人角色"
"mekimeki","椿蓬"
"melady_(fire_emblem)","米莱迪"
"melanbread","西瓜"
"melaton","马拉松式观看"
"meliadoul_tengille","梅利亚杜尔·廷格尔"
"melings_(aot2846)","melynx_(user_aot2846)，梅林克斯（用户aot2846）"
"melissa_v2","梅利莎_2.0"
"melli_(pokemon)","椿_(宝可梦)"
"mello79","电影相关"
"melo_(meromero)","melomelo_d，梅洛梅洛_D"
"melodyguru","鲨鱼咬尾"
"melon","蜜瓜"
"melon_bread","菠萝包"
"melona_(queen's_blade)","蜜瓜"
"melonenbrot","甜瓜（甜瓜面包），男神鲨鱼"
"melony_(pokemon)","蜜瓜_宝可梦"
"melopun","美罗潘"
"melt_(melt_out1)","伊露雅"
"melt_(vocaloid)","融化"
"melting","融化"
"melting_halo","滴落光环"
"meltryllis_(fate)","熔融莉莉丝，融化瑞利斯"
"meltyvixen","淡粉色系"
"melusine_(fate)","仙子骑士兰斯洛特（命运），兰斯洛特（仙子骑士）（命运），谭琳·兰斯洛特（命运）"
"melusine_(final_ascension)_(fate)","仙子骑士兰斯洛特_最终升华_命运"
"melusine_(first_ascension)_(fate)","仙子骑士兰斯洛特（首次升阶）（命运）"
"melusine_(housamo)","梅露辛_(东京放课后的召唤师们)"
"melusine_(second_ascension)_(fate)","仙子骑士兰斯洛特（第二次升华）（命运）"
"melusine_(third_ascension)_(fate)","仙子骑士兰斯洛特（第三次升华）（命运）"
"mem-mem_(precure)","男男组合_光之美少女"
"meme","meme|模因"
"meme_attire","ACG流行款服装"
"memeh","懒人模式，色气萌图"
"memetaroh","橙色头发少女"
"mena_(shingeki_no_bahamut)","美羽_进击的巴哈姆特"
"menace_(queen's_blade)","威胁"
"menacing_(jojo)","咕咕咕咕"
"mendou_saya","沙耶_（sayamendo）"
"menglin393","2333309021，林琳_2333"
"mengxiaheqing","镜面极光0"
"mengxin_huazha","萌系角色图像残影"
"menhera-chan_(ezaki_bisuko)","手腕切割变装亚文化，梅赫拉"
"menhera-chan_(ezaki_bisuko)_(character)","樱井桃香（门赫拉酱）"
"menka_(menka_wata)","面卡"
"menou_kaname_(taishi)","名濑芽衣，门野芽衣"
"mentally_deficient","库索菲奇"
"menthako","门拉"
"menthuthuyoupi","尤皮_(死神)"
"menu","菜单"
"menyoujan","男人腰间"
"meopun_(meopen429)","真白美露"
"meowmeowgirl","喵喵女孩X"
"meowth","尼雅斯"
"mephisto_(angraecum)","梅菲斯特"
"mephistopheles_(fate)","梅菲斯特_(命运/冠位指定)"
"mepikari","可爱表情，萌系表情"
"mercedes_von_martritz","梅赛德斯·冯·马尔特里茨"
"merchant","店主"
"merchant91","男性吟唱声"
"mercurows_(girls'_frontline)","尼托·墨丘利罗斯（少女前线），尼托·墨丘利罗斯（少女前线）"
"mercury_symbol","水星星座"
"mercy_(overwatch)","安吉拉·齐格勒，安吉拉·齐格勒博士"
"mercy_rabbit","玛西兔子"
"merican_sack","美利坚0111"
"meriko","梅里子_(meri_com25)"
"merlin_(camelot_&_co)_(fate)","卡米洛特与伙伴们"
"merlusa","北白川中央"
"mermaid","美人鱼"
"mermaid_costume","水手服"
"mermaid_melody_pichi_pichi_pitch","mmppp，皮奇皮奇投掷"
"merric_(fire_emblem)","玛丽奇"
"merry_(ado)","欢乐_(现成素材)"
"merry_christmas","圣诞快乐"
"meru_(blue_archive)","辉夜美露"
"meruem","梅丽耶姆"
"meruru_(oreimo)","梅露露_矿石之妹"
"meruru_(oreimo)_(cosplay)","梅露露_（矿石之妹）_（角色扮演）"
"merxkialis","梅露琪亚莉丝"
"meshimase_idol","偶像大集合！，吃饭型偶像"
"mesoamerican_architecture","阿兹特克建筑，玛雅建筑"
"messenger_bag","邮差包"
"messiah_cage","救世主（艺术家），神秘牢笼"
"messy","身上有凌乱的污渍"
"messy_(efuya)","井沼俊徳，梅希"
"messy_hair","凌乱的头发"
"mesugaki","贱人杂种"
"mesuosushi","mesuosushi_psd，osushi_plzme，白羽菊"
"met_(mega_man)","美图工具"
"metal_ball","铁球"
"metal_collar","金属项圈"
"metal_fight_beyblade","弹珠陀螺：金属融合"
"metal_gear_(series)","合金装备"
"metal_gear_solid_2:_sons_of_liberty","合金装备2"
"metal_gear_solid_3:_snake_eater","合金装备3"
"metal_gear_solid_4:_guns_of_the_patriots","合金装备4"
"metal_gear_solid_v:_the_phantom_pain","合金装备5"
"metal_gear_solid:_peace_walker","合金装备 沉默之翼"
"metal_man","金属人"
"metal_skin","金属质皮肤"
"metalgreymon_(virus)","金属灰蒙兽病毒"
"metro-goldwyn-mayer","MGM电影公司"
"metsu_end","ossou_rocket,恶之火箭,OTSUSOU,绝望之歌"
"mettaton_ex","梅塔顿-EX"
"meunhongcha","fm_r3dslov3，FM R3DS洛维3"
"meursault_(project_moon)","梅尔索_(利姆布斯公司)"
"mew_(pokemon)","喵呜声"
"mexico","墨西哥人，墨西哥风格"
"mexif","MEXIF信息"
"meyrin_hawke","梅林"
"meziosaur","莫伊兹·奥佩尔"
"mg_(mica)","mg_(3458)，编号3458的模型"
"mg3_(girls'_frontline)","MG3_（少女前线）"
"mg4_(girls'_frontline)","MG4_（少女前线）"
"mg5_(girls'_frontline)","MG5_（少女前线）"
"mgomurainu","友利奈"
"mgong520","gong_(mgong520)，宫本武藏"
"mh2en","k8on，酷炫角色设计"
"mi_398","晓美焰"
"mia_(fire_emblem)","炎宇_(火焰之纹章)"
"mia_(golden_sun)","玛丽_(金色阳光)"
"mia_fey","绫里千寻"
"mia_flatpaddy","mia_(syroh)，米娅_（西罗）"
"miakis_(suikoden)","米亚基斯_（源氏传说）"
"miakiuehashi","沙树_(沙流123)"
"mian_guan","美颜"
"miao_clothes","苗族服饰，赫蒙族服装"
"miaogujun","喵咕啾恩_qvq"
"miata_(miata8674)","马自达MX-5_(Pixiv)"
"micaiah_(summer's_dawn)_(fire_emblem)","米卡亚_(星丹夏日)_(_火焰之纹章_)"
"micaiah_(wavecrest_maiden)_(fire_emblem)","米卡亚_（夏日）_（火焰之纹章）"
"micchamu","潘基吉"
"micchan_(micchanmeido)","i-chandraws的画作"
"micchi_(koto_maple)","hg_chabin，查宾"
"mice_(rune_factory)","Micah_(Rune Factory)，米迦_(符文工坊)"
"michael_f91","迈克尔"
"michael-x","美羽"
"michalis_(fire_emblem)","misheil_（火焰之纹章）"
"miche","米切马舒"
"michele_(strinova)","米歇尔_（卡拉比尧）"
"michelin_man","轮胎侧面轮廓"
"michiko_to_hacchin","美智子与八千寻"
"michimaru_(michi)","白胡狼"
"michinoku_komaro","小驹子，双驹子"
"michiru_(air)","东野道流"
"michiru_(blue_archive)","闪电扩散"
"michishio_(kancolle)","三岸清人_(舰队Collection)"
"mickeysmith","yuu_（阳光画布）"
"micosiva","三越羽"
"micro_bikini","迷你比基尼"
"micro_panties","布料很少的内裤"
"micro_shorts","小尺寸短裤"
"micro_uzi_(girls'_frontline)","微乌兹（少女前线）"
"microdress","小尺寸连衣裙"
"microphone","麦克风"
"microphone_stand","麦克风杆"
"microsd_(pibo)","皮波"
"microskirt","超短裙"
"microsoft_paint_(medium)","ms_paint_（中等），mspaint_（中等）"
"microsoft_paint_(software)","画图程序_(软件)，画图程序_(软件)"
"microsoft_windows","Windows系统"
"mid-autumn_festival","中秋节"
"mid-boss_(disgaea)","维尔斯，维尔斯"
"middle_eastern_architecture","阿拉伯建筑"
"middle_finger","中指"
"midfinger","朴佳怡，midfinger22"
"midknight_777_(henthaisan)","半泰桑，中世纪骑士_777，软萌和服"
"midnight_(banyex)","午夜_（艺术家名）"
"midnight_(boku_no_hero_academia)","金山眠"
"midori_(blue_archive)","绿井沙耶香"
"midori_(cafe-chan_to_break_time)","绿子酱_(波鲁琳)"
"midori_(fire_emblem)","绿子_(火焰之纹章IF)"
"midori_(kancolle)","绿_(舰队Collection)"
"midori_(maid)_(blue_archive)","绿井沙耶香_女仆装"
"midori_(mido0021)","ktkg_0021，mido_(水滴壶)"
"midori_foo","绿风"
"midori_no_baku","绿色貘，绿色貘0415"
"midori_no_hibi","绿之日，绿之日子"
"midori_ryo","绿龙"
"midorihana_yasaiko","西兰花_(阿鲁普鲁)，绿莹莹娜"
"midorikawa_lettuce","绿川丽丝"
"midorino_(green-happy)","绿色快乐000"
"midoriya_izuku","绿谷出久_(我的英雄学院)"
"midriff","腹部"
"midriff_peek","微微露出腹部"
"midriff_sarashi","纱罗希_腹部"
"midway_princess","中途姬"
"mie_ai","米埃_（宿木奈子弄丢了眼镜）"
"miebao","酸性氛围"
"mifuji_kiichi","三藤"
"mifuta","fumita_grbl，伏见太郎"
"mifuyu_(princess_connect!)","小神美冬"
"miga_(migao)","大神春纪"
"migel_futoshi","米格尔·富托西"
"might_guy","舞户外传"
"migikata_no_chou_(vocaloid)","你右肩上的蝴蝶（VOCALOID），三木形之章"
"migishita","犬狗赛高"
"migita","山芋蜜蜜"
"miguel_mercado","Merkymerx角色"
"mihama_chiyo's_father","千代妈妈"
"miharu_(cgsky)","ling_(cg_sky)，天空主题CG"
"mihato_senba","风之歌"
"miho_(last_origin)","T-14米霍，米霍坦克"
"mihoshi_academy_school_uniform","美星学院制服"
"mihoyo","米哈游科技有限公司"
"miia_(monster_musume)","meer_（怪物娘）"
"miimu_(nelreg3)","米米米米米"
"miitoban","露切娃"
"miix777","微博米衣"
"mijikayo","mijikayo_(user_eyyx8247)，美希卡哟"
"mika_(blue_archive)","美乃绪_美香"
"mika_(genshin_impact)","米卡·施密特"
"mika_miche","雪夜星辰"
"mika_returna","米卡_夜之诞生下篇"
"mika-shi","迈克尔_(米卡茨乌)"
"mikado_(blazblue)","图书管理员皇帝"
"mikaelya_(voice_actor)","米卡埃利亚"
"mikagami_hiyori","奇怪的变色龙，奇异变色龙"
"mikagami_jun","水之妖精"
"mikage_kirino","神影桐乃"
"mikage_takashi","明天也是打工日！，影之君士"
"mikakunin_de_shinkoukei","与身份不明之人订婚"
"mikami_(mikamicre)","石桥，三上由纪（nl8you）"
"mikami_nacaba","三上_(MCM_NCB)"
"mikan_(chipstar182)","猫耳娘_(chipstar182)"
"mikan_763","米卡·伊兹克拉"
"mikaya_chevelle","米凯亚·谢维尔"
"mikaze","卡奥米·齐"
"mikazuki_(kancolle)","三日月_(舰姬Collection)"
"mikazuki_akira!","三日月亮，三日月光"
"mikazuki_cocolo","冠状病毒519"
"mikazuki_mika","阿亚玛利马斯"
"mikazuki_neko","三日月猫"
"mike_(drawingchisanne)","mike_(chai)，柴米克"
"mike_inel","变态色鬼"
"mike_morton","杂技_(身份_V)"
"mike_wazowski","迈克尔·华索夫斯基"
"mike156","迈克的房间"
"mikel_(4hands)","唐·迈克尔"
"mikeneko_(vtuber)","美琴子_歌姬"
"mikepon_(ota_office)","美晴"
"mikeran_(mikelan)","一块豆腐"
"mikhail_(xenoblade)","萨塔希科_(异度神剑2)"
"mikhail_n762","米哈伊尔_N"
"miki_(shugo_chara!)","美希_(守护角色)"
"miki_purasu","米琪Plus"
"mikicat","米琪_(nnaf3344)"
"mikichika","红绿相间"
"mikipa","米基帕"
"mikko_(mim_mikko)","宫本酱太可爱了"
"mikkusushi","伊什梅亚·达多"
"miko","巫女"
"miko_(royal_milk)","miko_92，米科92"
"miko_machi","机械风格"
"mikoko_(kemomimi_oukoku_kokuei_housou)","米子子_(猫耳VR频道)"
"mikomachi_(35machi)","宇月黑雪"
"mikoto_(0709mikoto)","用户_rvrm5383"
"mikoto_(fire_emblem)","美琴_(火焰之纹章IF)"
"mikoto_(stbk)","美琴_stbk"
"mikou_(toromappo)","米寇_（蒙帕曼佩），托罗玛波"
"mikozin","胡胡乌萨布，美琴"
"miku_day","美久帕"
"mikudayo","求放过"
"mikuma_(kancolle)","三九马_(舰姬Collection)"
"mikumikudance","米库米库舞蹈"
"mikuneki","美昆妮基"
"mikura_(kancolle)","三仓_(舰队Collection)"
"mikuri_kamazirou","味增镰次郎，三良镰次郎"
"mikuroron","美久罗的故事"
"mikuru_ism","晓之晓"
"mil_(xration)","异形生物"
"mil_k_vanilla","miru_(wvjc7832)，美露"
"miles_edgeworth","三枪礼次"
"milestone_celebration","关注者，点击量，浏览量，碎裂效果"
"milim_nova","milim_nova_（艺术家），nova_（juan-p_inte）"
"milin_(orange_maru)","imp_(sksalfl132)，恶魔角色"
"military","军事"
"military_hat","军帽"
"military_jacket","军装夹克"
"military_operator","军事作战员"
"military_uniform","军服"
"military_vehicle","军用载具"
"militia_minpei","米莉莎"
"milk","牛奶"
"milk_(tonpuu)","牛奶_(吨扑)"
"milk_(yes!_precure_5)","美乳_(光之美少女)"
"milk_bottle","奶瓶"
"milk_carton","牛奶盒"
"milk_churn","牛奶罐"
"milk_inside_a_bag_of_milk_inside_a_bag_of_milk","牛奶袋外的牛奶，牛奶袋外的牛奶"
"milking_machine","挤奶器"
"milkshakework","下桐人"
"millhiore_f._biscotti","米利奥雷F饼干"
"millia_il_velch_cutrettola_turan","粟丘疹_维尔奇_库特雷托拉_图兰"
"million_dreams_(idolmaster)","百万梦想"
"millipen_(medium)","毫厘笔作画(中号)"
"milly_ashford","米莱·阿什福德"
"milo_(pokemon)","飞箭草_(宝可梦)"
"mima_(touhou)","美玛"
"mima_chi","金奇奇"
"mima_sachi","沙琪_渡桃子"
"mimi_(mimi_puru)","美羊羊"
"mimi_(paper_mario)","风格"
"mimi_(princess_connect!)","红色耳朵"
"mimi_wo_sumaseba","请叫我米米，心灵的低语，心灵的低语"
"mimiipyon","蓬松雪莉"
"mimikaki","采耳"
"mimiru_(mimill)","mumu_ll，穆穆_ll"
"mimitoke","沙琪玛"
"mimiyama_kiichi","美美山一郎"
"mimori_(blue_archive)","水羽美森里"
"mimori_(swimsuit)_(blue_archive)","水羽美森里（泳装）"
"mimxxpk","mxx_gm，神秘游戏大师"
"mina_(blue_archive)","小野江美奈"
"mina_(pokemon)","松莉卡_(宝可梦)"
"mina_(shingeki_no_bahamut)","玛咪姆_进击的巴哈姆特"
"mina_fz.","微博_5794648001"
"minakami_(flyingman555)","翅膀生态系统"
"minakata_sunao","孙瑶猫"
"minami_(apricot_tea)","南米_(pixiv320163)"
"minami_(colorful_palette)","南米_(艺术家)"
"minami_hana_(geewhy)","南花_（ghettoyouth）"
"minami_koyogi","南池1991"
"minami_shin_(zenshuu_bougyo)","信一（全裸营业）"
"minami-kamakura_koukou_joshi_jitensha-bu","镰仓南高中女子自行车俱乐部"
"minami-ke","南池"
"minamimoto_sho","南本翔"
"minamo_iruka","糖霜栗子"
"minamoto_no_raikou_(fate)","源赖光_（命运/冠位指定）"
"minase_(takaoka_nanase)","高冈菜奈濑"
"minase_tamaki","夜月小空"
"minato_aqua_(aqua_iro_in_wonder_land)","港都水族_(第六套服装)"
"minato_aqua_(aqua_iro_super_dream)","港都水族_(第四套服装)"
"minato_aqua_(hololive_summer_2019)","港都水族馆_(第二套服装)"
"minato_aqua_(new_year)","港都水族_(第三套服装)"
"minato_aqua_(sailor)","港都水族_(第五套服装)"
"minato_aqua_(school_uniform)","港都水族_(第七套服装)"
"minato_aya_(izumo-ss-yoshitunedenn)","出云SS优调版"
"minato_fumi","婴儿奶嘴"
"minato_ojitan","港都_(欧吉桑来了)"
"minato_yoshihiro","三户良宏"
"minato_yu_(0514)","港优0"
"minatoya_mozuku","莫祖克_(莫库兹)"
"minatsuki_alumi","阿尔姆根斯恩"
"minatsuki_nao","朝仓奈绪"
"minatsuki_randoseru","水月乱操绪，欧丹霍多"
"minatsuki_yurara","由良良_(aroma42enola)"
"minazuki_(kancolle)","水无月_(舰姬Collection)"
"minazuki_(uraha246)","水月_(用户_ejyk8423)"
"minazuki_jiyun","水无月云"
"minazuki_kurisu","曲里丝_(J-Back)"
"minazuki_kyouko","水月京子"
"minazuki_shigure","美波留·夕雾"
"minccino","冷静又可爱"
"mind_control","洗脑"
"mindflayer","伊利西斯虫"
"mine_(blue_archive)","青森矿山"
"mine_(weapon)","地雷"
"minea_(dq4)","米妮亚"
"minecraft_pickaxe","钻石镐"
"minecraft_sword","钻石之剑"
"minecraft_youtube","mcyt，细胞膜"
"minegumo_(kancolle)","水无月_舰姬Collection"
"minerva_(fire_emblem_awakening)","密涅瓦_（火焰之纹章：苍炎）"
"mineta_minoru","葡萄汁_（我的英雄学院）"
"ming_liu","莉尔米宁的美丽房子"
"mingtiantian","雷哥风子"
"mini_cooper","奥斯汀迷你款"
"mini_crown","迷你皇冠"
"mini_cu-chan_(fate)","迷你Cu酱"
"mini_hat","迷你帽子"
"mini_santa_hat","小圣诞老人帽子"
"mini_top_hat","迷你礼帽"
"mini_wings","迷你翅膀"
"mini-hakkero","迷你八卦炉"
"mini2chainz","蒲奇粉彩风格"
"miniboy","小人儿"
"minigirl","迷你女孩"
"minishell","智能 BDSM"
"miniskirt","迷你裙"
"miniskirt_pirates","性感太空海盗，迷你裙宇宙海贼，萌系海盗，萌系宇宙海贼"
"minna_de_enjoy!_spojoy_park_(project_sekai)","让我们一起享受吧！_欢乐公园_(世界计划)"
"minna_no_rhythm_tengoku","节奏天堂热症，节奏天堂热症"
"minneapolis_(wild_huntress_schoolgirl)_(azur_lane)","明尼阿波利斯_（狂野学生）_（碧蓝航线）"
"mino_(kirarayakubou)","辉夜泪光"
"mino_(minori)","mino_(zmjzvod0trjtymi)，米诺_(zmjzvod0trjtymi)"
"mino_tarou","米诺太郎"
"minoa_(lastswallow)","最后吞咽"
"minoa_11touhei","士兵11"
"minori_(blue_archive)","弥诺里·康晴"
"minoshi","心理五月"
"minoth_(xenoblade)","cole_(异度神剑2)，minochi_(异度神剑)"
"mins_(minevi)","CIEV风格，CIEV美学"
"minster_(dooke)","dgrp_(minhduc12333)，小组标签"
"minstrel_(ragnarok_online)","大师级_(《诸神黄昏在线》)"
"mint_adenade","薄荷色，阿德纳德"
"mint_chocolate","巧克力薄荷味，巧克力薄荷冰淇淋，薄荷巧克力碎口味"
"mintchoco_(mmn2)","薄荷巧克力_(DeviantArt)"
"mintchoco_(orange_shabette)","薄荷巧克力"
"minthara","明塔拉_（博德之门）"
"mintice_(asatsukimint)","薄荷味"
"minto_yupo","睡兔优芙"
"minuo","猫咪努奥"
"minus_zero69","零度"
"minwu","明武"
"minyo","兔丸，兔丸"
"mio_(dream_c_club)","mio_(dream_club)，美绪_(梦想俱乐部)"
"mioda_xi","美绪达·伊基"
"miona_yui","yui_ovo23，由依_卵子23"
"miori_celesta_(casual)","米奥里·塞莱斯塔（第二套服装）"
"miori_celesta_(comfy)","米奥里·塞莱斯塔（第五套服装）"
"miori_celesta_(old_design)","米奥里·塞莱斯塔_第一套服装"
"mira_(pokemon)","米露_(宝可梦)"
"mira_hidume","pinapo_25，皮纳波25"
"mira_kimishima","木岛奈绪美，望织女"
"miracle_hoshi","奇迹乳"
"miracle_mallet","万宝槌"
"miracle_nikki","喜爱妮基"
"mirai_hikari","未来光艺术"
"mirai_nikki","未来日记"
"mirai_shounen_conan","未来少年柯南"
"mirai99","未来X"
"mirakururu","奇迹暖暖"
"miran_(olivine_20)","橄榄石_20"
"miraroma","奇迹浪漫草莓炒蛋"
"miri_(bossu_osu)","胖墩墩的体型"
"miri_(cherryjelly)","悲叹"
"mirin_(coene65)","折原临也0111"
"mirko","美留子_（我的英雄学院），兔山露米"
"miroku_(kyon35)","京恩_（pixiv37544498）"
"mirror","镜子"
"mirrored_text","镜像书写"
"mirrorya","玉渊碎"
"mirufuaa","f_(熟女aaaaa)"
"mirukurim","香农_(chiffonx)"
"misa_mi","美沙米艺术"
"misago_(525)","出云_(用户_cmcy2878)"
"misaki_(blue_archive)","今野美咲"
"misaki_(princess_connect!)","玉泉美咲"
"misaki_d3su","破坏"
"misaki_nonaka","熊本诺米君"
"misato_(princess_connect!)","相川美里"
"misawa_daichi","三泽要塞"
"misawa_hanei","可爱，迷人"
"mischiefmiz","无比华丽"
"mischievous_straight_uniform_(blue_archive)","aris_（偶像）_（蓝档），aru_（偶像）_（蓝档），hifumi_（偶像）_（蓝档），yuuka_（偶像）_（蓝档）"
"miscon","米斯康尼"
"mise_yuzuki","库洛诺华那"
"miseo_(mrkglove)","米塞因"
"misha_arsellec_lune","米沙_阿尔采尔克_月亮"
"mishima_psycho","三岛最果"
"mishima_toshihiro","赫鲁西娅"
"mishiyomi_kazumi","美城由美，污秽感"
"misin322","呜哟呜呜"
"mismatched_bikini","双色比基尼"
"mismatched_earrings","不对称耳环"
"mismatched_footwear","双色鞋子"
"mismatched_gloves","双色手套"
"mismatched_irises","不对称虹膜"
"mismatched_legwear","双色裤袜"
"mismatched_pubic_hair","头发和阴毛颜色不一"
"mismatched_pupils","瞳孔不对称"
"misnon_the_great","误认"
"miso_(misomiso_154)","misomiso_154，美索米索_154"
"miso_melon","洛伦佐·阿格里帕"
"miso_tanuki","里丘提问"
"misogi_(princess_connect!)","望月航，美空"
"misokkasu","sa_(3_miso_3)，酱汁风格(3味噌组合)"
"misono_chiaki","美浓野蒂亚基"
"misono_denpachi","美浓女仆团"
"misora_deco","美空蕾子"
"misora_inaho","海莉·托马斯"
"misosiru_0224","德福斯科"
"miss_fortune_(league_of_legends)","莎拉·福尔图恩"
"missile","导弹"
"missile_(ace_attorney)","导弹_(逆天改判)"
"missile_pod","火箭推进舱"
"missing_tooth","缺牙"
"missingno.","迷之编号No"
"missionary","正常位"
"missmoonified_(voice_actor)","月之幻化版"
"missou_shiro","米索白"
"misteln_schariac","哈雷_崩坏：星穹铁道"
"mister_bushido","武士道先生"
"mister_popo","波波先生"
"mistral_nereis","米斯特拉尔_闪耀之心"
"misty_(pokemon)","霞_(宝可梦)，米斯蒂，米斯蒂"
"misuguu","复古风格"
"misuke_(gyouran)","惊悚氛围"
"misumi_(macaroni)","心之湖畔"
"misunderstanding","误会"
"mita_mitauzo","米塔乌佐"
"mitake_eil","三竹绘流"
"mitakihara_school_uniform","见泷原中学校制服"
"mitama_(fire_emblem)","美塔玛_(火焰之纹章IF)"
"mitama_mudimudi","mudix2，穆迪克斯2"
"mitaonsha","被注视"
"mitarai_ryota","三谷亮太"
"mitarashi_dingo","梦幻花美男"
"mitasarenai_pale_color_(project_sekai)","无法满足的淡色调_（Project Sekai），尚未满足的淡色调_（Project Sekai）"
"mitchell_(dynxcb25)","米凯鲁"
"mithra_(ff11)","密特拉"
"mithrilrim","奇想天外"
"mitisu_u","演出备注"
"mito_(commando_seagal)","青春感"
"mito_(go!go!king!)","美登子_熊"
"mitsu_(mitsu_art)","mitsu_art的画作"
"mitsu_(tendou_itsuki)","天童一心"
"mitsu_masaya","神秘少女"
"mitsuba_minoru","happa_(cloverppd)，幸福感，愉悦情绪"
"mitsubachi_(roundbee)","圆蜂，圆蜂08"
"mitsudomoe_(manga)","三津户萌绘，三津堂萌，三津户萌图"
"mitsudomoe_(shape)","巴纹"
"mitsuhamochi","玛丽塔基"
"mitsuji_mitsuyoshi","太光电化"
"mitsuki_(princess_connect!)","横滨光月"
"mitsuki_mantarou","魔法透视眼"
"mitsuki_meia","美月芽衣亚"
"mitsumine_(ookami_no_oyashiro)","我是多姆库"
"mitsumoto_jouji","三本松"
"mitsuru_(uramitsuru1206)","光（pixiv_34028718）"
"mitsurugi_ryouko","三枪凉子"
"mitsurugi_sugar","三途川糖"
"mitsutsuka","三族_(m1zzka)"
"mittens","连指手套"
"mitumi_mira","特利加"
"mituura","三津浦"
"mitya","美佳"
"mityubi","男性转女性"
"miuku_(marine_sapphire)","晴美微笑"
"miura_kentarou","三浦健太郎"
"miura-n315","直子_(naoko00)"
"miv4t","米维特"
"miwa_hitomi","strelka1983，斯特雷尔卡1983"
"miwa_yoshikazu","fa762k，三轮嘉和"
"miwabe_sakura","樱花_M"
"miwano_rag","三和野拉古"
"mixed_bathing","混浴"
"mixed_horns","角与鹿角，多种类型的角"
"mixed_martial_arts","综合格斗"
"mixed_media","手绘和数绘并存风格"
"mixed-language_commentary","双语旁白，多语种旁白"
"mixed-sex_bathing","男女混合沐浴，混浴"
"mixing_bowl","拌料盆"
"miya_(akumatokeiyaku)","myaa_（恶魔托克耶亚库）"
"miya_(sk8)","千叶美亚"
"miya_(zawarudo)","妹妹_(猫贝果)"
"miya9","白根家"
"miyabi_urumi","波克帕克曼"
"miyachi","宫地_(qqm32xk9)"
"miyahana_yu_(artist)","Kisuke君"
"miyai_sen","miyai_max，美亚MAX"
"miyako_(blue_archive)","月夜都城"
"miyako_(hidamari_sketch)","都城"
"miyako_(princess_connect!)","出云宫"
"miyako_(rgrayt)","美夜子_(00727aomiyako)"
"miyako_(swimsuit)_(blue_archive)","月夜都（泳装）"
"miyama_(yakinikusushi_the_royal)","宫山小姐"
"miyama_amehiko","宫山观音，vowzmen"
"miyama_hugin","宫山枫琴"
"miyama_leaves","宫山工房"
"miyama_mizuki_(hoshihoshi1220)","miyamav2，米亚马夫2"
"miyama_rikka","雪之花"
"miyamasuzaka_girls'_academy_school_uniform","宫崎铃女学园制服"
"miyamoto_musashi_(fate)","宫本武藏（命运/冠位指定）"
"miyanami_3","噪音_(高频噪音)"
"miyane_aki_(radical_dash)","宫根明希，radicaldash0218"
"miyasaka_miyabi","神宫寺辉，神乐坂辉"
"miyasaka_naco","宫坂中，宫坂奈子"
"miyasumi_(jam_session)","哭哭啾啾"
"miyata_sou","宫田青"
"miyauchi_lemmy","宫内雷米"
"miyayoshi_(bricola)","布里科拉，美波姬高达"
"miyazakisoul","宫崎步"
"miyazero","火影风格"
"miyazono_kawori","宫园香织"
"miyoshi_yoshimi","剧情，吉米吉米"
"miyu_(blue_archive)","霞泽美由"
"miyu_(matsunohara)","真冬叶"
"miyu_(mega_man)","黑色美雪"
"miyu_(shiyemiyu)","疼痛_(微博_7869491798)"
"miyu_(swimsuit)_(blue_archive)","霞泽美由（泳装）"
"miyuki_(kancolle)","美雪_(舰队Collection)"
"miyuki_ruria","美雪琉璃亚"
"miz_(mi)","miz_003，水泽003"
"mizin_kosutin","好多啊"
"mizoguchi_keiji","类型"
"mizoki_kei","水树京子"
"mizoro_tadashi","新多罗星"
"mizu_(dl7613)","徐睿"
"mizu_happi","山笠"
"mizuamememe","水无濑005"
"mizuhara_yuu","鸿村响，水原由，裂唇，裂唇"
"mizuho_(kancolle)","瑞穗_(舰队Collection)"
"mizuki_(koko_lost)","miz_01，水泽01"
"mizuki_(mizuki_ame)","水月雨"
"mizuki_gai","兽人化"
"mizuki_hitoshi","水树希人"
"mizuki_kotora","晓·毛"
"mizuki_makoto","杰基尔与海德，真琴美月"
"mizumi_zumi","zumi_(neronero126)，祖米_(neronero126)"
"mizumizuni","事物_(未知物)"
"mizumoto_tadashi","水滴效果"
"mizuno_(bbzzzzzzbb)","水尾_(5167236)"
"mizuno_(hal0527)","春山_（pixiv169154）"
"mizuno_sao","水野_（碎冰）"
"mizuongaku","小樱"
"mizuryu_kei","水龙系，托尔克玛达"
"mizuryuland","水龙乐园"
"mizusawa_mimori","深森须达库"
"mizuta_kenji","水天一色"
"mizuto_umi_(blue_monday)","奈留美_(蓝色星期一)"
"mizuumi_(bb)","埃武欧阿尼拉姆"
"mizuya_nao","水月"
"mk_(mikka)","mk_(batu2dragon)， mk_(巴图2龙)"
"mk_(mod0)","和气"
"mk23_(girls'_frontline)","mk23_（少女前线）"
"mk48_(girls'_frontline)","MK48_（少女前线）"
"mleth","马蒂亚斯·莱思"
"mlynar_(w_dali)_(arknights)","米勒纳_(瓦达利)_(明日方舟)"
"mm_(motot)","ako_(zlzdf)，阿科_(zlzdf)"
"mma_gloves","格斗手套"
"mmf_threesome","二男加一女"
"mming_(mmingis18)","罗森阳"
"mmlyno","欧苏蒂"
"mmmmatimmmmati","城镇，梦幻城镇"
"mndqn","提利特废墟"
"mo_(mainiti_omoti)","mo_(pixiv28646846)，莫_(pixiv28646846)"
"mo_(nmnme)","有趣又可爱"
"mo_cha_ri","时尚漂亮"
"mo_ne","搞笑，荒谬至极"
"mo_xiaoxue","我，小雪，mx"
"moai_(aoh)","莫艾石像_(pixiv196778)"
"moaning","呻吟"
"mob_cap","头巾式室内女帽"
"mobile_suit_gundam","机动战士高达"
"mobius_final_fantasy","最终幻想莫比乌斯"
"mocchi_(mocchichani)","莫奇查尼"
"mocchi_(monster_farm)","莫奇_(怪物牧场主)"
"mocco_(mocco_san1)","莫可)))，莫可_(卡米科！)"
"mocha_(mochaxgm)","摩卡_(vwxf5353)"
"mocha_kura","蓝鱼_0025"
"mochamillll","能够理解"
"mochi","麻薯"
"mochi_(m0chi0000)","达拉达拉犬之歌"
"mochi_(mochiokomet)","屎_(yagisauce_07)"
"mochi_curry","龙舌兰酒"
"mochigome_(ununquadium)","117号元素"
"mochiii-s","skr_mochi_x，史克鲁莫奇X"
"mochiko_tsuru","夏露08"
"mochimako_(mushikera_hoi2)","新井信夫"
"mochimochi_dando","千岁玛梅"
"mochimon","莫蒂蒙"
"mochini","加贝斯瓦克扎克斯"
"mochinue","莫奇努"
"mochisaka_mitsuki","广道人"
"mochitsuki","捏揉麻糬"
"mochitsuki_(mo_chooon)","日常场景"
"mochitsuki_karen","莫奇月亮咖喱"
"mochiya_marosuke","贾贾马罗"
"mochiyukimi21","巧克力恋爱00"
"mochizuki_(kancolle)","望月_(舰队Collection)"
"mochizuki_ado","望月亚朵"
"mochizuki_anko","巴布伊克斯"
"mochizuki_chiyome_(fate)","望月千代女_（命运/冠位指定）"
"mochizuki_erena","望月艾琳娜"
"mochizuki_inochi","alisky，王月明_樱花"
"mochizuki_riku","卡塔罗苏"
"mochizuki_ryouji","望月亮治"
"mochizuki_saku","摸乳，抚胸"
"mochizuki_shiina","玛莉莫莫卡"
"mococo_abyssgard_(new_year)","莫可可·阿斯加德（第二套服装）"
"modao_zushi","魔修大宗师，魔道祖师"
"modare","莫西人"
"model_a_(mega_man)","模型A"
"model_kit","普拉莫模型"
"model_zx_(mega_man)","model_zx模型"
"moderate_pubic_hair","中分的阴毛"
"moe_(blue_archive)","风仓萌娘"
"moe_(splatoon)","熊野_(喷射战士)"
"moe_(swimsuit)_(blue_archive)","风仓萌（泳装）"
"moe_moe_kyun!","萌萌气喘声"
"moecode","太阳芯片"
"moedomura","紫罗万象"
"moegi_high_school_uniform","红发，马赛克风格，高中校服"
"moeko_(moeko0903)","缪蔻_(莫埃科0903)"
"moeno_uni","罗科莫科"
"moepu.","上池清二"
"moero!_justice_gakuen","萌え正义学园"
"mofmof_(sousa)","狸猫涅伊里"
"mofumofuen_(idolmaster)","毛茸茸风格"
"mofurun_(mahou_girls_precure!)","萌芙伦_（魔法少女光之美少女！）"
"mogami_(kancolle)","摩伽美_(舰队Collection)"
"mogeko_(species)","莫吉可_（莫吉可城堡）"
"mogg","歌手_演唱"
"mogi_yasunobu","睡觉_(混音版)"
"mogito","卡布奇诺"
"mogu_(au1127)","mog_（艺术家）"
"mogumogu_fuyoudo","莫古莫古医院"
"mohawk","莫霍克发型"
"mohei","莫黑飞"
"moirai_(project_moon)","摩伊拉_(鲁伊纳之书)"
"moire","莫尔纹"
"moja_(rainpoow)","moja_(moquackja)，雨之精灵"
"mojakkoro","一七酱"
"mojibake_text","乱码"
"mojo","莫吉ョ"
"moke_ro","莫克劳"
"mokkedon","mkmk_aj_06的中文翻译"
"mokki_(smtkmokki)","莫基莫里"
"moko_(mokochisa)","moko_(3886397)，莫科"
"mokomoko_yanakku","可爱少女"
"mokorei","芹菜_欧伊西伊伊"
"moku_(muooku)","无法躲避"
"mokuren_(mozukukirai88)","莫祖库基莱88"
"mole","痣"
"mole_on_armpit","腋下痣"
"mole_on_breast","乳房上有痣"
"mole_on_foot","脚底痣"
"mole_on_neck","脖子上有痣"
"mole_on_thigh","大腿上有痣"
"mole_under_eye","眼角有痣"
"mole_under_mouth","嘴角有痣|美人痣"
"moleshi","莫希伊莫"
"molestation","性骚扰"
"molly_hale","我_斯诺登"
"molten_rock","熔岩"
"molyb","特鲁"
"molymes","白道"
"momae_mac","萌前缀"
"momendoufu","bullseye1203，帕布里西亚苏"
"momentcorefly","莫可普鲁"
"mometsu_033","ayin_033，艾因_033"
"momihige","莫三希格"
"momiji_(blue_archive)","秋泉红叶"
"momiji_kei","可爱风格"
"momijigari","红叶列车"
"momijizuki_luna","混沌之月"
"momimaki","红叶_(103)"
"momo_(idolish7)","momo_(idolish_7)，砂原桃世"
"momo_(last_origin)","魔法莫莫"
"momo_(nikki)","momo_（奇迹妮基）"
"momo_no_suidou-sui","桃之水渡"
"momo_no_sukebe","ebekus_omom，埃贝库斯妈妈"
"momo_walnut","真由_(mamayu_512)"
"momo-chan_atakku","用户_dgwk7354"
"momochi_(orrizonte)","百千"
"momogaa_(girls_und_panzer)","桃花，桃濑塔姬"
"momoi_(blue_archive)","齐场萌衣"
"momoi_(maid)_(blue_archive)","西巴·莫莫伊（女仆）"
"momoka_(blue_archive)","百合子，桃香"
"momokan_(kandume200)","假面_(kandume200)"
"momoko_(momopoco)","桃子_(桃子春)"
"momokumo","理查德八世"
"momoman_(pink_voltage)","桃子人，粉色电压"
"momonosuke_(u-ma991028)","桃子之信介"
"momori","森本_68"
"momoriko","hibi_(grangcat)，希比（格兰格猫）"
"momose_hikaru","光_(peace@pieces)"
"momosuzu_nene_(casual)","桃铃奈奈（第二套服装）"
"momosuzu_nene_(cheerleader)","桃铃奈奈_（第四套服装）"
"momosuzu_nene_(new_year)","桃铃奈奈（第三套服装）"
"momozu_komamochi","小桃子，可玛"
"momuraer","momu_（陌生人）"
"mon_(icebuko)","冰之布科"
"mon_(manarestra)","真名乐谱"
"mon-musu_quest!","怪物女孩任务"
"mona_(2ch)","君主，国王"
"mona_(genshin_impact)","莫娜·梅吉斯图斯"
"mona_(shingeki_no_bahamut)","米姆"
"monaka_curl","karu_(qqqtyann)，卡鲁_(qqqtyann)"
"monamin","托马斯·休伊特"
"monarch_(black_gerard)_(azur_lane)","君主_(黑色旗袍)_(碧蓝航线)"
"monarch_(white_warrick)_(azur_lane)","君主_(纯白庄严版)_(碧蓝航线)"
"monch_(arknights)","莫希_(《明日方舟》)"
"mondaiji-tachi_ga_isekai_kara_kuru_sou_desu_yo?","问题儿童来自异世界，对吧？"
"mondi_hl","蒙迪"
"mondo_(xenoblade_3)","片城_异度神剑"
"mondragon_m1908_(girls'_frontline)","M1908步枪_（少女前线）"
"monety","莫内蒂（大福）"
"money","钱"
"money_bag","钱袋子"
"moni_(credo)","蒙里戈"
"monigechan","me1j1，单基因组"
"monita_(matataku)","玛塔塔猫"
"monitor","显示器"
"monkey","猴子"
"monkey_d._luffy","蒙奇·D·路飞"
"monkey_ears","猴耳"
"monkey_tail","猴尾"
"monkeyyan","颜 Wong"
"monmon_(sleepymonmon)","sleepy_mond677，睡梦蒙蒙677"
"monmusu_harem","萌娘后宫"
"mono_(freerotary)","忠臣"
"mono_(mono_mon)","0ye，单色风格"
"mono_02","mono_0157，单色版0157"
"monobe_yuri","森谷萌音"
"monochrome","单色画"
"monochrome_background","单色背景"
"monocle","单片眼镜"
"monoco55","单糖"
"monokubo","有塚_(13033303)"
"monokuro_(snog)","齐蓬裙"
"monoma_neito","幻影窃贼_（我的英雄学院）"
"monomi_(danganronpa)","单见同学_弹丸论破"
"monomi_(danganronpa)_(cosplay)","单见同学_(弹丸论破)_(角色扮演)"
"monomi_(nasdai)","单体"
"mononobe_kyoma","单叶_房总"
"mononoke_hime","幽灵公主"
"monophanie","单搞笑"
"monosenbei","双赢模式"
"monotaro_(danganronpa)","单太郎_(弹丸论破)"
"monster","怪物"
"monster_(manga)","怪物_(动漫)"
"monster_boy","亚人"
"monster_farm","怪物牧场主"
"monster_girl","人外娘"
"monster_hunter_(series)","怪物猎人"
"monster_musume_no_iru_nichijou","我和怪物女孩的生活"
"monster_musume_no_oisha-san","怪物女孩医生"
"monster_world_iv","怪物世界4"
"monsterification","魔物化"
"monsuke_(monban)","非人怪物"
"monteriakitto","蒙特里"
"monuke_(monu)","川原嘌呤，门野面露"
"monyomoke","伊古纳穆雷伊多"
"moon","月亮"
"moon_(love-de-lic)","月亮：_混音_RPG冒险"
"moon_phases","月相"
"moon_rabbit_extra_(touhou)","月兔_（东方Project）"
"moon_stick_(sailor_moon)","月亮棒"
"moona_hoshinova_(casual)","月野星乃_(第三套服装)"
"moona_hoshinova_(punk_rock)","月野星乃_(第四套服装)"
"moonlight","月光"
"moonlight_flower","沃利亚法"
"moonlight_greatsword","暗月巨剑，圣月之光之剑"
"moonshen_timojim","埃尔琴科"
"moonsun77773","迪夫_(古连_1051)"
"moonzero_(cdggam)","cdggam_jp，日本风格"
"mop","拖把"
"mop_0211","拖把_6_6"
"mora_(moragooyoo)","jn_7_3，编号为7的第三类标签"
"morag_ladair_(xenoblade)","梅莱芙_（异度神剑），莫拉格_（异度神剑）"
"mordeth","多库玛穆希556"
"mordred_(fate)","莫德雷德（命运）全系列，红之剑士"
"mordred_(fate/apocrypha)","红色长剑"
"mordred_(true_samadhi_fire)_(fate)","真如禅定之火"
"morgan_(female)_(fire_emblem)","摩根_(火焰之纹章)_(女性)"
"morgan_(fire_emblem)","mark_(火之纹章)"
"morgan_(male)_(fire_emblem)","摩根_(火焰之纹章)_(男性)"
"morgan_le_fay_(water_princess)_(fate)","aesc_（第三次升天）_（命运）"
"mori_(unknown.)","未知人物"
"mori_calliope","森之卡利俄珀"
"mori_calliope_(new_underworld_order)","森·卡利俄珀（第五套服装）"
"mori_calliope_(new_year)","森·卡利俄珀_（第四套服装）"
"mori_calliope_(party_dress)","森·卡利俄珀_（第三套服装）"
"mori_calliope_(sheriff)","森·卡利俄珀_（第七套服装）"
"mori_calliope_(sleepwear)","森·卡利俄珀_（第六套服装）"
"mori_calliope_(streetwear)","森·卡利俄珀_第二套服装，森·卡利俄珀_休闲装"
"mori_kei","森系女孩"
"mori_kotarou","森浩太郎"
"mori_no_kaeru","沙月梅_（樱饼）"
"mori_toshiaki","新鬼郎"
"mori_yoshihara_(naozuri)","森吉原奈绪（里茨联动）"
"mori_yuki","诺娃·福雷斯特"
"moriah_(chronicles_of_mystara)","莫莉亚"
"moribe_(rabumanyo)","本谷佳奈，拉布曼约"
"morichika_rinnosuke","黑轮，森一朗"
"morigami_(morigami_no_yashiro)","D风格婚礼"
"moriguchi_nao_(naonao)","娜娜奥77"
"morii_shizuki","森静子，绘画狂热"
"morimoto_kiyona","d_kurouri，库洛莉"
"morinaga_miki","森永_晴森"
"morino_(harpoomoss)","小熊大"
"morino_kiriko","森之晶子"
"morino_koara","考拉_(巧克力果酱)"
"morino_peko","佩库拉拉"
"morino_wako","森野和子"
"morishima_hodaka_(tenki_no_ko)","森崎翔高"
"morishima_noriko","森岛纪子（noriko_mrsm），noriko_mrsm"
"morishita_makoto","心之罪"
"morisshii_(morishiey)","森之麒麟"
"moritaka_(housamo)","森隆太_(东京放课后的召唤师)"
"moriya_meguri_(artofhuan)","森谷梅栗"
"moriya_naoki","活化作用，美味口感"
"moriya_suwako","/MS风格"
"moriya's_iron_rings","森谷的铁环，森谷的铁戒指，森谷的多枚铁环，森谷的戒指，森谷的多枚戒指"
"moriyama_shijimi","翅膀"
"moriyama_yuuki","西泉达嗣"
"morizono_shiki","时钟_时钟艺术"
"morning","早晨"
"morning_glory","牵牛花"
"moroboshi_danshaku","莫罗波希_(宙尼克侧3)"
"morochin_(mo_loss_an)","莫罗_英由"
"moroes","巨乳，忧郁"
"morogami_ryou","石切丸，凉宫美留衣"
"moroheiya_(moroheiya-works)","moroheiya_(user_harz4842)，莫罗黑亚（用户harz4842）"
"morokoshi_(tekku)","铁虎_(07201115)"
"morpeko_(full)","莫佩可_吃饱肚子状态"
"morros","亚鲁鲁苏"
"morrow_(hitodama-x)","morrow_（艺术家）"
"morry","罗英锡"
"mortal_kombat_(series)","真人快打"
"mortar_(bowl)","灰浆"
"mortarboard","毕业帽，学位帽"
"morty_(pokemon)","松叶鹿_(宝可梦)"
"moruchi_(rinaka_moruchi)","森内梨奈卡，高根女高音"
"moruhi","贝尼库索酱"
"morumoru_x","uyuyu_(uyu)，uyuyu_uyu，雪之镰仓"
"mosaic_censoring","打了马赛克"
"mosamosaobake","mosa的幽灵，mosa331"
"moses_(fate)","摩西_(命运/原型碎片)"
"moses_(project_moon)","摩西_（扭曲侦探）"
"moshiwa_(indigollite)","巴布里"
"mosi_l","莫西_(z1216150815)"
"mosin-nagant_(girls'_frontline)","莫辛纳甘_(少女前线)"
"moss","苔藓"
"mossan351","我是主人"
"mosui_(kori_can)","莫苏_(柯莉坎)"
"moth_antennae","蛾耳"
"mother_(series)","母亲_游戏"
"mother_1","地球冒险篇起始，地球冒险篇零"
"mother_2","地球Bound"
"mother_and_daughter","母女"
"mother_and_son","母子"
"motherly","母性"
"moti_ken","ms-07-b3，模型编号MS-07-B3"
"moti_yousei","大福馒头（赤红色）"
"motion_blur","运动导致的模糊"
"motion_lines","体现运动的线"
"motizou","萌姿"
"motoharu_(danshi_koukousei)","元春_（男子高校生的日常）"
"motohashi_mari","猫奴症"
"motonaga_hiroya","异世界"
"motono_(sakamotono)","坂本野"
"motoori_shiro","白_(放送部)，白_(东京放学后召唤师)"
"motor_vehicle","机动载具"
"motorcycle","摩托车"
"motorcycle_helmet","摩托头盔"
"motsutoko","奥奇4助"
"motteke!_serafuku","萌系！制服"
"motto_(night_wear)","摩卡_(莫卡阿波尔卡)"
"mouchu","萌楚_DOC"
"moudoku_(decopon3rd)","11_(decopon3rd)，11_(dekopon3rd)，11_(凸-pon3rd)"
"mount_fuji","富士山"
"mount_lady","竹山由"
"mountain","山"
"mountain_han","山神"
"mountainous_horizon","山地地平线"
"moupii_(hitsuji_no_ki)","猫耳装"
"mouse","老鼠"
"mouse_(animal)","老鼠，鼠类，大鼠"
"mouse_(computer)","鼠标"
"mouse_ears","老鼠耳朵"
"mouse_girl","鼠娘"
"mouse_marisa_(yuasan)","玛丽莎老鼠"
"mouse_tail","鼠尾巴"
"mousetrap","捕鼠器"
"mousou_(mousou_temporary)","莫索，莫索_（临时移动）"
"mousou_dairinin","偏执特工"
"mouth","嘴"
"mouth_drool","嘴角画着口水滴形状的缺口"
"mouth_hold","用嘴叼着"
"mouth_mask","口罩"
"mouth_veil","面纱"
"movie_theater","电影院"
"mowang_yu","恶魔王鱼"
"moyashi_(m-planter)","莫亚西_艺术家"
"moyashi_san4","don_(sjag3855)，萌矢创作"
"moyashi_toufu","桂守_(萌萌猫头鹰)"
"moyashimon","莫亚西蒙：农业物语"
"moyazou_(kitaguni_moyashi_seizoujo)","萌野四重奏"
"moyna","蓝胡姬，莫伊娜莫伊娜"
"moyoron","野介_(Pixiv)"
"moyume","萌芽_(893604064)"
"mozu_(fire_emblem)","萌女_(火焰之纹章IF)"
"mozu_(modagoro)","44dots(艺术家)，人兽混血"
"mozukuzu_(manukedori)","马努凯多里"
"mp-446_(girls'_frontline)","mp-446维京人_（少女前线）"
"mp40_(girls'_frontline)","MP40_（少女前线）"
"mp5_(girls'_frontline)","MP5_（少女前线）"
"mp7_(girls'_frontline)","MP7_（少女前线）"
"mr._compress","安藤诚，沙子"
"mr._ebidou","ebi_525，虾子_525"
"mr._game_&_watch","Mr._游戏与手表"
"mr._krabs","尤金·H·克拉斯布斯"
"mr._mime","mime先生，米姆先生"
"mr._prog_(mega_man)","mr._prog，程序员先生"
"mr.blackcat666","黑猫先生"
"mr.canaryy","金丝雀莉莉"
"mr.cockroach","未找到该人物603"
"mrkg_(arsfatuus)","阿尔斯洛德"
"mrs._kujo","九条夫人"
"mrt_mr","异色瞳"
"ms._fortune_(skullgirls)","娜迪亚·福尔图恩"
"ms._tsu","月见美绪，月见美绪的衍生作品"
"mtu_(orewamuzituda)","MTU大小"
"mua_(mua_pb)","LKDV风格"
"mucc_(ren0522)","伊丽莎白_(ren0522)"
"mucha_(muchakai)","无脸人"
"muchi_maro","小极地猛犸象"
"muffin","松饼"
"muffin_(sirumeria)","西鲁梅里亚"
"mug","带柄的杯子|马克杯"
"mugen_no_ryvius","无限瑞维乌斯"
"mugen_silhouette","无限轮廓"
"mugendramon","机械龙魔神"
"mugetsu_(touhou)","无月"
"muginome_(bakuga_chan2)","凯塔_（皮皮佩诺佩）"
"mugiotoko","画鱼"
"mugisepa","黛瑟帕宗，德帕肯"
"mugishima","阿芙露"
"mugita_(mokankan)","莫坎坎"
"mugita_konomi","吉佩"
"mugiusagi","天狼星阿吉穆ギ"
"mugshot","犯罪照片，嫌犯照片，监狱照片"
"mugupo","RWBY同人艺术作品集"
"muhamaru_yuni","贾希"
"muhi11234","（笑脸）_（pixiv198858）"
"mui_maru","面马_(ru28)"
"mujin_wakusei_survive","在无人星球上生存，于无人星球上求生！"
"mujinbensin","金奈笔记，无心生物"
"mujizi","无脸男"
"mujun-gatamari_(meme)","无嘴玉子"
"muk_(monsieur)","镜音铃社团"
"muka_tsuku","穆卡茨库尔斯普"
"mukaibi_aoi","戈贝拉"
"muki_(muki_kunxd)","ki-san_（17933537），ki-san_（木叶）"
"mukkuru","穆库鲁"
"mukou_aoi_(totono)","口红青色（你与她与她的恋爱）"
"muku_(muku-coffee)","猫咪咖啡"
"mukunokino_isshiki","色彩缤纷314"
"mukyuu","姆Q"
"mulihaohao","令人不适的内容"
"mullmull02","莫多基"
"multi-strapped_bikini","细带款比基尼"
"multi-tied_hair","头发绑着多条系带"
"multicolored","多彩的"
"multicolored_background","多色背景"
"multicolored_bikini","多色款比基尼"
"multicolored_bodysuit","多色款连体衣"
"multicolored_cape","多色款斗篷"
"multicolored_clothes","多色款衣服"
"multicolored_dress","多色款连衣裙"
"multicolored_eyes","有多种颜色的眼睛"
"multicolored_gloves","多色款手套"
"multicolored_hair","多色的头发"
"multicolored_kimono","多彩和服"
"multicolored_legwear","多色款腿部服饰"
"multicolored_nails","多彩指甲"
"multicolored_shirt","多彩衬衫"
"multicolored_skin","多彩皮肤"
"multicolored_skirt","多色款裙子"
"multicolored_stripes","多彩的条纹"
"multicolored_wings","有多种颜色的翅膀"
"multiple_4koma","多列四格漫画"
"multiple_bows","多只蝴蝶结"
"multiple_boys","多个男孩"
"multiple_braids","多股(麻花)辫"
"multiple_crossover","多部作品的角色或元素同框"
"multiple_dogs","一群狗"
"multiple_earrings","多个耳环"
"multiple_fellatio","多人口交"
"multiple_girls","多个女孩"
"multiple_hair_bows","头发上有多只蝴蝶结"
"multiple_heads","额外头部"
"multiple_legs","多足角色"
"multiple_monochrome","多个单色结构拼接成的"
"multiple_others","多个性别暧昧的角色"
"multiple_paizuri","两个女性(两对胸)进行乳交"
"multiple_penises","阴茎包围网"
"multiple_persona","多重形象的角色"
"multiple_riders","多人骑着车"
"multiple_rings","戒指"
"multiple_style_parody","风格拼贴"
"multiple_tails","多条尾巴"
"multiple_views","多角度|多姿势"
"multiple_wings","多对翅膀"
"multiple-barrel_gun","多管枪械，多管枪支"
"mumechi","梅千代1"
"mumen_rider","无许可骑手"
"mumere_(9_xa9)","831_点号"
"mummy","木乃伊"
"mumumu_(three_emu)","中友"
"munah_munah","舞沼真依"
"mundane_utility","超能力或魔法用于日常使用"
"muneate","胸甲"
"muneshiro_(hitsuji_kikaku)","羊_(羊之计策)"
"munlu_(wolupus)","露·HPink"
"munou_na_nana","没有天赋的奶奶"
"munyuu","文宇"
"muo_(muojjang_0929)","黑鸟_(网绘版)"
"murabatodenki","枪羽电"
"murai_shinobu","mi_(pixiv91989)，米_(pixiv91989)"
"muraka_(numacha)","津太郎"
"murakami_kou_(raye)","村上丽"
"murakami_meishi","明治（医疗），医疗（loiiiii）"
"murakami_yuichi","村上由宇"
"murakumo_(kancolle)","云雾_(舰队Collection)"
"muramitsu_(d3jgv)","d3jgv，蜜柑_(pixiv23066428)"
"murasaki_(kyokugen_dasshutsu)","june_(zero_escape)，仓敷茜"
"murasaki_shikibu_(purple_eye)_(fate)","紫色眼睛_(命运/冠位指定)"
"murasaki_shion_(gothic_lolita)","紫苑_第五套服装"
"murasaki_shion_(hololive_summer_2019)","紫苑_真红_(第三套服装)"
"murasaki_shion_(magical_girl_maid)","紫苑_真红_(第六套服装)"
"murasaki_shion_(new_year)","紫苑_深红_(第四套服装)"
"murasaki_shion_(qi_idol)","紫苑_真红_(第二套服装)"
"murasaki_shion_(school_uniform)","紫苑_深红_(第七套服装)"
"murasaki_yuna","mrsk333333，尤娜的异变"
"murasakio","紫红色系"
"murasame_(kancolle)","苍雷_(舰姬Collection)"
"murata_mine","我的IMH"
"murata_range","村田莲司，村田范围"
"muraya_yoshihisa","村良卡库"
"murayama_ryota","村山亮太"
"murch_(splatoon)","刺猬头_(喷射战士)"
"murenase!_shiiton_gakuen","塞顿学院：加入兽群吧！"
"muri_(pan'ichi_murimuri_geinin)","雪月花"
"murian_(fate)","穆里安_（命运）"
"muromaki","mrmk_z，穆罗马基（杜宾犬）"
"muryotaro","忧郁"
"musaigen_no_phantom_world","五彩斑斓的幻境世界"
"musashi_(kancolle)","武藏_(舰队Collection)"
"musashibou_benkei_(fate)","武藏坊弁庆（Fate），武藏坊弁庆（Fate/Grand Order）"
"muscular","肌肉，强壮的肌肉，肌肉发达的男性"
"muscular_child","肌肉质女性儿童，肌肉质萝莉，肌肉质男性儿童，肌肉质少年"
"muscular_female","肌肉发达的女性"
"musekinin_kanchou_tylor","《不负责任的泰勒船长》，《不负责任的泰勒船长》"
"musen-shiki_sanhankikan","赤花，无间式三寒天馆，无间式三寒天馆"
"mush","芬加尔·菲尼克斯"
"mush_(mushlicious)","比马·拉赫玛"
"mushanokouji_iwai","无下限之外"
"mushihime-sama","紫式部，紫式部大人"
"mushihime-sama_futari","Mushihimesama双子版"
"mushpz","韩剧纪录片"
"mushroom","蘑菇"
"music","音乐"
"musical_note","音符"
"musical_note_hair_ornament","音符发饰"
"musou_orochi","鬼族战士"
"musou_orochi_2","鬼族战士2"
"musou_yuchi","雪月由纪"
"musshu_(omu001)","先生"
"musson","印度综合香料（afyjltyabieruvb）"
"mustache","胡子"
"mustadio_bunansa","穆斯塔迪奥·布南扎"
"musume_(yuunama)","女儿，少女"
"musunde_hiraite_rasetsu_to_mukuro_(vocaloid)","肌肉膨胀，线条紧实，轮廓分明"
"musyne_xsk","微音集_xsk"
"mute_(mute89539160)","霓虹色，连科图122"
"muted_color","哑光"
"muteki_choujin_zambot_3","无敌机器战兵3"
"muten_roushi","龟仙人，罗西大师，无天罗西"
"mutenka_(plfgb)","PLFGB风格"
"muteppona_hito","SVD趣味内容"
"muto_(n0sug4r)","kae610_oekaki，枫叶610的绘图风格"
"muto_yugi","武藤勇气，武藤优贵，元勇气，武藤勇，武藤·勇气"
"muton_(muton82)","PRS鼓点，Dubstep风格"
"mutou_ham","汤姆-马苏"
"mutou_kazuki","武藤一树"
"mutou_mame","无耳_(94753939)"
"mutou_tooru","无耳托鲁"
"mutsu_(kancolle)","陆奥_舰姬Collection"
"mutsuki_(blue_archive)","朝雾睦月"
"mutsuki_(kancolle)","睦月_(舰姬Collection)"
"mutsuki_(moonknives)","月之匕首"
"mutsuki_(new_year)_(blue_archive)","朝雾睦月（新年版）"
"mutsuki_(tsugaidanuki)","arana_21，阿拉娜21"
"mutsuki_raimu","曲美月"
"mutsuki_riichi","一月份俊和"
"mutsuki_yui","桐生由宇，可罗莫"
"mutsumi_(utawarerumono)","睦美_（歌之恋）"
"mutsumura_ryuuichi","红宝石色眼睛"
"mutsutake","诺可诺可_曲奇"
"muu_(mumumer)","村正寿司"
"muu_rian","nameman_murian，穆里安人名"
"muu_shuwuu_(megami_tensei)","萌兽宝可梦，萌兽宝可梦_女神转生"
"muuba","巨乳，爆乳"
"muunyan_(yumenekoya)","穆尼亚科"
"muv-luv","机动战士高达，机动战士高达系列"
"muv-luv_altered_fable","穆夫卢夫修改版神话故事"
"muv-luv_alternative","muvluv替代版本"
"muv-luv_alternative_(anime)","muvluv替代版（动漫）"
"muv-luv_alternative_chronicles","穆夫卢夫：另类编年史"
"muv-luv_alternative_strike_frontier","穆夫卢夫，替代版，打击，边境"
"muv-luv_total_eclipse","穆夫卢夫全食篇"
"muv-luv_unlimited:_the_day_after","muvluv_unlimited:_the_day_after：无限之恋：次日"
"muv-luv:_dimensions","不朽者：_穆夫卢夫变体，穆夫卢夫：_维度"
"muyekikikikikikikiya","树原和也"
"muyoshito","207loz，吉人_（muyoshito207）"
"muyue","帕程"
"muzet_(tales)","缪斯_《希利亚的传说》"
"muzin_chan","乌米塔·乌米乌西"
"muzinneki","vab.mp4视频"
"muzzle_device","闪光隐藏器，闪光抑制器，枪口制退器"
"muzzle_flash","枪口火光"
"mx._moz","迈克尔·李·伦斯福德，迈克·L·伦斯福德，M·李·伦斯福德"
"mx2j","mx2j_(nsh6394)，墨西哥风格，二次元，动漫角色"
"my_dear_vampire_(idolmaster)","我亲爱的吸血鬼"
"my_little_pony","/mlp，我的小马驹"
"my_little_pony:_friendship_is_magic","我的小马驹，友谊就是魔法"
"my-hime","舞姬，舞姬，舞姬，我的公主"
"my-otome","萌娘恋爱，萌娘恋爱，萌娘恋爱，我的萌娘，我的静女，我的静女"
"myabit","托基屋"
"myaku-myaku","生命的光辉"
"myakuro","夜黑雨声"
"myanja","哦佩"
"mym_(dragalia_lost)","穆穆_（失落的龙族）"
"myne_(honzuki_no_gekokujou)","梅茵（红月之王国），罗泽米妮（红月之王国）"
"myon_(tokipi)","电视色情内容"
"myoukou_(kancolle)","萌王_(舰队Collection)"
"myoushun","闽南语"
"myrrh_(fire_emblem)","没药"
"myske_(myst34415756)","用户pycf8872"
"mysterious_heroine_x_(fate)","女主角_X，神秘女主角_X"
"mysterious_heroine_x_alter_(fate)","女主角_x_（变体），神秘女主角_x_（变体），神秘女主角_x_（变体）_（命运）"
"mysterious_heroine_xx_(fate)","神秘女英雄_xx_（外国人）"
"mysterious_man_(fire_emblem)","布鲁诺_火焰之纹章"
"mystic_(fft)","Oracle_(FFT)，奥拉克尔_(快速傅里叶变换)"
"mythical_pokemon","神兽(口袋妖怪)"
"mythra_(xenoblade)","光_(异度神剑2)，米丝拉_(异度神剑2编年史)"
"myucel_foalan","我的用户福兰"
"myumyu431","喵呜喵呜"
"myumyutain","科罗萨奈德"
"myvia_mokols","我的喷气机"
"n_(m_ohkamotoh)","冬雨凛，冈本真奈美"
"n_corp._fanatic_(identity)_(project_moon)","n_corp._（身份）_（项目月亮）"
"n:go","尼戈"
"n.s.egg","n_s_蛋"
"n'doul","恩杜尔"
"na!_(na'mr)","无人岛"
"naaga_sonomono","娜迦_(njzw2422)"
"nababa","横山新太，巴拿马（艺术家）"
"nabe_puyo","渚纱织"
"nabeshima_tetsuhiro","露娜德·露娜"
"nabeya_sakihana","水果"
"naccha_(nawacchi)","和津酱"
"nachetanya_loei_piena_augustra","纳舍塔尼亚·洛伊·皮埃娜·奥古斯特拉"
"nachi_(kancolle)","纳奇_(舰队Collection)"
"nacho_(nacho_1103)","疯狂兔子"
"nachoneko","纳乔_（天城夏树）"
"nachos_(chos_na)","chos_1129，角色1129"
"nachoz_(nachozart)","纳乔扎茨，纳乔_(娜茨基酱)"
"nadaka_harutsugu","梅干菜_(懒懒)"
"nadia_la_arwall","娜迪亚"
"nae_(rno)","纳诺_(RNO)"
"naegi_(naegidokoro)","二比"
"naegi_(naegifutaba)","奈埃吉"
"naegi_happy","蜜瓜投掷"
"naegino_sora","空之羽根"
"nagaburo_imoni","长蛇浴妖怪"
"nagainosfw","长发_（jorgemendozaart）"
"nagami_yuu","四月鲤鱼，彩罐派对"
"naganami_(kancolle)","长波_(舰姬Collection)"
"nagano_mamoru","长野守"
"nagano_rira","乌尼莉拉"
"nagant_revolver_(girls'_frontline)","M1895_（少女前线），纳甘左轮手枪_（少女前线）"
"nagara_(kancolle)","长良_(舰姬Collection)"
"nagasaki_yuko","核弹皮套，长崎"
"nagashii_kouhei","石字旁，石字旁_(3104本缀)"
"nagato_(great_fox's_respite)_(azur_lane)","长门_（大狐的睡衣）_（碧蓝航线）"
"nagato_(great_fox's_white_gown)_(azur_lane)","长门_（大狐的白装束）_（碧蓝航线）"
"nagato_(kancolle)","长门_(舰姬Collection)"
"nagato_tsumugu","菲尼阿斯"
"nagato_yuki","/ny，雪女"
"nagato_yuki-chan_no_shoushitsu","雪奈子小姐的消失"
"nagatoro_hayase","长门有希"
"nagatsuki_(kancolle)","长月_(舰姬Collection)"
"nagatsukiariake","长月安丝特"
"nagayama_kaede_(yukimoto_shuuji_(gurigura))","狗娘（雪本修二（咕噜咕噜））"
"nagayama_yuunon","樱花飞舞的天空"
"nagayori","初雪"
"nageki_no_bourei_wa_intaishitai","让这颗悲伤的灵魂安息吧！"
"nagi_(kannagi)","长发"
"nagi_(namae11x)","名称_CCL"
"nagi_aoi","足仓真希"
"nagi_no_asukara","海上的宁静，永远如此"
"nagi_ria","长发莉亚"
"nagi_ryou","nagi_(艺术家)，s.e.c"
"naginata","薙刀"
"nagio_(kiona)","基奥娜_（长颈鹿基奥娜）"
"nagioka","黑色皮肤，深黑肤色"
"nagisa_(blue_archive)","桐富士渚"
"nagisa_kaworu","塔布里斯_（新世纪福音战士）"
"nagmo_chaaan","戈马努"
"nago_purin","乔林"
"nagumo_(nagumon)","长门咖喱布丁"
"nagumo_kuu","长门咕咕"
"nagura_setsuko","长仓_(少女与战车)"
"nagura_shiro","艾卡_(1019-明里)"
"naguru_(cyoroama)","水星7号"
"nagusa_(blue_archive)","长须戈流"
"nah_(fire_emblem)","nn_(火焰之纹章)"
"naha78","隐布"
"nahara_saki","纳哈拉2615"
"nahida_(genshin_impact)","库萨娜莉_(原神)"
"nahonanaho","抽袋"
"naib_subedar","雇佣兵_(身份_V)"
"naidong_(artist)","音婷天"
"naik","秋叶原娜库鲁"
"nail","钉子|指甲"
"nail_(hardware)","指甲"
"nail_art","美甲"
"nail_bat","指甲蝙蝠"
"nail_biting","咬指甲"
"nail_polish","指甲油"
"naima_(ado)","naima_(usseewa)，奈玛（乌塞瓦）"
"naingnaing","白服女，人形生物"
"nairisa","hori_(2000000)，堀井宏树"
"nairobi_song","绚丽的奈落"
"naitou_ryuu","奈特克，奈斗龙"
"naji_yanagida","hako_(mypixid)，哈科_(mypixid)"
"najica_dengeki_sakusen","奈吉卡·闪电战术"
"najiu_jiao_xiaolan_ba","火红的下摆袖装L"
"najucaju_naju","纳朱卡朱"
"naka_(buttergirl_02)","黄油女孩_02"
"naka_(kancolle)","中川_(舰队Collection)"
"nakaaki_masashi","木偶人"
"nakaba_(mode)","中场_(nkbexx)，由乃涂伊塔"
"nakabayashi_reimei","中场雷明"
"nakagawa_waka","中川贝丝"
"nakahara_(mu_tation)","变异"
"nakajima_(girls_und_panzer)","中岛蕾拉"
"nakajima_rei","马尼图"
"nakajima_yuka","数字爱好者"
"nakajima_yuuko","中岛_(弹丸论破)"
"nakami_chihiro","中岛奶酪"
"nakamura_kanko","鬼丸"
"nakamura_rohane","刘七天堂_fr"
"nakamura_sumikage","千音输入法，多比卡盖桑"
"nakamura_yukitoshi","太空人2"
"nakamura_yuri","百合_(天使节拍！)"
"nakano_(2_mannaka)","中野_（mitinni_tk）"
"nakano_maru","imo_(evekelu-111)，我的看法_（evekelu-111）"
"nakarai_takumi","tn_(中机军火库)"
"nakashi_masakumi","夜奈卡·中之马"
"nakashima_(pluscolor)","onecold，彩色增强"
"nakatama_kyou","黑翼"
"nakatani_(naka6130)","naka_(sm6130)，中田（sm6130）"
"nakatsugi_kyuuma","九马_（放送部），九马_（东京放学后召唤师）"
"nakayama_miyuki","乳名，昵称"
"nakazawa_aki","阿基奥拉佩尼奥"
"nakazawa_kaori_(moriya_naoki)","中泽香织"
"naked_apron","裸体围裙"
"naked_bandage","裸体且裹着绷带"
"naked_cape","裸体且披着斗篷"
"naked_chocolate","裸色巧克力"
"naked_coat","裸体且披着大衣"
"naked_hoodie","裸体且穿着连帽衫"
"naked_jacket","裸体校服，裸露的运动夹克"
"naked_kimono","裸体且穿着和服"
"naked_lab_coat","裸露的白大褂"
"naked_overalls","裸体且穿着工作服"
"naked_ribbon","裸体且缠着丝带"
"naked_scarf","裸体且裹着围巾"
"naked_sheet","裸体且裹着被子"
"naked_shirt","裸体且穿着衬衫"
"naked_suspenders","裸露吊带背心"
"naked_sweater","裸体毛衣"
"naked_tabard","裸体且穿着搭肩衫"
"naked_towel","裸体且裹着毛巾"
"naki_ringo","菱形饼干"
"nakiri_ayame_(girly)","中切丽·绫女（第三套服装）"
"nakiri_ayame_(hololive_summer_2019)","切腹绫女（第二套服装），切腹绫女（夏日版切腹装）"
"nakiri_ayame_(new_year)","中切丽·绫女（第四套服装）"
"nakiri_ayame_(off-work)","中切丽·绫女（第七套服装）"
"nakiri_ayame_(shrine_maiden)","中切丽·绫女（第六套服装）"
"nakiri_ayame_(streetwear)","中切丽·绫女（第五套服装）"
"nakitai_watashi_wa_neko_wo_kaburu","仅差一丝距离"
"nakura_hakuto","乐歌"
"namako_(na_ma_koko)","娜玛可可，玉子_(pixiv_71110817)"
"namako_daibakuhatsu","名子_(塔可琳)"
"namamo_nanase","富江"
"namanie","nama2e风格"
"namazakana_kuenai","苍井空"
"namazu_(yamasonson)","山姆森森"
"namazuoku","波鱼欧子"
"name_connection","同名角色"
"name_john","尖锐台词_过量版，叮叮叮声"
"name_tag","记名牌"
"nameko_(osawari_tantei)","蘑菇_(终末侦探)"
"namekonnn","假名萌娘"
"namekuji_(namekuzu)","那美克兹蛋"
"nameless_dagger_(fate)","无名匕首"
"nameo_(judgemasterkou)","审判大师口型"
"namesake","人与人的同名梗"
"nami_(nyaa)","夏海酱"
"nami_(rick_nami)","波妞-H"
"nami_(splatoon)","泪之滴_(喷射战士)"
"nami_junior_high_school_uniform","波路中学校服"
"namida_a2","oioi_mmkmt，可爱风格，萌系角色"
"namihaya","son_(skvnmn0)，儿子角色"
"namikare","波妞_(namikare4)，随机72672"
"namikaze_minato","第四代火影"
"namiorii","namii_(namialus_m)，纳米伊_(纳米亚卢斯_M)"
"namoku_(namottttt)","名模"
"namu_(nurui_cha)","努鲁蒂亚"
"namuhanka_tart","蓝铜矿_6，mo-ryo111203071216"
"nana_(732_kaiten)","nana_（艺术家）"
"nana_(mega_man_x:_command_mission)","娜娜_洛克人"
"nana_(nanalog76)","2900厘米"
"nana_kagura","七草歌"
"nana_nakano","中野艺术"
"nanaasuzy_pk","娜娜"
"nanaco_(meisharan)","nanaco_(hott0g111)，纳纳科_(hott0g111)"
"nanael_(queen's_blade)","娜奈尔"
"nanahana_nanana","尤利安风格"
"nanahime","code49，奈奈姬_(青色)"
"nanairogaoka_middle_school_uniform","七色丘中学校服"
"nanaka_(princess_connect!)","田野南华"
"nanakami_mana","笨蛋"
"nanakichi","三重N"
"nanako_kaitai_shinsho","令人惊叹的护士南果子"
"nanaku_teiru","尾巴_001"
"nanakusa_suzuna","七草娜兹娜"
"nanamatsu_kenji","虎马武志"
"naname_(7name)","shia_(candyspiral)，希亚_(糖果螺旋)"
"nanami_(mignon)","おしえごちゃん_(可爱版)"
"nanami_(nanami811)","七海_（画师名）"
"nanami_(pgr)","七海_（惩罚：灰鸦）"
"nanami_ayane_(kusunoki5050)","草薙5050，七海绫音（aba745）"
"nanami_sano","微小羽毛"
"nanami:_pulse_(pgr)","七海：_脉冲_（惩罚模式：灰鸦）"
"nanami:_starfarer_(pgr)","七海：星际航行者（惩罚模式：灰鸦）"
"nanamiyuki","黑梨"
"nanamo_yado","呆羊羊"
"nanamori_school_uniform","七森中学校服"
"nanao_(mahaya)","玛哈雅，娜奈绪"
"nanao_naru","孤独感"
"nanaroku_(fortress76)","黑猫1911a1"
"nanasaki_potato","土豆半袋"
"nanase_(arika)","七濑_（街头霸王EX）"
"nanase_(nns_6077)","七濑_(7749222)"
"nanase_aoi","葵奈奈濑"
"nanase_chiori","千织_(pixiv9569926)"
"nanashi_(nlo)","无名氏_(nlo74593630)，无名氏_(user_hagu2878)"
"nanashi_inc.","774公司相关"
"nanashi_mumei","无名少女"
"nanashi_mumei_(casual)","无名少女_(第三套服装)"
"nanashi_mumei_(emo)","无名少女_(第四套服装)"
"nanashi_mumei_(new_year)","无名少女_（第二套服装）"
"nanashin_naomi","娜奥米_（世界无恨之吻馆），娜奥米@推特"
"nanashinayuzu_mochi","谈判，协商"
"nanasumi_(pantie_party_project)","娜娜苏敏"
"nanateru","天城奈奈绪，天空奈奈纪"
"nanatsu_no_maken_ga_shihai_suru","七把法剑的统治时代"
"nanatsu_no_taizai","七宗罪（系列）"
"nanatsuichi","伊祖莉兹鲁"
"nanaume_(shichimi_tougarashi)","微笑波琳"
"nanaushi","七海舰"
"nanba_yu","南波由宇"
"nanboku","南国风情"
"nanceee_305","稻叶良郎"
"nande_koko_ni_sensei_ga!?","老师！您究竟为什么会在这里啊！？"
"nanikairu","帕夏帕夏"
"nanjo_hikaru","南条光"
"nanjou_terumasa","南条照正"
"nannachu7","nana_(user_fman4282)，娜娜_(user_fman4282)"
"nano_(blueoekaki)","用户_jxzv7235"
"nano_(nanojyaa)","萌系魔法"
"nano_(nanolovesyou)","南诺爱你"
"nano_(nanosize)","纳米级"
"nano_(syoutamho)","贝扬"
"nanodesu_(phrase)","nanodesu(口癖)"
"nanohana_(november.)","七叶草线戳图"
"nanohana_kohina","明月，刀月之初"
"nanoja_(haigototta)","二哥君，歪嗨哟歪"
"nanop38","mya_knk，米娅·肯克"
"nanquan_zhanglang","功夫龙郎，南拳张亮，夏瑟琳"
"nantaimori","为男性端上食物"
"nanu_(pokemon)","无厨房_(宝可梦)"
"nao_(dream_c_club)","娜奥_（梦之俱乐部）"
"nao_(gatita)","陈彦辉"
"naoetsu_high_school_uniform","私立直江津高校制服"
"naoharu_(re_barna)","奈留那01"
"naoko_(lynus)","直子小姐"
"naokomama","金发艾莉卡"
"naomasa_(horizon)","直正奈绪"
"naomi_gumbs_(hanamimi)","奈绪美格"
"naozi","莱斯利·弗农，莱斯利弗农，莱斯利弗农18"
"naozuri","奈绪_里茨跨界作品"
"nape","脖颈"
"napenasupe","np_nmmm，未知数值"
"napio","皮里卡_(rm0315)"
"napoleon_bonaparte_(fate)","拿破仑·波拿巴（命运/冠位指定）"
"napppptt","ababababaaa，重复字母序列，大量相同字符组合"
"naranja_academy_school_uniform","橙色学院制服"
"narashika_asuka","戈里托"
"naridon","奈里_(莫克莫肯奈里)"
"narita_imomushi","成田1664"
"narmaya_(granblue_fantasy)","纳鲁梅亚_（碧蓝幻想）"
"narrow_waist","妖娆的腰"
"narudo","纳鲁多_(urhv8357)"
"narue","奈留惠"
"narue_no_sekai","奈留之海，奈留的世界"
"naruka_(ynarukay)","猫八朔子，夜露哭声"
"narukami_yuu","主角_(女神异闻录4)，主角_(女神异闻录4)，濑田庄司"
"naruko_(naruto)","奈留子"
"narumame","玛米库耶亚"
"narumiya_(narumiya)","成宫"
"narurun_(final123)","最终版_艺术家"
"naruse_hirofumi","成濑宏文"
"naruse_mai","成濑真希"
"narut_(gurenarut)","glow_(user_hnpv7785)，发光效果_(用户hnpv7785)"
"naruta_(nmaf4445)","棒棒糖_(nmaf4445)"
"narutaru","影星，影星_系列"
"naruto_shippuuden","火影疾风传同人"
"narutomaki","火影忍者_食物"
"naruuuuuu9","晓美焰"
"nasaca","coa_(u6u612)，全英珍"
"nashi_(tidal0414)","无头少女"
"nashidrop","桑普·德罗"
"nashimo_(drz_n)","drzn，nashimo_（艺术家）"
"nashirasauce","纳希拉_(盐入)"
"nasipasuta","纳西帕苏塔"
"nasol","凛雷击"
"nastacic","胸腹式呼吸"
"nasu_(nasuotabe)","真希与志保，裸体派对"
"nasu_kinoko","奈须"
"nat_latework","夏娜，纳兹娜"
"nata_(tool)","短柄斧_东方风格，东方风格短柄斧"
"nata_ichio","1o_(ichio)，一郎"
"natatheknife","用水煮刀子，user_wvhj8335"
"nate_(pokemon)","布莱克（宝可梦），京平（宝可梦），拉克二世（宝可梦），男性主角（宝可梦BW2），男性主角（宝可梦BW2）"
"nate_mitotsudaira","三户平内哲，涅伊特·三户平，涅托·三户平"
"nathan_seymour","内森·西摩"
"nathan_stefv","斯蒂夫"
"national_basketball_association","/nba，篮球"
"national_shin_ooshima_school_uniform","新大岛学园校服"
"native_american","印第安人"
"natori_(kancolle)","七里_舰队Collection"
"natori_(natorism)","纳托主义"
"nats_(d0ughnats)","捐赠物"
"natsu_(blue_archive)","夏野由里"
"natsu_(soulcalibur)","夏特_(魂之刃)"
"natsu_no_arashi!","夏日的风暴"
"natsu_ryoko","夏野凉子"
"natsugou_shinogi","CL角色"
"natsuiro_egao_de_1_2_jump!","《夏色えがおで1,2,Jump!》"
"natsuiro_matsuri_(casual)","夏色祭典_（第五套服装）"
"natsuiro_matsuri_(gaming_casual)","夏色祭典_（第六套服装）"
"natsuiro_matsuri_(hololive_summer_2019)","夏色祭典_（第三套服装）"
"natsuiro_matsuri_(matsuri's_day_off)","夏色祭_（第二套服装），夏色祭_（休闲装）"
"natsuiro_matsuri_(new_year)","夏色祭典_（第四套服装）"
"natsuiro_matsuri_(re:start)","夏色祭典_（第七套服装）"
"natsuiro_matsuri_(street_casual)","夏色祭典_（第八套服装）"
"natsujiru","夏目治"
"natsukawa_kuroba_(jack_dempa)","夏川黑羽"
"natsukaze_shigure","静音，呼噜声"
"natsuki_(natsu_1936)","双六节0408"
"natsuki_(silent_selena)","沉默的塞莱娜"
"natsuki_yoru","春野46雨"
"natsukusa_(hacho129)","jjojjo_(rmke_cho)，乔乔系列"
"natsume_(menthol)","72mk，夏目_(n-k)"
"natsume_suzuri","樱町35_（初次见面）"
"natsume_yuujinchou","夏目友子的友谊录"
"natsumi_hajime","夏美_(pixiv63029)"
"natsumyun","托西娅"
"natsuno_riku","里库_(轴子频道)"
"natsuo_(720ge)","1672，夏生"
"natsushima_memo","犬之乳房，诞生回忆"
"nattou","纳豆"
"natuna_natu","纳！？_（娜克斯特尤亚赛），永恒之翼"
"nature","大自然"
"natuya_sai.","伊托谢"
"naughty_face","下流的表情"
"naui_kudan","南托哦哦哦"
"nautilic","最终整理器14"
"nav_(itsnav)","导航栏"
"naval_uniform","海军制服"
"navarre_(fire_emblem)","纳巴尔"
"navel","肚脐"
"navel_cutout","服装上有露出肚脐的开口"
"navel_fingering","伸进别人肚脐的手指"
"navel_piercing","脐钉"
"navier_haruka_2t","2t_（田中卡库托）"
"navy_(navy.blue)","吉原"
"navy_blue_legwear","海军蓝腿部服饰"
"navybluesparrow","纳米昆布"
"nayoung_wooh","obsidian24，吴娜英"
"nayuhi_(yukimuu14)","奈由奈由奈由0001"
"nayuta-kanata","奈由塔-KNT"
"nayutarou_(nyt_kag)","纽约时报卡格"
"naz_(garyuuya)","娜兹"
"nazawa_(nother)","gbcolor_（娜扎）"
"nazo_no_anime-dan","纳佐阿尼博物馆"
"nazo_no_kanojo_x","神秘女友X"
"nazuna_(hidamari_sketch)","娜兹娜"
"nazuna_higurasi","烟草_(烟叶相关)"
"nazunakku","spitfire99，烈火99"
"ndgd","Vault69相关内容"
"nea_(nea_77)","耶奥伦"
"nearl_(shimmering_dew)_(arknights)","近未来_阳光晨露_《明日方舟》"
"nearly_naked_apron","只穿着内衣(或泳衣)和围裙"
"neck","脖子"
"neck_bell","铃铛项圈，铃状领饰，bellcollar，领部铃铛，颈部铃饰"
"neck_ribbon","颈部系着缎带"
"neck_ring","颈环"
"neck_ruff","波浪褶边的领子"
"neck_warmer","颈部护围"
"neckerchief","领巾"
"necklace","项链"
"necktie","领带"
"necktie_between_breasts","领带贴(夹)在乳沟里"
"necktie_between_pectorals","胸前领带"
"necktie_grab","抓着领带"
"neckwear_grab","抓着颈部的衣服"
"neckwear_request","颈部服饰"
"neco_meito","美登哈姆伦"
"neco-arc","猫娘剧情，猫娘剧情版，猫娘-剧情，猫娘剧情版"
"neco-arc_bubbles","猫耳气泡特效"
"neco-arc_chaos","猫娘弧线混沌，猫娘弧线混沌，猫娘弧线混沌，猫娘弧线混沌"
"necomi","古古古诺古"
"necono_(nekonosora1207)","猫之天空"
"necro_(nekurodayo)","黑发，黑色头发"
"necrosmos","死神报应"
"nedoco","ndcrby，神秘角色，奇幻风格"
"nee_chanto_shiyou_yo!","请让妮酱也加入吧"
"needle","针"
"needy_girl_overdose","需求过高的主播过剩现象"
"neeko_(aldehyde)","妮可"
"neekosiah","菲耶伊罗"
"neet_cangshu","仓鼠_(汉姆斯特)"
"neferpitou","皮托_(死神)"
"nefertari_(fate)","奈菲尔塔莉_(命运/原型碎片)"
"neg_(101neg)","透玄境"
"negai_wa_itsuka_asa_wo_koete_(project_sekai)","希望有朝一日能超越清晨（project_sekai），总有一天这个愿望将飞越晨空（project_sekai）"
"negev_(girls'_frontline)","内盖夫_(少女前线)"
"negi_(liquidu)","涅吉酱，涅吉_(涅奇)"
"negi_(ulog'be)","乌洛格贝，昂根"
"negi_seijin","涅吉_(沙月伊杂约1029)"
"negligee","睡袍"
"negom","潘美"
"negu_(pixiv_6519140)","麦库罗"
"neil_nordegraf","年轻的尼尔"
"nejikirio","天使型"
"nekko_(nxtuko)","mh_精灵族"
"neko_(ganecooo)","nello_（明亮黑暗）"
"neko_neneko","欧卡基尼诺克"
"neko_no_kedama","kdm_(ke_dama)，凯达玛"
"neko_no_ongaeshi","猫咪归来"
"neko_sensha","平假名矢代"
"neko_senshi","死亡2990"
"neko_usagi_(nekousagi_jpn)","咬伤工坊"
"nekobayashi_(nekoforest)","涅柯琳_(喵森林)"
"nekobox","颈盒插画"
"nekobus","猫巴士"
"nekoda_(maoda)","大毛鱼"
"nekogami_yaoyorozu","猫神夜游"
"nekohanemocha","琳达云雨"
"nekohashi","千川柴犬"
"nekoi_(nekoi_0116)","猫耳，恶心，糟糕透顶"
"nekokawaigari","宠爱猫咪"
"nekokko_neko","妮可子武士"
"nekokyun","错误的惩罚"
"nekoln","哦胡托恩伦"
"nekomamushi","猫蝰蛇"
"nekomata","猫又"
"nekomata_okayu_(casual)","猫又奥卡由_第三套服装"
"nekomata_okayu_(membership)","猫又奥卡由_第七套服装"
"nekomata_okayu_(new_year)","猫又奥卡由_第二套服装"
"nekomata_okayu_(oversized_shirt)","猫又奥卡由_第四套服装，猫又奥卡由_休闲装"
"nekomata_okayu_(poisonya_syndrome)","猫又奥卡由_第五套服装"
"nekomata_okayu_(wonderland)","猫又奥卡由_第六套服装"
"nekomatamago","猫耳_(想摸猫耳)"
"nekome_toworu","towor_n，托沃尔_N"
"nekometaru","灰林重生"
"nekomi_0","猫耳0"
"nekomimi_mode_(tsukuyomi)","猫耳模式"
"nekomimi_sukinosuke","月岛酱，好可爱"
"nekomiya_mana","猫又_《无主之地0》"
"nekone_(utawarerumono)","涅子_(歌之恋)"
"nekoneko","玛由玛由猫娘"
"nekonekosan_(kemushima3)","比比托_(肯穆希3)"
"nekonetoru_take","尼基·竹子"
"nekonii","尼康妮_哦"
"nekono_matatabi","真田辺_(2ccp)"
"nekono_osero","猫耳装"
"nekonyaa_(girls_und_panzer)","涅科尼亚，猫娘舞衣"
"nekoolantern","木波美"
"nekoreito","猫粮表情"
"nekorin_chu","海蓝钢琴-0310"
"nekoseki_rion_(haiba_09)","涅科塞基·莉昂"
"nekoshima_kaede","根岸枫"
"nekosoul","猫之灵魂小步"
"nekota_chihiro","涅科达·千寻"
"nekota_susumu","妮羊53"
"nekotamago","金枝_00xx"
"nekotewi","猫耳装"
"nekoya_(liu)","迪奥尔夫"
"nekoyanagi_reo","雷欧猫3"
"nekoyashiki_pushio","尼科瑞蒙"
"nelke_to_densetsu_no_renkinjutsushi_tachi","奈尔克与传说中的炼金术士们"
"nelke_von_lestamm","奈尔克·冯·卢切塔姆"
"nelson_(kancolle)","纳尔逊_(舰姬Collection)"
"nemo_(fate)","《海贼王》系列（命运篇）"
"nemo_(project_moon)","尼莫_（废墟之书）"
"nemoga","妮莫莫"
"nemona_(pokemon)","尼莫_宝可梦"
"nemu_(nemurakka)","黑暗阴影"
"nemu_(ut_kakinotane)","宇都卡金之岳"
"nemuaki","阿基塔恩，眼新章"
"nemugiko","妮穆_（睡觉中）"
"nemui_(nemuriyagi)","画笔之王"
"nemunemu_(candy_paddle)","nemunemu_（终末起源），nemunemu_（终结起源），终结起源"
"nemupan","男子气概的彩虹"
"nemuri_nemu","近野健吾"
"nenashi","马梅达努基，无明光"
"nenbuta","天野杰克（天堂杰克），天野杰库（卡波塞安）"
"nene_(atsushi_hamano)","妮妮_(香港)"
"neneka_(princess_connect!)","海女奶奶"
"nengajou","年贺状"
"nengoro","菊乃惠子"
"nenna","噗噜声"
"nenobi_(nenorium)","妮诺_（妮诺莉姆）"
"nenohi_(kancolle)","女溺_(舰队Collection)"
"neo_politan","尼奥_（RWBY）"
"neo_ranga","新兰加"
"neo-porte","Merise方法论"
"neoartcore","真正的，努德塔武特·通迈"
"neoguri","铜色"
"neon_(theneonflower)","霓虹暗夜，霓虹暗夜1，霓虹之花"
"neon_genesis_evangelion","新世纪福音战士，/nge，新世纪福音战士"
"neon_genesis_evangelion_gakuen_datenroku","新世纪福音战士：校园末日"
"neon_trim","霓虹灯效果"
"neonfloyd","华夫糖饮料"
"nephtim_(world_flipper)","涅夫蒂姆"
"neptune_(neptunia)","海王星_(海王星系列)"
"neptune_symbol","海王座星座"
"nereid_(last_origin)","ag-1_nereid，海涅拉伊得"
"neri_sachiko","樱子_(layer255)"
"neriash","涅丽亚什零"
"nerissa_ravencroft_(new_year)","奈瑞莎·雷文克洛夫特（第二套服装）"
"nero_(devil_may_cry)","尼禄_（DMC）"
"nero_(starlightbrakerexfb)","nero_man77用户"
"nero_claudius_(bride)_(fate)","剑之新娘"
"nero_claudius_(fate)","尼禄·克劳狄乌斯（命运）全系列，剑兵额外版本"
"nero_claudius_(fate/extra)","剑士额外设定"
"nero_claudius_(olympian_bloomers)_(fate)","奥林匹亚式短裤"
"neroli_(pokemon)","尼罗利教授"
"neru_(blue_archive)","三上奈留"
"neru_(bunny)_(blue_archive)","三上奈留（兔子），奈留（兔女郎）（蓝色档案）"
"neru_(swimsuit)_(blue_archive)","三上奈留（泳装）"
"neru_fia","NERU FUIA，NERUNERU_（艺术家）"
"nervegear","神经齿轮"
"nervous","不安的"
"nervous_smile","不安地微笑"
"nervous_sweating","冷汗，大量出汗"
"ness_(pjw0168)","鲭鱼"
"nessa_(pokemon)","露莉娜_(宝可梦)"
"net","网"
"nether_angel_(housamo)","下界天使（东京放课后的召唤师）"
"netoge_no_yome_wa_onna_no_ko_janai_to_omotta?","你还以为网上从来没有女生吗？"
"netojuu_no_susume","MMO游戏成瘾者的康复"
"netorare","NTR情节"
"netsuzou_trap","NTR：网路诱捕陷阱"
"neumo","5厘米胡萨莫，be_(2368230)"
"nev_(nevblindarts)","涅夫布林德之箭"
"nev-04","seventan77，七十七"
"nevada-tan","内华达州"
"never_gonna_give_you_up","瑞克摇摆恶作剧"
"nevercrymoon","绝不抱怨"
"neverland+","紧张头，焦虑头"
"new_(new_gnsn)","新GNSN，sarasouzyu0705"
"new_california_republic","未分类标签"
"new_generations_(idolmaster)","新一代角色"
"new_school_swimsuit","新式死库水"
"new_submarine_princess","潜水艇新姬"
"new_wave_(idolmaster)","新浪潮风格"
"new_year","新年"
"new_york_city","纽约"
"new_york_city_police_department","纽约警察局"
"newhalf","人妖"
"newhalf_with_female","拥有新半身的女性"
"newhalf_with_male","拥有新半身的男性"
"newo_(shinra-p)","弹跳动作"
"newspaper","报纸"
"newt_(xenoblade)","纽茨_（异度神剑）"
"newthi","永静"
"newtype_flash","实景闪画"
"next_frontier_(idolmaster)","下一个前沿"
"neyti_(neytirv)","涅提尔夫"
"neyuki_no_gen'ei","雪月之境界"
"nez_(nez_0_0)","用户_fecv3754"
"nez_n","我是自私的鼻子"
"nez-box","奈兹君"
"nezha_(fate)","哪吒_(命运/冠位指定)"
"nezumi_(09261377)","09261377，史莱姆_(09261377)"
"nga_(ray_ray)","nga_（艺术家）"
"nhaliz","夏雪"
"nhk_(broadcaster)","日本放送协会"
"nhk_ni_youkoso!","欢迎来到NHK，欢迎光临NHK，欢迎至NHK，欢迎使用NHK，欢迎访问NHK网站，欢迎来到NHK频道"
"ni_(2shi)","ni_(pixiv17088)，尼( pixiv17088 )"
"ni_piao_xiancai","孔仙"
"nia_(0122)","尼亚_i"
"nia_(blade)_(xenoblade)","尼雅_(刀刃)"
"nia_(nia4294)","娜娜·穆利亚纳"
"nia_(xenoblade)","尼雅"
"niaa","不——啊"
"niall_ardanach","奈菲鲁_异度神剑"
"nian_(zhanian)","年兽"
"nianbingzi","lee芳蕊，pancakes01106"
"niandni","弗兰克_（弗兰库），尼正和"
"niaru_(r2pi)","树莓派"
"nib_pen_(medium)","蘸水笔画风"
"nib_pen_(object)","钢笔尖，圆珠笔"
"niban_(puka_0507)","ban_(puka_0507)，封禁_(puka_0507)"
"nibo_(att_130)","德瓦诺 Hundosi"
"nibosi","尼波西诺科纳，尼波西苏兹"
"niccya","国画"
"nicetea_(tsurishi)","龙茶"
"nichijou","我的平凡生活"
"nichika_(nitikapo)","垂直海浪"
"nicholas_(granblue_fantasy)","士郎_《碧蓝幻想》"
"nicholas_d._wolfwood","尼古拉斯·D·沃尔夫伍德"
"nicholas_f","尼古拉斯·F"
"nick_laojiao","乔乔_修仙"
"nickakito","送葬者01"
"nico_(devil_may_cry)","尼科莱塔·戈尔德斯坦"
"nicole_(lion)","xroxxro，未知含义标签"
"nicolo_(nickelspoon)","尼科洛"
"nicorima","25升，月度"
"nid417","nido_(sebamaster)，尼多_(塞巴大师)"
"niels_(kyokugen_dasshutsu)","蛇_(零转义)"
"nier","尼尔人格体，尼尔复制人"
"nier_(brother)","尼尔_少年版"
"nier_(father)","尼尔_旧版"
"nier_(l215)","nia_(pixiv31019283)，汤浅政明"
"nier:automata","新世纪福音战士，机械姬"
"nieto_tokage","冰冷的网"
"nieve_(rabi-ribi)","妮薇_(拉比里比)"
"nige_jouzu_no_wakagimi","尼杰乔祖之觉醒，尼杰瓦卡，难以捉摸的武士"
"night","夜"
"night_angel_(last_origin)","B-11夜之天使"
"night_elf_(warcraft)","夜精灵"
"night_sky","夜空"
"night_strait_princess_(black)","夜之狭路姬_（黑色）"
"night_strait_princess_(white)","夜之狭路姬_（白色）"
"night_vision","夜视功能"
"night_vision_device","夜视镜"
"nightcap","睡帽"
"nightfall_(armored_core_vi)","黄昏时刻_(装甲核心6)"
"nightgown","睡衣"
"nightmare_(soulcalibur)","《灵魂刀剑》噩梦场景"
"nightmare_blood_(idolmaster)","噩梦之血"
"nightstand","床头柜，夜灯桌"
"nigiri_(ngr24)","ngr_(nnn204204)，恩格瑞_(nnn204204)"
"nigo_(aozoragarou)","妮古_（青空乱舞）"
"nigori_(keydoor)","恩格隆"
"nigou","正义之拳，三连击"
"nihei_tsutomu","丹下刚"
"nihonga","日本画"
"niichi_(komorebi-palette)","米基"
"niii","哥哥不是"
"niiko_(gonnzou)","贡藏"
"niino","妮诺"
"niino_fuyuko","妮诺_御子之女"
"niizuka_(c-drop)","新之丘"
"niizuma_lovely_x_cation","妮朵玛，可爱，正电荷"
"niji_(nijioki)","2_(艺术家),二日绘风格"
"nijigasaki_school_uniform","二宫崎学院校服，二宫崎学院校服"
"nijitama_shiyushiyu","塔玛塔玛_（猫耳形态）"
"nijiura_7_(meme)","nijiura_7，二宫优拉"
"nik_ibi","刺刀"
"nikai_kara_momoshio","momosio2f，莫莫西奥2F"
"nikaido_chizuru","二阶堂千鹤"
"nikaido_yuzu","二阶堂柚子"
"nikaidou_reika","二阶堂丽华"
"nikawa_99-do","江之岛正"
"nike","耐克"
"nike_(0306)","耐克_(艺术家)"
"nike_(company)","耐克"
"nike_(nike1060)","耐克1060"
"nikichen","尼基塔·瓦尔布，xxnikichenxx"
"nikitan_(niki)","妮基诺科"
"nikke_(cherish)","西村耐克"
"nikki_(nikki)","妮基_(奇迹妮基)"
"nikki_kyousuke","丹顿扑击"
"niko_(aiai03012)","SNK动画"
"niko_(blue_archive)","nico_(蓝色档案)"
"nikola_tesla_(fate)","尼古拉·特斯拉（命运/冠位指定）"
"niku_(hamuchang)","kako_(兔女郎)"
"niku_(ni23ku)","1356400321尼库"
"niku-name","像素画"
"nikuatsu_magician_shinbo","古比铁城信步"
"nikubou_maranoshin","肛门（arinosumuki）"
"nikujiru_(nickjr)","本实体_(n_i_c_k_j_r)"
"nikuko_(galko)","肉子_（辣妹娘）"
"nikuku_(kazedesune)","好想见你"
"nikumocchi","优希妙妙"
"nikuoji","肉肉_(奇想异世界)"
"nikusenpai","尼克斯尔瓦"
"nikuya_mugi","奈贝努伊塔戈米"
"niles_(fire_emblem)","零_(火焰之纹章IF)"
"nilgiri_(girls_und_panzer)","尼尔吉里山"
"nillith","高出许多"
"nimbus_(world_flipper)","白罗_（世界翻转者）"
"nimogen_(girls'_frontline)","尼托·尼莫根（少女前线）"
"nin_(nin_0088)","女性九人组"
"nina_(breath_of_fire_i)","妮娜_i"
"nina_(breath_of_fire_ii)","妮娜二世"
"nina_(breath_of_fire_iii)","妮娜_三世"
"nina_(breath_of_fire_iv)","尼娜_四世"
"nina_(breath_of_fire_v)","尼娜_V"
"nina_(greentanuki)","妮娜_(望玉)"
"nina_(yumoran)","尼娜_(anz32)"
"ninahachi","美雪代"
"ninai","九奈奈爱酱"
"nine_years_in_a_coma_(meme)","请对我说“是吗”，让我开心一下（迷因）"
"ningguang_(genshin_impact)","惊鸿（原神），霓光"
"ningre_huahe","加热组合，宁瑞华和二号机"
"ningri_(lianyungangwyz)","连云港WYZ"
"ningyo_hime_(sinoalice)","小美人鱼（中西混血版）"
"ninian_(bright-eyed_bride)_(fire_emblem)","尼妮安_（新娘）_（火焰之纹章）"
"niniidawns","帮我验证"
"ninin_ga_shinobuden","忍者无意义内容，忍术殿堂"
"nininbaori","妮妮宁羽织"
"ninja","忍者"
"ninja_senshi_tobikage","忍者机器人鸟影"
"ninjaham","123仓鼠"
"ninjin_(ne_f_g_o)","乳白色飘带，ne_f_g_o"
"ninkou_tan","猫耳耳朵"
"ninniku_(mfu7324)","妮妮库·莎拉达"
"ninochuu","二次元，动漫风格"
"ninomae_ina'nis_(casual)","二名前伊奈妮丝（第二套服装）"
"ninomae_ina'nis_(loungewear)","二之前伊奈妮丝_（第五套服装）"
"ninomae_ina'nis_(new_year)","二之前伊奈妮丝_（第四套服装）"
"ninomae_ina'nis_(party_dress)","二之前伊奈妮丝（第三套服装）"
"ninomae_ina'nis_(pastry_chef)","二之前伊奈妮丝_（第六套服装）"
"ninomotonino","二之仁人"
"ninon_(princess_connect!)","尼农·茹贝尔"
"ninsaki_(9saki)","英勇99770"
"nintendo_3ds","任天堂3ds"
"nintendo_3ds_ll","任天堂3DS XL"
"nintendo_ds","任天堂ds"
"nintendo_switch","任天堂switch"
"nipako","妮帕子"
"nipple_censor","乳头打了码"
"nipple_clamps","乳头夹"
"nipple_indents","英妮乳头"
"nipple_penetration","乳头舔吸"
"nipple_piercing","乳头穿刺"
"nipple_rings","乳环"
"nipple_sleeves","乳头袖装"
"nipple_slip","乳头走光"
"nipple_torture","乳头疼痛"
"nipple_tweak","玩弄乳头"
"nipple-to-nipple","乳头对乳头接触"
"nippleless_clothes","能露出乳头的衣物"
"nipples","乳头"
"nippon_ichi_(neptunia)","日本第一（海王星系列）"
"nips_(ohnips)","妮可·埃切维里亚，奥恩尼普斯"
"nira_(nira_box)","雨风_(wp13)，尼拉盒子"
"nirak","波蛋_(nirak1203)"
"nirasawa_hiyoko_(suzutsuki_kurara)","成泽日代子"
"nironiro","尼罗_（pixiv194231）"
"niroxin","尼罗01"
"niru_(ka_k_0517)","niru_05，尼鲁05"
"nisanka_futon","毛巾"
"nisei_muramasa","第二代村正"
"nishi_(count2.4)","计数24"
"nishibi_mitsuba","塞莱丽玛"
"nishida_megane","梅甘男郎"
"nishihara_yasoko","西原_(少女与战车)"
"nishii_(damnedrive)","西井_（Nitroplus）"
"nishiide_kengorou","恶鬼兔"
"nishikawa_(fe)","我们的"
"nishikawa_eito","西川英人"
"nishikawa_youichi","洋一，洋一_n"
"nishiki_areku","aureolin31，光环效果31"
"nishikiori","ni_(pixiv154638)，尼"
"nishikuromori","库乌罗24"
"nishimura_(shinchinagachi)","西村_（年亚穆），新心跳"
"nishimura_eri","eri_(erimo)，绘里子_(绘里莫)"
"nishino_eri","艾略特_C_F"
"nishioka_tomozou","西冈智则，托莫托托托"
"nishiwaki_yuuko","西胁由子"
"nishizaki_toka","西崎冬香"
"nishizuki_shino","二之月志乃，四ノ二十四夜"
"nisokurui","FPESU风格"
"nissan_z_(rz34)","日产Z原型车"
"nisshin_(kancolle)","日进_(舰队Collection)"
"nissin_cup_noodle","杯装面，日清杯装面"
"nissin_donbei","顿比_食物"
"nita_(nazunita)","新印"
"nita_(onakatohoppe)","妮塔"
"nitamako_(sakamalh)","尼塔玛戈_(萨卡马尔赫)"
"nitanda_cona","pom_(汤状)"
"nitocris_(fate)","尼托克丽丝_(命运/冠位指定)"
"nitocris_alter_(second_ascension)_(fate)","尼托克丽丝_变体_(奈菲鲁·苏恩·阿努比斯)_(命运)"
"nitori_aiichirou","尼托利_葵一郎"
"nitoro-star","尼托罗之星_（Pixiv）"
"niukou_kouzi","按钮牛牛口口"
"niwa_(niwaniwa_1227)","新羽鸟，新羽泥瓦_1227"
"niwa_toriko","托里科_(pixiv26048)"
"niwa_x_4_torigairu","gzjn8382，新里之权现"
"niwarhythm","无法理解"
"niwatori_(eck16614)","卡本"
"niwatori_(satoru0201)","尼沃托里yyyyy"
"niwatori_panda","抽卡兽娘"
"nixie_(rabi-ribi)","尼克西_(拉比里比)"
"nixour","愤怒之心"
"niy_(nenenoa)","妮妮诺亚"
"niya_(blue_archive)","天町妮雅"
"niyon_(granblue_fantasy)","尼奥_《碧蓝幻想》"
"niyun_(n_niyu)","妮由_妮云"
"nizimine_kakoi","二岛枫色"
"nizitaro","尼兹塔罗桑"
"nkgmgs","尤玛比托"
"nkohime","heath_(艺术家)"
"nm_(blue-rapid)","蓝色急速，NM落花"
"nnicoinu","能做到吗"
"no_aid","ky_(user_ntkn2477)，用户ntkn2477创建的标签"
"no_blindfold","去掉了(原设有的)蒙眼要素"
"no_bra","没穿胸罩"
"no_cape","无领饰，无斗篷"
"no_chi_(aka_hara)","赤原_（萨库拉莫奇）"
"no_eyepatch","去掉了(原设有的)眼罩"
"no_eyes","没画出眼睛"
"no_eyewear","去掉了(原设有的)眼镜"
"no_gloves","去掉了(原设有的)手套"
"no_hat","去掉了(原设有的)帽子"
"no_headwear","去掉了(原设有的)头饰"
"no_horns","无角"
"no_humans","不含人类"
"no_legs","没画出腿"
"no_legwear","裆胯以下裸着"
"no_lineart","几乎没用勾线的画"
"no_male_underwear","无内裤，无内衣，无男性内衣"
"no_mouth","没画出嘴"
"no_name_ninja","草紫"
"no_navel","无肚脐，没有肚脐"
"no_nipples","没画出乳头"
"no_nose","没画出鼻子"
"no_panties","下半身真空"
"no_pants","没穿着裤子和裙子"
"no_pupils","没画出瞳孔"
"no_pussy","裸着裆部但没画小穴"
"no_shirt","没穿衬衫"
"no_shoes","没穿鞋"
"no_socks","没穿袜子"
"no_symbol","无标志"
"no_testicles","没画睾丸"
"no_thank_you!_(k-on!)","不用了，谢谢！"
"no_wings","去掉了(原设有的)翅膀"
"no._21_(pgr)","第21号_惩罚：灰鸦"
"no._21:_feral_scent_(pgr)","第21个：野性气息（惩罚主题：灰鸦）"
"no._21:_xxi_(pgr)","第21个：_xxi_（惩罚主题：灰鸦）"
"no+bi=","富士山燕子"
"noa_(blue_archive)","潮之诺亚"
"noa_yj","noa_(letizia)，诺亚_莱蒂齐亚"
"noah_(tettsui-sole)","诺亚之树，钢琴"
"noah_ebalon","诺亚_艾尔之剑"
"noah_fantasy","嫩芽幻想"
"noba_(veronicanoha)","维罗妮卡之瞳"
"nobell_(bell_no5)","nobell_5，诺贝尔奖第5名"
"nobita_(makoto7060355)","野比大雄"
"noblood_(ryandomonica)","无血版_242，瑞安·多莫尼卡"
"nobunaga_no_shinobi","女忍者与武士大师"
"nobunaga_no_yabou","信长之野望"
"nobuyu_(77yusei)","诺布罗克曼"
"noccu","亲吻场景"
"nochita_shin","赫塔琳，信_赫塔琳"
"noco_(adamas)","拿这个"
"nocta_felis","伊万娜·海葵"
"noctis_(pgr)","诺克提斯_（惩罚模式：灰鸦）"
"noda_shuha","野田君"
"nodoka_(artist)","旅馆"
"nodoka_(blue_archive)","天海望"
"nodoka_(hot_spring)_(blue_archive)","天海望子（温泉）"
"noe_noel","神乐舞"
"noe_yuuhi","SCCM，上野诚"
"noela_(cheat_kusushi_no_slow_life)","诺艾拉_（作弊库舒舒的悠闲生活）"
"nogami_ryoutarou","野上良太郎"
"nogi_lief","爱情，恋爱"
"nogi_wakaba_wa_yuusha_de_aru","野木若叶是个英雄"
"nogi_yasuhito","赤苇"
"nogiguchi_kohiro","莫科莫科结球"
"nogisaka_kushio","乃木坂库希奥"
"nogiwa_kaede","落绘男子"
"nogizaka_haruka_no_himitsu","乃木坂春香的秘密"
"noguruma","紫妮莉琪亚"
"noh_mask","能面"
"nohhun","无意义内容144"
"noi_mine","椎名一郎"
"noinh","131_nngo，无名角色"
"noir_(ibaraki)","无红外光"
"noire_(neptunia)","黑色电影_海王星系列"
"noire_(shade_seeker)_(fire_emblem)","黑色之夏_火焰纹章"
"noise_(tsuzuki)","噪声_(pixiv22604)"
"nojima_chika","千佳_(K-On!)，藤井千佳，交换日记的女孩_(K-On!)"
"nokchamint","诺格查明图"
"nokisakifuurin","园崎一叶"
"nokita_(pinmisil)","针弹"
"nokonoko","用户_jkkd3438"
"nokora_(otonarinoco)","音之恋歌"
"nokoya","诺科亚雅雅"
"nollety","超强，无敌"
"nolmo","虚无感_0"
"nomad_(housamo)","游牧者_（东京放课后的召唤师）"
"nomeoil","平雪里绪"
"nomi_mushi","野见"
"nomo_(16_16)","16:9比例"
"non_(nobu)","非_（pixiv19068）"
"non_(nuebako)","努埃巴科"
"non-human_admiral_(kancolle)","非人类海军上将（舰队Collection）"
"non-repeating_animation","非重复动图"
"nonamejd","无名账号_jd_(用户44086716)"
"nonhaaa","没有优点"
"nonji_(sayglo_halo)","赛戈光环"
"nonna_(girls_und_panzer)","奶奶"
"nono_(top_wo_nerae_2!)","nono_(枪炮英雄2!)，nono_(枪炮英雄2)，nono_(没有黑暗的顶端!)，nono_(没有黑暗的顶端!)，nono_(没有黑暗的顶端2)"
"nonoa-cg","nonoa_(用户_ndkv3377)"
"nonoka917","野花"
"nonomi_(blue_archive)","伊杂依·诺诺米"
"nonomi_(swimsuit)_(blue_archive)","伊扎约伊·诺诺米（泳装）"
"nonon_(xenonbot)","氙气打击者"
"nonono_(1399900)","后藤诺莉吉"
"nonono_(nononotea)","不不不不"
"nonono_mino","非非非非_(米诺)"
"nontraditional_miko","改款过的日本服饰"
"noochan_chonoda","surv1v3-13005993，生存游戏，13005993编号关卡"
"noodlenood","阿金德诺德尔"
"noodles","面条"
"noose","套索"
"nopeys","诺曼·德梅萨"
"nora_(act2)","96黑井"
"nora_arento","诺拉·阿登特"
"nora_shinji","噗噜声"
"nora_to_oujo_to_noraneko_heart","诺拉公主与流浪猫"
"nora_wanko","诺莱努_(101)，苏万科_诺拉"
"noragami_sota","猫耳河童"
"noranekogahara","兰兰0330"
"norari_kuno","希萨希萨希萨希萨"
"norasame_(dagako)","3米_0L"
"nori_(hidamari_sketch)","海苔"
"nori_(norinorirrr)","用户fjjw5427"
"norimaki_arale","阿良良木，野宫阿良良木"
"norio_(noriosub)","时间就是金钱3120"
"norita","艾琳吉"
"norixio","norixio55，刺身_(adam026)"
"norizc","紫菜汤"
"norman_(pokemon)","千里_宝可梦"
"norne_(fire_emblem)","诺恩_(火焰之纹章)"
"noroi_(rnatataki)","充满音乐感，超有音乐氛围"
"noroi_no_megane_(vocaloid)","诅咒之眼"
"north_abyssor","议会深渊"
"north_kaiou","王凯"
"northdiiiio","好想啊"
"northeastern_ocean_princess_(roshiakouji-chan)","东北之海姬（罗西阿库吉酱）"
"northern_italy_(hetalia)","费利西亚诺·瓦尔加斯"
"northern_ocean_princess","北洋姬"
"northern_water_princess","北方水姬"
"norton_campbell","探矿者_(身份_V)"
"nose","鼻子"
"nose_blush","鼻子发红"
"nose_bubble","鼻涕泡"
"nose_hatchet","柴刀"
"nose_picking","挖鼻子"
"nose_piercing","鼻子有穿孔"
"nose_ring","鼻中隔穿刺"
"nosebleed","流鼻血"
"noses_touching","爱斯基摩之吻，鼻对鼻，面贴面，触碰鼻子"
"noshiro_(kancolle)","野志郎_(舰队Collection)"
"noshiro_(xanadu's_eventide)_(azur_lane)","野代郎_（圣歌的庇护所）_（碧蓝航线）"
"noshiro_tomoya","匠之野四郎"
"nostrils","鼻孔"
"notched_ear","耳朵破损，耳朵有缺块，耳朵撕裂"
"notebook","笔记本"
"notepad","便条簿"
"notgustiarp","萨莱帕努"
"notice_lines","表示角色注意到了什么的线条"
"noto_(soranoto)","吉野日和子"
"noto_kurumi","D斜杠，三枪蓝"
"notori_d","电玩开关"
"notte_(dragalia_lost)","嗯"
"nottytiffy","快速奔跑者2024，快跑者2024"
"nougat_(no_9ada)","牛轧糖_(73r1r1)"
"novady","没有人"
"novanoah","诺埃莉亚·庞塞"
"novel_cover","小说封面"
"novelty_censor","恶搞的马赛克"
"novelty_glasses","眼镜"
"novenine","人形转换"
"nowaki_(kancolle)","野波_舰队Collection"
"nowareno_(azuma_shino)","nowareno_（东志野）"
"nowatari_hii","三色鲑鱼"
"nowi_(eternal_witch)_(fire_emblem)","nowi_（万圣节）_（火焰之纹章）"
"nowi_(fire_emblem)","nono_(火之纹章)，nowi"
"noya_makoto","诺亚，浦马琴托"
"nozawa_noko","都市未来"
"nozawa_yukiko","由纪子_(光亮)"
"nozo_(hitomiz)","人见光"
"nozomi_(blue_archive)","高地人双马尾指挥官（蓝色档案），立花望（蓝色档案）"
"nozomi_tsubame","希望之燕"
"npa_(sirokurokuma)","纸巾_(Pixiv)"
"npt_shizuka","npt_(akzkfhsk0503)，未知标签"
"nr_(cmnrr)","nr_(96.5)，数值96.5"
"nr_noir","恶魔犬"
"nrmya","成宫_(040miya)"
"nrvnqsr_chaos","黑曜石混沌"
"ns_(ntrsis)","NTR剧情，妻管严设定"
"nt_26","chirko_0326，奇尔科_0326"
"nta_(drapa_box10)","drapa_box10，德拉帕盒子10"
"ntk_nartaku","纳尔_女仆装"
"ntw-20_(girls'_frontline)","NTW-20_（少女前线）"
"nu_(plastic_eraser)","塑料橡皮擦"
"nuanpapa","X软色系"
"nuclear_weapon","原子弹，核弹，核武器"
"nucomas","毁灭"
"nude","裸体"
"nude_cover","裸体封面"
"nude_filter","裸体过滤功能"
"nude_modeling","裸体模特"
"nudist","自然主义裸体，裸体主义"
"nuebunny","NERU角色"
"nuernberg_(azur_lane)","纽伦堡_(碧蓝航线)"
"nuggetkouhai","猎魔人"
"nui_gurumi","犬狗"
"nukaji_(kuromahou_kenkyuujo)","川村天明"
"nukazuke","腌萝卜"
"nukoosama","努科大人"
"nukoyarou","春雨努子"
"null-meta","无元数据"
"num_(angrynum)","愤怒表情，a:n_(angrynum)"
"numata_zombie","水花四溅"
"number","数字"
"number_tattoo","编号纹身"
"numbered","编号"
"numbers_(nanoha)","序印者(魔法少女奈叶)"
"numbuh_1","尼格尔·尤诺"
"numbuh_2","霍加斯，短笛，吉里根小子"
"numbuh_3","久喜三番"
"numbuh_4","墙靴甲虫"
"numbuh_5","艾比盖尔·林肯"
"nun","修女"
"nunchaku","双节棍"
"nunnally_vi_britannia","努纳利·兰佩鲁日"
"nunnun_(shunka_shuutou)","多库塔哈卡塞"
"nunok","快看啊"
"nunsori","空荡荡的旅程"
"nuntarou_(niudon_kajika)","4545太郎"
"nununu_(nununu386)","速水野猫"
"nuppehofu_(nibuta)","固态生存者"
"nurami_(shouji)","万治次郎，渚净"
"nurarihyon_no_mago","努拉：妖怪一族的崛起"
"nurse","护士"
"nurse_cap","护士帽"
"nurse_witch_komugi-chan","护士开关小墨吉酱"
"nursery_rhyme_(fate)","《Fate/Extra》儿歌主题"
"nursing_handjob","喂奶手交"
"nut_(food)","坚果类食物"
"nut_(hardware)","螺母（五金件）"
"nutkingcall","古伯曼_(kdk5011)，花生人"
"nuts_(hazel-nuts)","坚果_P_坚果"
"nuts_(yes!_precure_5)","蛋蛋_(光之美少女)"
"nuu_(liebe_sk)","nu_(dndnknkn)，努_(dndnknkn)"
"nuu_(nu-nyu)","努努"
"nuzzle","亲昵蹭触"
"nyahu_(nyahu_77)","喵芙_(莫艾狮)"
"nyamaso","塔马索"
"nyamo-lv0","喵呜 Lv1"
"nyan_koi!","喵系恋鱼"
"nyanko_daisensou","战斗猫咪，战斗猫咪们，战斗猫咪群"
"nyantan","mr._mew，喵坦"
"nyarlathotep_(housamo)","奈拉托提普_（东京放课后的召唤师们）"
"nyarlathotep_(nyaruko-san)","奈留子，奈留子_（奈留子小姐）"
"nyasa","尼亚萨湖_阿克"
"nyaswitchnya","双眸凝视"
"nyatasha_nyanners","喵喵兽_角色"
"nymph_(last_origin)","T-10型幼体"
"nyoijizai","星群"
"nyong_nyong","鸽子乌鸦"
"nyonn24","超级棒"
"nyoomcat","喵呜猫"
"nyoro_(nyoronyoro000)","喵呜喵呜"
"nyorotono_(amafurashi)","羞耻感"
"nyotaimori","为女性端上食物"
"nyto_(generic)_(girls'_frontline)","妮托_《少女前线》"
"nyubara_reona","新羽蕾娜，帕雷奥（Bang Dream!）"
"nyuu_(manekin-eko)","人偶艾可"
"nyuudou_kajika","老武藏"
"nywlub_(bulwyn)","布尔温，纳佐诺布鲁，尼乌卢布"
"nyx_(fire_emblem)","尼克斯_火焰之纹章IF"
"nyxkz","妮可妮丝"
"nz75_(girls'_frontline)","nz_75_（少女前线），nz_75_（少女前线）"
"nzuwaiganin","苍紫宁津"
"o_natsuo88","波波黑格"
"o_o","呆滞的表情，无语表情"
"o-nashi_neko","绿之执政者"
"o-ring","带O型环的衣物"
"o-ring_bikini","带O型环的比基尼"
"o-ring_bottom","带O型环的下装"
"o-ring_top","带O型环的上衣"
"oa_(or_12o)","一之濑橙"
"oakproud","蒂莫特奥·德卡瓦略"
"oar","船桨"
"obake_no_ukenerai_(vocaloid)","向观众表演的幽灵（VOCALOID）"
"obake_yura","4_74obake，烘焙主题"
"obarii","奥巴里尔恩"
"obentou","便当"
"obi","和服腰带"
"obj_shep","粘性_(粘羊)"
"object_behind_ear","耳后"
"object_hug","抱着某物"
"object_insertion","异物插入"
"object_namesake","人与物的同名梗"
"object_on_head","头上有非头饰类的物体"
"objectification","物品化"
"oboro_(fire_emblem)","奥博罗_火焰之纹章IF"
"oboro_(kancolle)","织姬_(舰队Collection)"
"oboro_(utawarerumono)","织部_（歌之恋）"
"oboro_muramasa","魔剑村正，鬼灯村正妖刀传"
"oborofu","臼月五叶"
"obosounds","斯瓦拉奥博"
"observerz","小猫咪"
"ocarino","神隐的奥卡里诺"
"ocean","海"
"ocean_sunfish","翻车鱼，太阳鱼"
"ocha_(kinnkonnsousai)","琴音奏响会"
"ocha_(oteaaa)","疯狂达人"
"ochakai_shin'ya","落合真也"
"ochano","小秋的内衣"
"ochiai_(kinjo_no_hito_no_nakimushi)","月见_（君之人的眼眸）"
"ochiaki","脸红"
"ochikazuki_ni_naritai_miyazen-san","米亚Zen小姐很想和你更亲近一些"
"ochikobore_fruit_tart","辍学偶像水果塔"
"ochio","ochi00s，大眼睛角色"
"octarian","章鱼士兵"
"octavia_melody","奥克塔维亚（我的小马驹）"
"octo_shot_(splatoon)","八重射击_《喷射战士》"
"octoling_player_character","八爪鱼人"
"octopus","章鱼"
"ocza","大胸"
"oda_eiichirou","小田英一郎"
"oda_ken'ichi","小田健一"
"oda_kou","苍姬，苍姬"
"oda_mifuu","神隐事件"
"oda_nobukatsu_(fate)","织田信长_（命运/冠位指定）"
"oda_nobuna_no_yabou","织田信长之野心"
"oda_nobunaga_(fate)","织田信长（Fate）全系列"
"oda_nobunaga_(koha-ace)","织田信长_（科哈/王牌）"
"oda_takayuki","跳跃的长颈鹿"
"oda_uri","钉宫信长"
"odabuts","1_oda_butsu_1，穴居人"
"odashi_(namiri)","纳米里"
"odayaka","织田岳_(织田岳拟人化)"
"odd_one_out","有个异类"
"odekake_kozame","小鲨鱼的冒险之旅"
"odennoden","奥德奥德"
"odin_(fire_emblem)","奥丁_(火焰之纹章IF)"
"odjisanhonpo","a_(iikgnn_sr)，藤本隆，玛雅呀"
"odmk_(jinnta4014)","inuoterav2，犬类角色，二次元风格"
"odysseus_(fate)","奥德修斯_(命运/冠位指定)"
"odysseus_eu_britannia","奥德修斯_不列颠尼亚"
"oe_(yamifuti)","oe_(vaew4523)，山吹富美"
"oekaki","简朴的画作"
"ofanimon","欧帕尼蒙"
"off_shoulder","露肩式"
"off-shoulder_dress","露肩连衣裙"
"off-shoulder_jacket","露肩夹克"
"off-shoulder_one-piece_swimsuit","露肩泳装"
"off-shoulder_shirt","露肩衬衫"
"off-shoulder_sweater","露肩毛衣"
"off-topic","与动漫无关的内容"
"offbeat","风格独特，与众不同"
"office","办公室"
"office_chair","办公椅"
"office_lady","办公室女职员"
"official_alternate_costume","官方替代服装，正式备用装束"
"official_alternate_hair_length","不同发长版本（官方版）"
"official_alternate_hairstyle","替代发型_官方版"
"official_style","原作画风|官方画风"
"ofly_(ofly252)","ofly_(pixiv)，飞天效果"
"oftooon","青色碎裂1228"
"ofuda","符纸"
"ofuda_on_clothes","衣服上贴着符纸"
"ofuro_mantarou","ofuro_（艺术家），ofuro_（pixiv4010）"
"oga_(elf-san_wa_yaserarenai.)","小冈小姐"
"ogami_koga","小神子奥加美"
"ogami_sakura","大神樱，大神樱"
"ogami_tamaki","大神玉树"
"ogasawara","宗八尾"
"ogata_(ogt_illust)","小形_(daitikun0220)"
"ogata_kouji","口志造型"
"ogata_zen","12岁少女"
"ogawa_maiko","浅崎"
"ogi_(torikari)","虎牙"
"ogihara_mach","滨原良雄，哈马斯"
"ogino_(oginogino)","博塔奥夫恩威"
"ogipote","黑色浮世绘"
"ogiyuki","可可阿萨"
"ogma_(fire_emblem)","大熊座"
"ogossi","ogossi3，欧戈西3"
"ogre_(illustogre)","插画食人魔，食人魔手工制品"
"ogu_(oguogu)","ogu_(pixiv136937)，奥古_(pixiv136937)"
"oguchi","杉本帮"
"ogura_eisuke","小仓英辅，大仓英一"
"ogyupoke","欧居"
"ohagi_(ymnky)","大叶紫薯_(pixiv43285)"
"ohagi_0909","千层乌贼，ocha_0413"
"ohara_michiru","大原美智留"
"oharu-chan","rrrpct，神秘感，悬疑氛围"
"ohashi_(hashidate)","桥段"
"ohasi","军队_14235"
"ohdo_yuga","欧杜尤加"
"ohgi_kaname","大木奏"
"ohishi_izumi","美味泉"
"ohitashi_netsurou","donabe0w0，呆萌风格"
"ohitsu","迷糊，恍惚"
"ohkubo_atsushi","奥库博厚"
"ohlia","阿里乌奥"
"ohnishi_yuriko","大西由里子"
"ohno_kanako","大野加奈子"
"ohnuma_kurumi","大沼久美子"
"ohta_yuichi","大田雄一"
"ohthicc","朝鲜爱好者，lilly41177"
"ohtsuki_yui","大月由衣"
"oifey_(fire_emblem)","oifaye_(火焰之纹章)"
"oigetsudou_(byakuya_yuu)","白夜优，王家继承者"
"oil_lamp","神灯"
"oil_painting_(medium)","油画风格"
"oil-paper_umbrella","日本伞，东方伞，纸伞，和风伞"
"oimanji","万治_天结"
"oimo_mushi","uco07_（虫之妖怪）"
"oimoto_jirou","铃音由宇治"
"oira_wa_arumajiro","紫罗兰色"
"oishii_ishiwata","前轮"
"ojamajo_doremi","魔法多雷米"
"ojiro_mashirao","跟班_(我的英雄学院)"
"ojo_(dfreak)","dfreak异常值"
"ojou_(galko)","欧珠_辣妹娘"
"ojou-sama_pose","贵族女性的笑颜"
"ok_o_o","光之皮吉"
"ok_sign","OK手势"
"oka_kojiro","冈子吉郎10"
"okabe_rintarou","虎王吼"
"okada_(hoooojicha)","乔伊，乔伊，乔伊"
"okada_izou_(dog)_(fate)","冈田一郎（狗）"
"okame_nin","奥卡梅特普"
"okame._(okame124)","ryo._(okame124)，志部真恋"
"okamisty","尤指米斯蒂娅·萝蕾拉的形象"
"okamoto_condoms","0.01厚度避孕套"
"okano_hajime","乱马"
"okano_yuuto","冈野悠人，冈优斗"
"okasira_(superkurounmo)","宇宙帝国"
"okawaii_koto","多可爱啊_辉夜大小姐"
"okayado","犬井武丸"
"okazaki_oka","oka_(a.m.)，冈田(a.m.)"
"okazuwa_shake","犬神莫凯基约"
"okg","H-Moka风格，H-Moka主题"
"oki_kuro","lovelesslover00，冲田总司"
"okii_(oh_ki_ik)","哦基伊克"
"okikurumi_(ookami)","奥基_狼"
"okima_udo","库拉吉_(vtup4278)，库拉库拉·涅米伊"
"okinami_(kancolle)","冲波美_(舰姬Collection)"
"okinawa_habu_(kemono_friends)","哈布_（动物好友）"
"okino_ryuuto","索拉塔娜哈哈"
"okiraku_boy","秘鲁_(tokyoska4592)"
"okiraku_nikku","可爱到不行"
"okita_j._souji_(fate)","冲田总司（泳装刺客），（Fate）"
"okita_juuzou","亚伯拉罕头像"
"okita_souji_(fate)","冲田总司（Fate），全系列，樱之剑士"
"okita_souji_(koha-ace)","冲田总司（科哈/王牌），樱之剑士"
"okita_souji_alter_(fate)","冲田总司（改版）（Fate系列）"
"okita_souji_alter_(swimsuit_saber)_(fate)","冲田总司（变体泳装剑）（Fate系列）"
"okitakung","冲田总司_(pixiv1267809)"
"okitsune_(okitsune-sama)","海兔大人"
"okiza_yuuri","oxa1is，奥克萨1伊斯"
"okonogi_yuuko","雅莎子"
"okonon_(kado_colda)","卡多·科尔达"
"okotan_(dewdrops)","奥古塔_（艺术家）"
"oktavia_von_seckendorff","奥克塔维娅·冯·塞肯多夫（魔法少女小圆）"
"oktyabrskaya_revolyutsiya_(kancolle)","十月革命_(舰娘Collection)"
"oku_(2964_okn)","8656_ko，科"
"oku_tamamushi","奥库·塔玛穆西，塔玛穆西"
"okuda_nao","奥田_(K-ON!)"
"okujou_no_yurirei-san","屋顶上的灵魂挚友"
"okuma_mai","乱入"
"okuma707","富瓦托罗蒙塔"
"okura_lino","二叶"
"okura_shito","奥库拉西托"
"okurarebito","骨骼结构，骨骼细节"
"okusama_ga_seito_kaichou!","我妻子是学生会主席"
"olchas","奥尔加·索洛维扬"
"old_man","老人"
"old_school_swimsuit","旧式死库水"
"old_woman","老妇"
"old-night","隔夜的"
"older","老化"
"oldlim","津久美_（艺术家）"
"oldschool","守旧派画风"
"ole_tower","矿石塔"
"oleana_(pokemon)","橄榄色_(宝可梦)"
"olga_discordia","起源之纷争"
"olga_marie_animusphere","奥尔加·玛丽"
"olive_laurentia","奥尔酱_(诺曼·蛆虫)"
"olivert_reise_arnor","奥利维尔·伦海姆"
"olivia_(festival_dancer)_(fire_emblem)","奥利维亚（表演艺术）（火焰之纹章）"
"olivia_(mobseka)","奥利维亚_（恋爱游戏世界是充满怪物的世界）"
"olivia_(pokemon)","荔枝_(宝可梦)"
"olivier_(project_moon)","奥利维尔_（废墟之书）"
"olivier_mira_armstrong","奥利维尔·阿姆斯特朗"
"olyester","长崎之美"
"olympia_(pokemon)","哥吉卡_(宝可梦)"
"olympics","奥运会"
"om_(nk2007)","om_(艺术家)"
"oma_kokichi","大间幸吉"
"omao","初坂绿"
"omaru_polka_(new_year)","小丸波尔卡舞（第二套服装）"
"omaru_polka_(school_uniform)","大丸波尔卡_第四套服装"
"omaru_polka_(street_casual)","小丸波尔卡舞（第三套服装）"
"omedetou!_(meme)","恭喜！_(迷因)"
"omega_(mega_man)","欧米伽_洛克人"
"omega_ray","欧米伽·蕾伊"
"omega-xis_(mega_man)","战岩"
"omegamon","全知视角"
"omegiricecake","天啊_fe3h"
"omelet","煎蛋卷"
"omenion","阿比普尔沃"
"omeno_(digitalome)","伦萨克·松塔亚农特"
"omikami","妖怪"
"omiya_(louise-louis-lucille)","路易丝-路易斯-露西尔"
"omizu_(omz)","寿司丸"
"omizu_chihiro","丹吉_水色版"
"omni-man","全能战士"
"omo_(saindoc)","omo_(h98013114)，奥莫_(h98013114)"
"omochishiki","用户pjcg5745"
"omoide_no_marnie","玛妮在场的时刻"
"omurainu","RX78酷罗科1"
"omurice","蛋包饭"
"on_back","仰躺"
"on_banana","吃香蕉的女孩"
"on_bed","在床上"
"on_chair","坐在椅子上"
"on_couch","在沙发上"
"on_desk","在书桌上"
"on_floor","在地板上"
"on_ground","在地上"
"on_head","在头上"
"on_lap","在膝盖上"
"on_one_knee","跪地，单腿跪地，单膝着地"
"on_person","在人身上"
"on_plate","盘子上的女孩"
"on_railing","坐在栏杆上"
"on_shoulder","在肩上"
"on_side","侧卧"
"on_stomach","趴着"
"on_table","在桌子上"
"on_vehicle","在交通工具上"
"on-model_vs_in_your_style_challenge","绘画同人艺术挑战"
"onanie_master_kurosawa","黑泽自慰大师"
"onasuba","奈须比_(fian0202)"
"onbashira","御柱"
"onbin_ha","OTK模式，直接击杀"
"onda_naoyuki","近藤直之"
"one_(cevio)","初音未来_(虚拟歌姬)"
"one_arm_handstand","单手倒立，单手站立"
"one_breast_out","露出一只乳房"
"one_eye_closed","闭着一只眼"
"one_eye_covered","一只眼被遮住"
"one_finger_selfie_challenge_(meme)","单指自拍挑战"
"one_knee","单膝跪"
"one_piece_card_game","海贼王集换式卡牌游戏，海贼王交易卡游戏"
"one_side_up","只扎了一边的头发"
"one-eyed","独眼"
"one-hour_drawing_challenge","1画，万多罗"
"one-piece_swimsuit","一体式泳衣"
"one-piece_swimsuit_pull","连体泳衣下摆，泳衣下摆，泳衣拉扯效果"
"one-piece_tan","泳衣晒痕"
"one-punch_man","一拳超人，OnePunch-Man，一拳超人"
"oneb_(daidokoro)","变态美少女"
"onee-shota","一次性恋爱故事"
"onegai_my_melody","傲娇美旋律"
"onegai_teacher","傲娇老师，请老师！"
"onegai_twins","单马尾胜出，请给双胞胎！"
"onegingek","沙发"
"oni","鬼"
"oni_horns","鬼角"
"oni_kanzei","鬼面面条"
"oni_mask","鬼面"
"onia_(pokemon)","柯尼娅_(宝可梦)"
"onigiri","饭团"
"onigiri-kun_(demmy)","黛米"
"onii-chan_dakedo_ai_sae_areba_kankeinai_yo_ne","亲密互动，亲昵交流"
"onii-chan_wa_oshimai!","不要叫哥哥大人，别叫我哥哥"
"onija_tarou","鬼灭之刃炭治郎"
"onikobe_rin","努蕾亚拉雷，鬼头凛"
"oniku_(o29sukizero)","o29sukizero，零失误操作"
"onimaru_(onimal7802)","lppletwo，双LPPLE组合"
"onimoti","莫奇科_(tvygbntl)，奥尼莫蒂莫"
"onimotsu_matarou","鬼畜"
"oninaart","战车.f"
"onion_holic","洋葱控"
"onion_rings","洋葱圈"
"onisaki_kirara","鬼崎桐莱"
"onmyouji","阴阳师"
"onna_kishi_(maoyuu)","女性骑士"
"onna_mahoutsukai_(maoyuu)","女巫少女_毛由宇"
"ono_tako","八重垣门"
"ono_tomohiro","BGStudio制作的《Celeste》"
"ono_toshihiro","神林延平"
"onoda_masahito","小野田正人"
"onodera_nire","齐·特拉尼"
"onoderasan","嘿嘿嘿"
"onofre_wayne","小猫娘-XD"
"onogami_tetsuya","铁也_(放送部)，铁也_(东京放课後召唤师)"
"onomatopoeia","拟声词"
"onomeshin","freaks_(艺术家)"
"onono_imoko","gyokai_(艺术家)，修人"
"onsen","温泉"
"onsen_symbol","温泉符号"
"onsen_tamago_(nurumayu_onsen)","努鲁玛由恩森"
"onsoku_inu","温顺的丸子"
"onsoku_no_sonic","音速索尼克"
"ooarai_(emblem)","大洗联队徽章"
"ooarai_military_uniform","大洗联队军装"
"ooarai_school_uniform","大洗联队军服"
"ooe_chizuko","江之岛千鹤"
"ooeyama_ken","ooo山岳篇"
"oogure_ito","哦！太棒了"
"oohoshi_awai","白井大帝"
"ooi_(kancolle)","ooi_(舰队Collection)"
"ooide_chousuke","乙女诚辅"
"ooishi_chuuni","大志信奈"
"ooishi_kuraudo","美味库劳多"
"ooishi_oil","美味，好吃"
"ooishi_ryuuko","美味凉子"
"ooiwa_kenji","大岩剑次"
"ooji_cha","欧吉桑"
"ookami_(game)","鬼武者"
"ookami_game_(studio_wasabi)","鬼武者游戏（狼人版），狼人游戏（Wasabi工作室版），狼类主题游戏（Wasabi工作室版）"
"ookami_kodomo_no_ame_to_yuki","狼孩"
"ookami_mio_(another_ookami_mio)","大狐美绪_（第七套服装）"
"ookami_mio_(casual)","大狐美绪_（第三套服装）"
"ookami_mio_(hololive_summer_2019)","大狐美绪_（第二套服装），大狐美绪_（夏日假期）"
"ookami_mio_(new_year)","大狐美绪_（第四套服装）"
"ookami_mio_(street)","大狐美绪_（第五套服装）"
"ookami_mio_(wonderland)","大狐美绪_（第六套服装）"
"ookami_ryousuke","酒美珠子"
"ookami_shoujo_to_kuro_ouji","狼女与黑王子"
"ookami-san","大狐小姐，大狐小姐与七人的中间战场，OTSNN"
"ookamiden","奥卡米登"
"ookashippo","44ship组合"
"ookawara_kunio","冈原国男"
"ooki_ikutoshi","伊久利俊_求抱抱"
"ooki_kino","女仆凉子"
"ookiku_furikabutte","强力蓄力，超级强力蓄力！"
"ookouchi_akira","冈内亮"
"ookuma_nekosuke","奥库玛_（Nitroplus），熊猫_（Automata）"
"ookutsuwa_waga","嘎咕_溃疡吐血场景"
"oolay-tiger_(voice_actor)","奥莱虎"
"oomori_harusame","玛雅"
"oomsz","沙都子"
"oomura_yuusuke","大村雄介"
"oomuro-ke","大村岳"
"oonaka_ito","大中0515"
"oonie_(splatoon)","aachin_（《喷射战士》）"
"oono_tetsuya","大野哲也"
"oono_tsutomu","大野智"
"oonusa","祓串"
"oooomiga","拼图游戏，填图游戏"
"oopartz_yang","ggg_(ted08191)，超棒极了"
"oora_kanako","浦野香奈子"
"oosaka_kanagawa","大阪，神奈川"
"oosaki_shin'ya","大崎信也"
"oosawa_yayoi","大泽八代子"
"ooshima_tomo","大岛智子"
"ooshio_(kancolle)","ooshio_(舰队Collection)"
"oota_minoru","实"
"ootachi","大太刀|野太刀"
"ootani_mikoto","须磨子_桃色气息"
"ootengu_(onmyoji)","大天狗_阴阳师"
"ootonari_nagi","长谷_渡边"
"ootori_akio","大鸟明夫"
"ootori_chihaya","太宰治光"
"ootori_kyouya","大鸟京也"
"ootori_subaru","16岁少女，年轻女孩"
"ootsuka_ken","肯欧"
"ootsuka_kotora","大塚琴音"
"ootsuka_mahiro","御宅光束"
"ootsuka_shin'ichirou","假面角色"
"ootsuka_you","黑野_（长门到）"
"oounabara_to_wadanohara","和多野原与大蓝海"
"ooyama_imo","CKSGD，大岩麻衣莫"
"ooyodo_(kancolle)","人形少女，织户_（舰队Collection）"
"ooyun","云老师，游戏王"
"oozaru","龙珠中的大猿形态，龙珠中的猴子形态"
"oozora_halu","大空春"
"oozora_subaru_(casual)","大空 Subaru（第五套服装）"
"oozora_subaru_(hololive_summer_2019)","大空 Subaru（第三套服装）"
"oozora_subaru_(loungewear)","大空 Subaru（第七套服装）"
"oozora_subaru_(new_year)","大空 Subaru（第四套服装）"
"oozora_subaru_(starlight)","大空 Subaru（第六套服装）"
"oozora_subaru_(work)","大空 Subaru（第二套服装）"
"opal_(pokemon)","杨树_(宝可梦)"
"opalis","欧泊艺术"
"opaque_glasses","没透出眼睛的眼镜"
"open_bag","开放式背包"
"open_belt","解开的腰带，松开的皮带"
"open_beta_(vtuber)","龙星群计划"
"open_book","翻开的书"
"open_bra","(前面)解开的胸罩"
"open_car_hood","打开引擎盖"
"open_cardigan","开襟毛衣"
"open_clothes","敞开的衣服"
"open_coat","敞开式外套"
"open_collar","解开的衣领"
"open_door","开门"
"open_fly","解开的裤子拉链"
"open_hand","张开的手"
"open_hoodie","敞开的连帽衫"
"open_jacket","敞开的夹克"
"open_kimono","敞开的和服"
"open_mouth","张嘴的"
"open_shirt","敞开的衬衫"
"open_shorts","敞开的短裤"
"open_skirt","敞开的裙子"
"open_vest","敞开的背心"
"open_window","打开的窗户"
"open-chest_sweater","胸部开口的毛衣"
"opengear","欧蓬吉亚"
"opening_door","开门"
"ophelia_(fire_emblem)","奥菲莉亚_(火焰之纹章IF)"
"ophilia_clement","《八方旅人》恋物癖"
"ophion_(housamo)","奥菲翁_（东京放课后的召唤师们）"
"oppai_loli","巨乳萝莉"
"opposing_sides","最终幻想姿势"
"optionaltypo","可选拼写错误，拼写错误_安魂暮光"
"orakuru_(oracle_art)","奥拉克尔·西尔伯恩，奥拉库鲁"
"oral","用嘴"
"oral_invitation","迎接射精而伸出舌头"
"oral_sandwich","蓝色盘子特殊款_性别向"
"orange_(fruit)","橙子，橙子类食物，柑橘类水果"
"orange_(satsurikukuma)","橙色_(pixiv389641)，橙色_(saturikukuma)"
"orange_background","橙色背景"
"orange_bag","橙色背包"
"orange_bikini","橙色比基尼"
"orange_blossoms","橙色花朵"
"orange_bodysuit","橙色紧身衣"
"orange_bow","橙色蝴蝶结"
"orange_choker","橙色项圈"
"orange_dress","橙色连衣裙"
"orange_eyes","橙色的眼镜"
"orange_flower","橙色的花"
"orange_footwear","橙色鞋类"
"orange_gloves","橙色的手套"
"orange_hair","橙色头发"
"orange_hairband","橙色发带"
"orange_headwear","橙色头饰"
"orange_heart_(neptunia)","橙色爱心，海王星主题橙色爱心"
"orange_jacket","橙色夹克"
"orange_kimono","橙色和服"
"orange_legwear","橙色裤袜"
"orange_lips","橙色口红"
"orange_male_underwear","橙色内裤_男性"
"orange_nails","橙色指甲"
"orange_neckwear","橙色领子"
"orange_one-piece_swimsuit","橙色泳装"
"orange_panties","橙色内裤"
"orange_pekoe_(girls_und_panzer)","橙色白毫茶"
"orange_ribbon","橙色丝带"
"orange_sailor_collar","橙色水手领"
"orange_scarf","橙色围巾"
"orange_scrunchie","橙色发束"
"orange_shirt","橙色衬衫"
"orange_shorts","橙色短裤"
"orange_skirt","橙色短裙"
"orange_sky","橙色的天空"
"orange_slice","片橙"
"orange_socks","橙色及膝长袜"
"orange_theme","橙色"
"orange-bird","彭德瑞姆"
"orator_(fft)","中介器_(快速傅里叶变换)"
"orb","球体"
"orc","半兽人"
"orca","虎鲸，逆戟鲸"
"ore_dake_haireru_kakushi_dungeon","只有我能进入的隐藏地牢"
"ore_ga_ojou-sama_gakkou_ni_""shomin_sample""_toshite_rachirareta_ken","人类样本"
"ore_monogatari!!","我的爱情故事！！"
"ore_no_imouto_ga_konna_ni_kawaii_wake_ga_nai","我的妹妹不可能这么可爱，/奥雷伊莫，奥雷伊莫，我的妹妹没那么可爱啊"
"ore_no_kanojo_to_osananajimi_ga_shuraba_sugiru","大耳兽"
"ore_no_nounai_sentakushi_ga_gakuen_love-comedy_wo_zenryoku_de_jama_shiteiru","无结局，没有结尾"
"ore_twintail_ni_narimasu","一定会变成双马尾！！"
"orein","扎多"
"orenji_(orenjipiiru)","orange_peel_(艺术家)，orenji_(温馨版橙子)"
"orenorenji","橙色橙子1221"
"orfevre_(old_design)_(umamusume)","奥菲弗_(兔娘)_(旧版设计)"
"organsoup","crypinee，器官汁液"
"orgasm","高潮|绝顶"
"orgus_(f-kare)","orgus_(housamo)，orgus_(东京放课後召唤师)"
"orgy","乱交"
"oriana_thomason","奥莉安娜·汤普森"
"orianna_(league_of_legends)","奥莉安娜·雷维克"
"orico_(nicolai)","奥里科_(尼古拉伊)"
"oridigi","数字伪造图像"
"orie_ballardiae_harada","原田织里，奥莉·贝拉尔迪亚，织里_夜之诞生下"
"origami","折纸"
"origami_(poinia)","波伊尼亚"
"origami_yakko","笨蛋，白痴"
"original","/o，原创角色"
"original_zero","真零"
"orihara_(ewkkyorhr)","ewkkyorhr_（奥利哈拉）"
"orii_(orii_i)","利奥时间"
"orikuchi_hirata","折口美津"
"orimiya_mai","更柔和的质感"
"orion_(bear)_(fate)","猎户座_(命运/冠位指定)"
"oripathy_lesion_(arknights)","奥蕾损伤（《明日方舟》）"
"ork_(warhammer)","兽人_(战锤40000)，兽人们"
"orlek","奥雷克船长，奥雷克TG"
"ormille","点实体"
"ornate_border","复杂边框，精细边框"
"ornate_ring","宝石戒指，宝石石戒指"
"orochi_(fire_emblem)","大蛇_(火焰之纹章IF)"
"orphen_(pink_seito)","粉色诚人"
"orrdriver","新西兰风格，棒极了"
"orresu","选项"
"orsola_aquinas","乌苏拉·阿奎那斯"
"ort_(type-moon)","ort_(命运)"
"ortfine_fredericka_von_eylstadt","细音_(终末的伊泽塔)"
"ortlinde_(fate)","奥尔特琳德_(命运/冠位指定)"
"oryo_(oryo04)","你"
"oryou_(girls_und_panzer)","野上武子"
"orz_(orz57)","orz_(艺术家)"
"os_(kazos)","e123e123ro，角色设计"
"os-tan","操作系统"
"osabe_tom","chobe_2，乔贝2"
"osafune_girls_academy_school_uniform","海兔女学院制服"
"osage_(nukunuku_nigirimeshi)","奥塞奇族_(稻叶云)"
"osaka_shizuku","大阪滴"
"osaka_shizuku_(odaiba_beach_girl)","欧达伊巴海滩女孩（LoveLive!）"
"osakabehime_(fate)","大坂边姬_（Fate），大坂边姬_（Fate/Grand Order）"
"osakabehime_(foxy_lady)_(fate)","狐狸小姐，大坂边姬（狐狸女士）（命运）"
"osakabehime_(swimsuit_archer)_(fate)","大坂边姬_（泳装弓箭手）_（Fate系列）"
"osakabehime_(swimsuit_archer)_(first_ascension)_(fate)","大坂边姬_（泳装弓箭手）_（首次登场）_（命运）"
"osakabehime_(swimsuit_archer)_(second_ascension)_(fate)","大坂边姬_（泳装弓箭手）_（第二次升华）_（命运）"
"osakechan0","隆夫"
"osaki_amana","大崎天奈"
"osaki_tenka","大崎天华"
"osamu_yagi","八城，八城庄"
"osanai_shouko","大谷小雪"
"osananajimi_neko","土制筷子，奏者忍者"
"osananajimi_wa_daitouryou","我的女朋友是总统"
"osashin_(osada)","大贞信"
"osawari_tantei","触觉侦探，触觉侦探"
"oscurol_(shironeko_project)","滚动房屋场景，亲吻镜头"
"oshage_(osyage921)","oshage_（用户_kpsn5534）"
"oshake","虚拟摇动效果"
"oshare_kyoushitsu","水牛宣传素材"
"oshi_ga_budoukan_itte_kuretara_shinu","如果我最喜欢的流行偶像能登上武道馆演出，我一定会开心到死"
"oshi_no_love_yori_koi_no_love","羞耻感：老婆多于老公多"
"oshida_(girls_und_panzer)","大下露华"
"oshiete!_galko-chan","请教我！辣妹小妹，快告诉我！美少女同学"
"oshio_(baniniwana)","巴尼尼瓦纳，莫加_（灰色蓬科）"
"oshioshio","大潮_大洋"
"oshiri_(o4ritarou)","欧利塔郎，波奇里塔罗"
"oshiro_project:re","大白收藏集，大白项目，大白项目重制版，白之PROJECT，白之PROJECT重制版"
"oshiruko_kizoku","奥西鲁科贵族"
"osiris_the_sky_dragon","天龙斯利弗"
"osisio","大西翔"
"oskar_vega","奥斯卡·维加，树莓味"
"oso_(toolate)","大猩猩"
"osobachan","欧萨巴酱，欧萨巴_(BPNS)"
"osvald_v._vanstein","奥斯瓦尔德_(八方旅人)"
"oswald_(project_moon)","奥斯瓦尔德_（废墟之馆）"
"otabe_sakura","尝过味道"
"otako_(galko)","OTA娘_辣妹娘"
"otaku","阿宅|御宅族"
"otaku_ni_koi_wa_muzukashii","御宅族恋爱"
"otaku_room","御宅室"
"oteruko_(wanabeee)","可爱宝贝"
"other_focus","性别不定的非人角色"
"otimusyairoha","拯救我"
"otoca_d'or","欧托卡玩偶"
"otogi_ryuuji","杜克·德夫林"
"otogi-juushi_akazukin","仙女火枪手，乙女战士茜红"
"otoi_rekomaru","过滤，小室托伊尔"
"otoko_no_ko","女装少年|伪娘"
"otoko_no_ko_wa_meido_fuku_ga_osuki!?","男人的孩子喜欢穿女装"
"otokuyou","羽毛，toku_0012，常吉"
"otome_game_no_hametsu_flag_shika_nai_akuyaku_reijou_ni_tensei_shite_shimatta","羽衣狐，我的反派转生生活：所有路线皆通向毁灭！"
"otome_gee_sekai_wa_mob_ni_kibishii_sekai_desu","色狼，恋爱游戏的世界对怪物来说太艰难了，被困在恋爱模拟游戏中：恋爱游戏的世界对怪物来说太艰难了"
"otome_kaibou_(vocaloid)","姬系解剖_(VOCALOID)"
"otome_wa_boku_ni_koishiteru","御宅族"
"otonari_no_tenshi-sama_ni_itsu_no_mani_ka_dame_ningen_ni_sarete_ita_ken","隔壁天使把我宠坏了"
"otonashi_yuzuru","孤独_(天使节拍！)"
"otonokizaka_school_uniform","国立音乃木坂学院女子制服"
"otonose_kanade_(regloss_uniform)","音之濑奏（第二套服装）"
"otori_tan","音羽酱"
"ototachibana_academy_school_uniform","音羽学院制服"
"otowe","神谷2434"
"otoyomegatari","新娘的故事，乙女物语"
"ots-12_(girls'_frontline)","OTS-12_（少女前线）"
"ots-14_(girls'_frontline)","OTS-14_（少女前线）"
"otsuo","日志欧米"
"ottosfoxhole","奥托"
"ouchi_kaeru","渡利甘君"
"ougon_musou_kyoku","幽灵公主：黄金幻想曲"
"ougon_yuusha_goldran","黄金勇士_戈尔德兰"
"ouji_fashion","科多娜，大叔（时尚）"
"ouka_(sakura_oinari)","樱花大社"
"ouka_miko","奥卡巫女"
"ouka_nagisa","海之丘渚"
"ouma_bunshichirou","大沼七郎"
"ouma_shuu","大沼修"
"ouma_tokiichi","大间时一，下烧堂"
"ouro_kronii","克罗尼乌斯黄金色"
"ouro_kronii_(casual)","乌罗·克洛尼（第三套服装）"
"ouro_kronii_(new_year)","乌罗·克洛尼（第二套服装）"
"ouroboros_(girls'_frontline)","衔尾蛇_(少女前线)"
"ourobot","vexo-r，维克索R"
"ousaka_nozomi","非_(嘿你！)"
"ousama_ranking","王者排名榜"
"ouse_(otussger)","能听懂"
"oushitsu_kyoushi_heine","皇家家庭教师"
"out_of_character","不符角色原本性格"
"out_of_frame","画里只有一部分"
"out_type_(outtypeex)","克隆龙鱼，异型鱼"
"out-of-frame_censoring","关键部位在画面外"
"outdoors","户外|野战"
"outline","角色形象有描边"
"outo_eguchi","Ctrl+FNA，江口桑"
"outside_border","一部分画到了背景框外面"
"outstretched_arm","伸出手臂"
"outstretched_arms","伸出双臂"
"outstretched_hand","伸出的手"
"outstretched_leg","双腿伸直"
"ovaries","卵巢"
"oven_mitts","隔热手套"
"over_shoulder","扛在肩上"
"over_the_collar_(idolmaster)","被捕"
"over_the_mouth_gag","嘴被堵住"
"over_the_nose_gag","被塞住嘴巴"
"over-kneehighs","过膝"
"over-rim_eyewear","下半无框眼镜"
"overalls","工作服"
"overcoat","大衣"
"overflow","精液溢出(未拔出)"
"overgrown","杂草丛生"
"overhaul_(boku_no_hero_academia)","千咲海"
"overlord_jc","约翰·克雷顿"
"overman_king_gainer","过度增肌效果"
"oversized_animal","巨大生物"
"oversized_clothes","过大号的衣服"
"oversized_flower","超大尺寸花朵"
"oversized_food","巨型食物"
"oversized_object","大件物体"
"oversized_shirt","过大号衬衫"
"overskirt","外裙|套裙"
"ovum","卵子"
"owada_mondo","大和田蒙多"
"owain_(fire_emblem)","尤德斯_火焰之纹章"
"owari_no_seraph","末日天使"
"owl","猫头鹰"
"owl_(ddap)","白猫-猫头鹰"
"own_hands_clasped","交握的双手，双手相扣，双手紧握，十指相扣"
"own_hands_together","双手合十"
"oxy_(ho2)","氧气，过氧化氢"
"oyaji-sou","大叔草"
"oyari_ashito","尾张步"
"oyashio_(kancolle)","大雪_(舰队Collection)"
"oyasumi_(oyasumign8)","1厘米137万，再见小光8"
"oyasumi_punpun","晚安，普恩普恩"
"oyster_pail","中式外卖容器"
"oyu_udon","莱茵"
"oyuwari","由良里梅"
"oz_ma33","oz_(user_zakk5472)，奥兹_用户zakk5472"
"ozaki_domino","尾崎多美"
"ozawa_akifumi","大泽秋文，大泽秋帆"
"ozawa_rina","麦肯齐_（大泽侦探）"
"ozora_akari","大空明"
"ozu_(oz_yarimasu)","从古到今"
"p_(pppppppppq)","痛苦幸运777"
"p-chan_(p90)","P酱_(P-90)"
"p-san_(sansin)","我是农民"
"p!k@ru","托科纳图"
"p.art","第66175290部分"
"p.k.f","蓬坎凡"
"p08_(girls'_frontline)","p08_（少女前线）"
"p38_(girls'_frontline)","P38_（少女前线）"
"p7_(girls'_frontline)","p7_（少女前线）"
"p9_(susisasimi)","可疑鱼生"
"p90_(girls'_frontline)","P90_（少女前线）"
"pa-15_(girls'_frontline)","pa-15_（少女前线）"
"pac-man","吃豆人"
"pac-man_(game)","吃豆人_游戏"
"pac-man_eyes","吃豆人眼睛"
"pacific_(kancolle)","太平洋"
"pacifier","奶嘴"
"packge","pack_er_5，打包工具五"
"packing_peanuts","泡沫花生"
"paddle","桨"
"padlock","挂锁"
"padoru_(meme)","帕多鲁"
"pafe_yuzuran","布拉德·斯卡雷特"
"page_number","页码"
"pagoda","宝塔"
"pagye","pg_(lhotseshar)，PG_洛特谢沙尔"
"pai-chan_(naozuri)","派酱_(奈绪_(里特)联动))"
"paid_reward_available","有奖励可领取"
"pain","疼痛"
"painapo","巴斯克游戏41"
"paine_(ff10)","佩恩_最终幻想"
"paint","油漆|涂料|颜料"
"paint_can","油漆桶"
"paint_musume","妖姬"
"paint_splatter","溅上了涂料"
"paint_splatter_on_face","脸上绘画"
"paintbrush","画笔"
"painted_clothes","给衣服上色"
"painting","绘画"
"painting_(action)","绘画"
"painting_(medium)","绘画_中等难度"
"painting_(object)","绘画"
"painting_fingernails","涂指甲油，美甲"
"paisen","古加拉"
"paizuri","乳交"
"paizuri_under_clothes","着衣乳交"
"pajamas","睡衣"
"paki2000","超级软萌"
"pako_(pakosun)","帕科"
"paku_romi","帕克·罗米，罗米·帕克"
"paladin_(sekaiju)","巨兽保护者"
"paldu","seveneightdu，七八杜"
"pale_color","苍白的颜色"
"pale_rider_(paleriderz)","糟糕透顶的人"
"pale_skin","苍白的皮肤"
"palette","调色板"
"palette_(object)","调色板"
"palina_(pokemon)","加拉纳_(宝可梦)"
"palla_(fire_emblem)","保拉"
"pallette_(mega_man)","洛克人调色板"
"palm_tree","椰树"
"palmer_(pokemon)","黑次_(宝可梦)"
"palms","手掌"
"palpatine","达斯·西迪厄斯，希夫·帕尔帕廷"
"pam-pam_(precure)","帕姆帕姆_(光之美少女)"
"pamela_ibis","帕梅拉·伊比斯"
"pan_kogekoge_ni_nacchatta_(utau)","我的面包烤得焦脆了"
"pan_korokorosuke","潘科罗科罗科罗"
"panaham","高达冲啊"
"panana","戴杰森"
"panbukin_(dragon_ball)","羞耻感"
"pancake","薄饼"
"pancake_stack","一叠煎饼"
"panda","熊猫"
"panda_(pandadesu)","熊猫_(白x黑)"
"panda_0035","吨波_（pixiv78277960）"
"pandinus","令人厌恶的角色"
"pandora_(mega_man)","潘多拉_洛克人"
"pandora_acherona_(nat_the_lich)","潘多拉_(纳特·死灵法师)"
"pandoria_(xenoblade)","赛卡_异度神剑"
"pani_poni_dash!","帕尼波妮，帕尼波妮冲刺，帕尼波妮冲刺版，/PPD，/PPD！"
"panicking","恐慌"
"panjamunoname_(nononanameme)","无名氏_金属蜻蜓"
"pankichi_anko","安科诺名义"
"pankou","中国结按钮，青蛙按钮"
"panne_(fire_emblem)","天鹅绒_(火焰之纹章)"
"panosarts","帕诺斯_(ssgpanos)"
"panpour","嗨亚普"
"panqlao","潘CCP"
"pansage","艳丽色彩"
"pansear","巴欧普"
"pant_suit","女性穿着西服"
"pantheon_eve","亚历克斯·潘利马"
"panther_(tank)","黑豹战车，黑豹式坦克，PzV型黑豹坦克，PzKpfw V型黑豹坦克"
"panties","内裤|短裤|裤袜"
"panties_(pantsu-pirate)","内裤，裤袜海盗装"
"panties_around_one_leg","一只脚上挂着内裤"
"panties_aside","内裤挪到一边"
"panties_day","裤袜之恋"
"panties_on_head","头上套着内裤"
"panties_on_penis","穿内裤口交，阴茎套内裤"
"panties_removed","内裤已被脱下"
"panties_under_buruma","穿在灯笼裤里的内裤"
"panties_under_pantyhose","穿在裤袜里的内裤"
"pants","裤子"
"pants_down","褪下裤子"
"pants_pull","拉着裤子"
"pants_rolled_up","卷起裤脚"
"pants_tucked_in","靴子内的裤子"
"pants_under_skirt","裙子盖在裤子外面"
"pantsing","骗钱行为"
"pantsu_shot","安斯卡，卡特琳娜·梅伊"
"panty_(psg)","无政府状态内裤"
"panty_&_stocking_with_garterbelt","吊袜带与连裤袜，/巴黎圣日耳曼"
"panty_gag","被塞入内裤的口封，戴口封的内裤装"
"panty_lift","把内裤往上扯"
"panty_peek","微微露出内裤"
"panty_pull","拉下来的内裤"
"pantyhose","连裤袜|裤袜"
"pantyhose_pull","褪下的裤袜"
"pantyhose_under_pants","内裤下的连裤袜"
"pantyhose_under_shorts","短裤类下装"
"pantylines","紧致的裤袜|略透明的裤袜"
"pantyshot","内裤走光"
"pantyshot_through_reflection","内裤照_反光效果"
"panye","月舞珠幽笛"
"panzer_(p.z)","坦克"
"panzer_(pnzrk)","让-巴蒂斯特·南托"
"panzer_38(t)","三八式坦克，PzKpfw_38(T)型坦克"
"panzer_ii","二号坦克，PzKpfw II"
"panzer_iii","三号坦克，PzKpfw III"
"panzer_iv","四号战车，PzKpfw IV"
"panzer_waltz","金属圆舞曲"
"panzerfaust_3","潘泽尔火炮-3"
"panzerkampfwagen_iv","四号战车"
"papa_no_iu_koto_wo_kikinasai!","听我说，女孩们。_我是你们的父亲！，听我说，女孩们。我是你们的父亲！，听我说，女孩们。我是你们的父亲！，爸爸基基，不要听爸爸的话，不要听爸爸的话！，不要听爸爸说的那些话，不要听爸爸说的那些话，不要听爸爸说的那些话！"
"papa-kun_(destiny549-2)","destiny549-2，命运549-2"
"papabay","贝妮区域"
"papajay_(jennygin2)","jennygin2，珍妮金2"
"papakha","高加索元素"
"paper","纸张"
"paper_airplane","纸飞机"
"paper_bag","纸袋"
"paper_crane","纸鹤"
"paper_cutout","剪纸艺术"
"paper_fan","纸扇"
"paper_lantern","提灯"
"paper_man","送纸人"
"paperclip","回形针"
"pappii_(paprika_shikiso)","帕皮伊"
"paradis_military_uniform","帕拉迪岛军装"
"paraffin","达比_（达比布比）"
"paragasu_(parags112)","风铃_(parags112)"
"paralysis","瘫痪的"
"paranoid.droid","偏执机器人5"
"parasite_eve_(series)","寄生虫伊芙"
"parasite_eve_the_3rd_birthday","第三次生日"
"parasol","阳伞"
"pardofelis","帕尔多菲利斯_崩坏：星穹铁道"
"parfait","冷糕"
"parfait_desu","完美埃米"
"paripi_koumei","妖怪男孩诸葛亮！"
"paris_(fate)","巴黎_(命运/冠位指定)"
"parisa_reaz","假名文字"
"park","公园"
"park_junkyu","gharliera1，加尔莉拉1"
"park_sung_woo","朴成宇"
"parka","风雪外套"
"parka_(summersketch)","夏日素描"
"parker-hale_idw","布须曼人IDW版"
"parody","模仿捏他别的作品及人物"
"parrot","鹦鹉"
"parsley-f","帕塞里"
"parted_bangs","分开的刘海"
"parted_hair","中心部分"
"parted_lips","张开的嘴唇"
"partially_colored","部分上色"
"partially_fingerless_gloves","半指手套"
"partially_opaque_glasses","半透明眼镜"
"partially_submerged","部分淹没"
"partially_translated","部分翻译，局部已翻译"
"partially_unbuttoned","解开部分纽扣"
"partially_unzipped","只拉上部分拉链"
"partially_visible_anus","可以看见一部分肛门"
"partially_visible_vulva","可以看见一部分外阴"
"partitio_yellowil","八方旅人_分割图"
"partner_(kprtnr)","出现故障"
"party_hat","派对帽"
"party_horn","泄密者"
"party_popper","派对拉炮"
"party_time_gold_(idolmaster)","派对时光金色主题"
"parvati_(fate)","帕尔瓦蒂_(命运/冠位指定)"
"pascal_(nier:automata)","帕斯卡_(尼埃尔自动机)"
"pascal_(tales)","帕斯卡"
"passionlip_(fate)","热情之唇，激情之唇"
"pasta","意大利面食"
"pastel_(medium)","像粉笔蜡笔作画的"
"pasties","乳贴"
"pastry","油酥糕点"
"pastry_bag","糖霜袋，裱花袋"
"pastry_box","蛋糕盒，甜甜圈盒"
"patch","补丁"
"patch_oxxo","咪咪，咪咪"
"patches_(fromsoftware)","《黑暗之魂》补丁，《艾尔登法环》补丁，鬣狗补丁"
"patchouli_knowledge","/PK对战"
"pateo","无节点"
"path","路径"
"path_to_nowhere","武气密特"
"patipat_asavasena","亚丝卡111"
"patreon_logo","打了patreon的logo"
"patreon_username","有patreon用户名"
"patterned","图案"
"patterned_hair","头发打印效果，有质感的头发"
"patxi_(fate)","帕奇"
"paul_bunyan_(fate)","狂战士_(用漫画学习！_FGO)，保罗·班扬_(命运/冠位指定)"
"paula_(mother_2)","宝拉·极星"
"pauldrons","护肩"
"paulo_(pokemon)","桐谷_宝可梦"
"pavement","路面"
"pavilionushima","轰焦冻的恐惧感_（特别推荐）"
"pavolia_reine_(street)","帕沃莉亚·蕾妮（第二套服装）"
"pavolia_reine_(streetwear)","帕沃莉亚·蕾妮（第三套服装）"
"paw_gloves","兽爪手套"
"paw_pose","爪子姿势"
"paw_print","爪印图案"
"paw_print_background","爪子背景"
"paw_shoes","兽爪鞋"
"paw_stick","熊掌锤"
"paw-shaped_pupils","爪印形状的瞳孔"
"pawn_(chess)","棋子"
"pawpads","脚趾豆"
"paws","爪子"
"payama","诺里皮，nrp_（佩苏），pnpnp五角大楼"
"pazuzu438","帕祖_（亚苏莫）"
"pc_engine","Turbografx-16游戏机"
"pc-98_(style)","PC98，PC98_（风格）"
"pe88y_(yu_tsugirls)","佩吉_(pixiv9540913)"
"pe902","强角党工，全加动干，WJMZKA"
"peace_symbol","☮(东方仗助衣服上有)"
"peaceablecolt","和平艺术"
"peach","桃"
"peach88","桃子_(momozen)"
"peaked_cap","类似警帽的帽子"
"peanut_(shokan)","视觉冲击"
"peanuts_(comic)","花生"
"pearl_(gemstone)","珍珠"
"pearl_(splatoon)","姬子_(喷射战士)"
"pearl_fey","春见绫里"
"pearl_necklace","珍珠项链"
"pearl_seemann","浣熊0咖啡"
"pearl_thong","串珠内裤"
"pec_pov_(meme)","像这样的百合OC_（迷因）"
"pechimaru","yossy_(yossy1130)，约西"
"pecjob","男性受虐，乳头性交，乳头性爱"
"pecorine_(princess_connect!)","羊奶酪味"
"pectoral_cleavage","男性乳沟，男性胸部凹陷"
"pectoral_docking","胸部对胸部接触"
"pectorals","胸肌"
"pectorals_on_glass","胸肌撞击玻璃"
"pee","尿"
"peeco_0","p_(peeco)，佩科"
"peeing","撒尿|失禁"
"peeing_self","尿到了自己(身体上)衣服上"
"peeking","偷窥"
"peeking_out","偷窥(的姿态)"
"peel_(tool)","披萨铲，披萨挖勺，披萨刮刀"
"peeping","偷窥(强调视角)"
"peg_leg","假腿"
"pegasus","天马"
"pegasus_j_crawford","百万马赫天马"
"pegasus_knight","天马骑士"
"peke_(xoxo_melon)","peke_(xoxopeke)，佩克_(xoxopeke)"
"pekeko_(pepekekeko)","佩佩咯咯笑"
"pekoli","纳赫里尔"
"pekomon_(usada_pekora)","野蔷薇_臼田佩科拉"
"pekuchin_(pekuchin_3)","千岩"
"pela_(honkai:_star_rail)","佩拉格娅·谢尔盖耶夫娜"
"pelt","动物毛皮"
"pelvic_curtain","旗袍类衣物的前摆"
"pemoyashi_(tianoblue)","角户守久"
"pen","笔"
"pen_(pen3)","笔绘_艺术家"
"pen_(steelleets)","钢铁风格"
"pencil","铅笔"
"pencil_as_mustache","嘴唇上夹铅笔，嘴唇上放钢笔"
"pencil_dress","铅笔裙"
"pencil_skirt","短铅笔裙"
"pendant","吊坠"
"peneko","a0_（matsu82_p），古野崎_p，matsu82_p"
"penguin","企鹅"
"penguin_costume","企鹅装"
"penguin_hood","企鹅帽"
"penguin_musume","企鹅妹妹之心"
"penguin4","志贵44我"
"penguinbu","海优由里0"
"pengy_(granblue_fantasy)","彭吉"
"penis","阴茎"
"penis_and_testicles_touching","睾丸与阴茎接触"
"penis_awe","亮“枪”"
"penis_grab","抓着阴茎"
"penis_head","蠢货，白痴"
"penis_in_eye","斜眼视角"
"penis_in_panties","阴茎勾着内裤"
"penis_in_thighhigh","大腿间的鸡巴"
"penis_on_face","阴茎贴着脸"
"penis_out","阴茎外露"
"penis_tentacle","阴茎触手"
"penis_to_breast","阴茎到乳头"
"penis_under_another's_clothes","衣服下的阴茎"
"penises_touching","触碰阴茎"
"pennant","三角旗"
"penpen_(penpen1942)","penpen_（艺术家）"
"pentacle","五芒星印"
"pentagram","五角星"
"penthesilea_(fate)","潘塞西莉亚_(命运/冠位指定)"
"penzai_fengli","凤梨科植物"
"people","背景人物"
"people's_republic_of_china_flag","中国国旗，中华人民共和国国旗"
"peperoncino-sama","雪天子"
"peppr_n'_salt","胡椒盐"
"pepsi_japan_cola_challenge_(meme)","百事日本可乐挑战赛"
"percy_(fire_emblem)","卢茨动作_(火焰之纹章IF)"
"peri_(fire_emblem)","皮耶里_(火焰之纹章IF)"
"peridot_(jewelpet)","橄榄石_(宝石宠物)"
"peridot_(periperi_8)","橄榄石68"
"perineum","会阴"
"period_(anony_83)","anony_83，匿名用户83"
"period_of_nocturne_(project_sekai)","夜曲间奏_（project_sekai）"
"perky_breasts","丰满的乳房"
"perlweiss_(ironlily)","哥特风少女_(铁百合)"
"perpendicular_paizuri","垂直位乳交"
"perrault_(last_origin)","《佩罗童话》CS版"
"perrine_h._clostermann","佩琳·H·克洛斯特曼"
"perseus_(unfamiliar_duties)_(azur_lane)","珀尔修斯_（育婴服务时间）_（碧蓝航线）"
"persia_(rune_factory)","pia_(rune_factory)，皮亚_(符文工厂)"
"persica_(girls'_frontline)","桃子_(少女前线)"
"person_on_head","小人儿在头上"
"persona_1","女神异闻录角色设定"
"persona_2_batsu","女神异闻录2：永恒的惩罚"
"persona_2_tsumi","女神异闻录2：无辜之罪"
"persona_3:_dancing_moon_night","女神异闻录3：月光之舞"
"persona_4:_the_ultimate_in_mayonaka_arena","女神异闻录4：竞技场"
"persona_4:_the_ultimax_ultra_suplex_hold","女神异闻录4竞技场终极版，女神异闻录4终极版超级过肩摔固定技"
"persona_5:_dancing_star_night","女神异闻录5：星光之舞"
"persona_q:_shadow_of_the_labyrinth","女神异闻录Q"
"personality_switch","人格替换"
"personification","拟人化"
"perspective","用了透视画法"
"perth_(kancolle)","珀斯_(舰姬Collection)"
"peru","秘鲁的"
"perun_(xenoblade)","托奇哈_异度之刃"
"pervert","变态"
"peso_(cheese_company)","佩索吉索"
"peso_(honopesopeso)","Honop风格"
"pet","宠物"
"pet_(sekaiju)","怪兽_巨型生物"
"pet_bowl","宠物碗"
"pet_cone","狗形项圈，伊丽莎白时代领饰"
"pet_door","猫门"
"pet_food","猫粮，狗粮"
"pet_play","宠物play"
"pet_walking","带狗散步，遛宠物，牵狗外出"
"petals","花瓣"
"petals_on_liquid","水面上漂着花瓣"
"pete_(bokujou_monogatari)","pete_(收获之月)"
"petenshi_(dr._vermilion)","dr._vermilion,dr.vermilion,dr_vermilion,剑士"
"peter_strasser_(a_moment_frozen_in_pure_white)_(azur_lane)","彼得·斯特拉瑟（白色指针）（蔚蓝航道）"
"peteron","攻击我_(aftz4474)"
"petite","娇小的"
"petra_macneary","佩特拉·麦克奈瑞"
"petralka_anne_eldant_iii","彼特拉克，学者安妮三世"
"petrel_(pokemon)","宝可梦拉姆达"
"petroleum","原油"
"petticoat","衬裙"
"petting","抚摸"
"phalanx_(sekaiju)","重装步兵_巨兽"
"phallic_symbol","用来暗示阴茎"
"pham_thai_chau","里娅，泰超"
"phantasy_star_universe","电源供应器"
"phantom_(happinesscharge_precure!)","幻影_(光之美少女)"
"phantom_brave","幻影勇士"
"phantom_kingdom","魔界王国，幻影王国"
"phantom_of_the_opera_(fate)","歌剧魅影（命运/冠位指定）"
"pharah_(overwatch)","法瑞哈·阿马里"
"pharaoh_man","法老男"
"phat_smash","Phatsmash风格"
"phi_(kyokugen_dasshutsu)","phi_(zero_escape)，零逃逸菲"
"philena_ivy","艾莉丝_(宝可梦)，艾莉丝教授，内木田_(宝可梦)"
"philip_(project_moon)","菲利普_废墟之馆"
"philomel_hartung","杰西卡·菲洛梅勒"
"philtomato","奥塔戈斯，菲利普·巴瓦桑塔"
"phimosis","包茎"
"phina_(fire_emblem)","菲娜_火焰之纹章"
"phinks_magcub","狮身人面像"
"phloxberry","葡萄味利姆糖"
"phoebe_(granblue_fantasy)","维托尔_《碧蓝幻想》"
"phoebe_(pokemon)","飞龙_宝可梦"
"phoebus_art","c._苏里约·拉克索诺"
"phoenix_wright","成步堂龙一"
"phoenix_wright:_ace_attorney","王牌律师1，逆转裁判1"
"phoenix_wright:_ace_attorney_-_dual_destinies","王牌律师5，逆转裁判5"
"phoenix_wright:_ace_attorney_-_justice_for_all","王牌律师2，逆转裁判2"
"phoenix_wright:_ace_attorney_-_spirit_of_justice","王牌律师6，逆转裁判6"
"phoenix_wright:_ace_attorney_-_trials_and_tribulations","王牌律师3，逆转裁判3"
"phone","电话|手机"
"phone_booth","电话亭，公用电话亭"
"phone_number","电话号码"
"phone_screen","手机屏幕"
"phonograph","留声机"
"phosphora","埃莱卡"
"photo","照片"
"photo_(object)","照片"
"photo_background","照片为背景"
"photo_shoot","写真拍摄"
"photo-referenced","图片参考资料"
"photocopier","复印机，复写机"
"photocopying_self","复印辅助功能"
"photokinesis","光之魔法，光能操控"
"photon_ray_(fate)","光束"
"photorealistic","很像照片的画"
"photoshop_flowey","欧米伽弗洛伊"
"phrecklesart","欧内斯特·尼格尔·图维拉，欧内斯特·图维拉，雀斑艺术（已删除）"
"phyllis_(cat)_(little_witch_nobeta)","黑猫_（小巫女诺贝塔）"
"phyllis_(human)_(little_witch_nobeta)","黑猫_（小巫女诺贝塔）"
"pia_carrot_e_youkoso!!_2","皮亚胡萝卜2"
"pia_carrot_e_youkoso!!_3","皮亚胡萝卜3"
"pia_carrot_e_youkoso!!_g.o.","皮亚胡萝卜去"
"piaki","安达农"
"piano","钢琴"
"piccolo_daimaou","克林格比克洛"
"pickaxe","镐头，石斧，锄头，挖掘工具"
"picnic","野餐"
"picnic_basket","野餐篮"
"picnicic","蓝色花朵"
"picodevimon","半恶魔兽"
"picter","peter_(will100sss)，彼得_(will100sss)"
"picture_(object)","图中有照片或其他图片"
"picture_frame","相框"
"pidove","马梅帕托"
"pie","馅饼"
"pie_(aipiepo)","艾皮波，派_(艾皮皮)"
"pie_in_face","蛋糕砸脸"
"pie_slice","派块"
"piemon","花斑猫"
"pier","突码头"
"piercing","穿洞"
"piers_(pokemon)","根津_宝可梦"
"pig","猪"
"pig_boy","猪人"
"pigeon_(wejil)","魏霁尔"
"pigeon-toed","萌向的内八腿"
"piggyback","驮着"
"pigone","皮戈尼亚埃"
"pikapikapop_(idolmaster)","皮卡皮卡砰"
"piko_(mea)","皮科"
"piku_(another_pikuru)","机甲_(77111994)"
"pile_of_corpses","尸体堆叠"
"pile_of_skulls","堆积的头骨"
"pile_of_trash","垃圾堆"
"pill","药丸"
"pill_earrings","药丸样式的耳环"
"pillar","柱子"
"pillarboxed","柱状画布背景"
"pillow","枕头"
"pillow_grab","抓着枕头"
"pillow_hat","睡帽"
"pillow_hug","抱枕"
"pillow_humping","枕头性爱"
"pilot","驾驶员"
"pilot_suit","驾驶员专用服"
"pimple","粉刺"
"pin","图钉"
"pina_(blue_archive)","浅野皮娜"
"pinafore_dress","背心裙|无袖连衣裙"
"pince-nez","夹鼻眼镜|无脚眼镜"
"pinching","掐"
"pinching_sleeves","掐袖子"
"pine_(pine-box)","松树"
"pinepin","非常棒"
"ping_hai_(summer_vacation)_(azur_lane)","平安（欢乐夏日）（碧蓝航线）"
"ping-yi_(tony_taka)","平一"
"pingdiguo","paintedpot_2022，绘图盆栽2022"
"pink_apron","粉色围裙"
"pink_ascot","粉色领结"
"pink_background","粉色背景"
"pink_bag","粉色双肩包，粉色手提包"
"pink_bikini","粉色比基尼"
"pink_blouse","粉色上衣"
"pink_bodysuit","粉色紧身衣"
"pink_bow","粉色蝴蝶结"
"pink_bra","粉色胸罩"
"pink_cardigan","粉色开口衬衫"
"pink_check_school_(idolmaster)","粉色校徽学校"
"pink_choker","粉色项圈"
"pink_clouds","粉色云朵"
"pink_coat","粉色外套"
"pink_collar","粉色颈圈"
"pink_crown_(pinkcrownpink)","粉色王冠"
"pink_diamond_765_(idolmaster)","粉色钻石765"
"pink_dot_balloon_(idolmaster)","粉色圆点气球"
"pink_dress","粉色连衣裙"
"pink_eyes","粉红色的眼睛"
"pink_fire","粉色火焰"
"pink_flower","粉红色的花"
"pink_footwear","粉色鞋类"
"pink_gloves","粉色手套"
"pink_hair","粉红色的头发"
"pink_hairband","粉色发带"
"pink_hakama","粉色袴"
"pink_headwear","粉色头饰"
"pink_hoodie","粉色连帽衫"
"pink_jacket","粉色夹克"
"pink_kimono","粉色和服"
"pink_legwear","粉色裤袜"
"pink_leotard","粉色连身衣"
"pink_lips","粉色的嘴唇"
"pink_lipstick","粉红唇膏"
"pink_male_underwear","粉色内裤_男性款"
"pink_nails","粉色指甲"
"pink_neckwear","粉色领子"
"pink_no_ayumi!","粉色无步美"
"pink_one-piece_swimsuit","粉色泳装"
"pink_panties","粉色内裤"
"pink_pants","粉色裤子"
"pink_ribbon","粉色丝带"
"pink_rose","粉红玫瑰"
"pink_sailor_collar","粉色水手领"
"pink_sash","粉色腰带"
"pink_scarf","粉色围巾"
"pink_scrunchie","粉色发束"
"pink_shirt","粉色衬衫"
"pink_shoes_(project_moon)","粉色鞋子_(limbus_company)"
"pink_shorts","粉色短裤"
"pink_skin","粉色皮肤"
"pink_skirt","粉色短裙"
"pink_sleeves","粉色袖子"
"pink_socks","粉色及膝长袜"
"pink_sweater","粉色毛衣"
"pink_swimsuit","粉色泳衣"
"pink_theme","粉色主题"
"pink_towel","粉色毛巾"
"pink_vest","粉色背心"
"pink_wings","粉色翅膀"
"pink-framed_eyewear","粉色镜框眼镜"
"pink-haired_nun_(404notfound)","粉发修女_(skeb)"
"pink.s","芙娃芙娃粉酱"
"pinkuma","熊粉熊，斯塔西卡拉斯克"
"pinky_iwata","kemeko_(s065026)，肯梅科_(s065026)"
"pinky_out","伸出小拇指"
"pinky_swear","小指约定"
"pinstripe_pattern","细条纹图案"
"pinta_(ayashii_bochi)","色情内容"
"pinwheel","纸风车"
"pinyata_(pinyaland)","popon_ta_（npopo），波蓬塔_（恩波波）"
"pioko","开心果奶油"
"pipe","管子"
"pipe_bomb","管道炸弹"
"piper_perri_surrounded_(meme)","被派珀·佩里环绕"
"pipes","管道"
"pipi_o_(pipioo08)","天部绮羽"
"pipidan","PP子弹图标"
"pippin_(pippin_sol)","皮平索尔"
"pirate","海盗"
"pirate_(sekaiju)","海盗兽_(巨型生物)"
"pirate_hat","海盗帽"
"pirikara_spicy_tapioca","滑雪场地图"
"piro_(exp_66)","乌萨鲁24"
"piromizu","皮罗·苏伊"
"pisagi","邪恶老爹12"
"pish","豌豆色系"
"pistol","手枪"
"piston_ring","西泽美月"
"pita_goral","毕达哥拉斯定理"
"pitcher_(container)","投手"
"pith_helmet","木髓遮阳帽"
"pix_(league_of_legends)","像素风"
"pixel_art","像素绘"
"pixelated","像素化"
"pixie_(milkywaypixies)","林美眉"
"pixie_(monster_farm)","小精灵_(怪物牧场主)"
"pixie-bob_(boku_no_hero_academia)","土川龙子"
"pixiv_cat_kingdom","Pixiv猫王国2"
"pixiv_commission","Pixiv请求"
"pixiv_mahou_gakuen","Pixiv魔法学院2.0"
"pixiv_sample","pixiv漫画样张，pixiv缩略图"
"piyo_(piyo8415)","piyo_(pixiv_2308057)，皮哟_(pixiv_2308057)"
"piyodera_mucha","很多"
"piyoko","pyocola_analogue_iii，吡可拉模拟版III"
"piyoko9494","波波佩佩恩"
"piyomon","比优蒙"
"piyotan_(girls_und_panzer)","青井日吉，ピヨタン"
"pizza","披萨"
"pizza_(pizzania_company)","披萨_艺术家"
"pizza_slice","披萨切片"
"pjman","博特罗"
"pk_(girls'_frontline)","《少女前线》PK"
"pkp_(girls'_frontline)","PKP_（少女前线）"
"pkpkpppk","啊吼库"
"plaid","格子呢图案"
"plaid_background","格子呢背景"
"plaid_bikini","格子呢比基尼"
"plaid_bow","格子呢蝴蝶结"
"plaid_clothes","格子图案服装"
"plaid_dress","格子呢连衣裙"
"plaid_neckwear","格子呢领子"
"plaid_panties","格子呢内裤"
"plaid_pants","格子呢裤子"
"plaid_scarf","格子呢围巾"
"plaid_shirt","格子呢衬衫"
"plaid_skirt","格子呢短裙"
"plaid_vest","格子呢背心"
"plain_girl_(kamisimo_90)","普通女孩_(由由)"
"plana_(blue_archive)","a.r.o.n.a_（蓝色档案）"
"planet","行星"
"plankton_(spongebob)","谢尔顿·J·普兰克顿"
"plant","植物"
"plant_girl","娘化植物"
"plant_hair","叶状头发"
"plant_roots","根节点，根目录"
"plantar_flexion","足底屈曲"
"planted","植入式武器"
"planted_sword","往地上插的剑"
"planted_weapon","往地上插的武器"
"plasma-chan_(kancolle)","等离子酱_(舰队Collection)"
"plastic_bag","塑料袋"
"plastic_wrap","保鲜膜包裹"
"plate","盘子"
"plate_armor","板甲"
"platform_footwear","平台鞋"
"platinum_(mantafriend)","超棒的朋友"
"platinum_(shimmering_dew)_(arknights)","白金级（阳光露水）（《明日方舟》）"
"platinum_blonde_hair","白金色头发"
"platunoy_787","m1x混音版"
"playboy_bunny","兔女郎，兔子装，兔形连身衣，花花公子风格兔款紧身衣"
"playboy_bunny_leotard","兔女郎连身衣"
"player_2","2P玩家角色风格颜色替换"
"player_character_(mabinogi)","《玛宾诺基》角色头像"
"player_character_(wow)","《魔兽世界》头像"
"player193","无法承受的天空之美"
"playerunknown's_battlegrounds","绝地求生"
"playerz","绝不止步，火舞孤子"
"playing","在玩耍的"
"playing_card","扑克牌"
"playing_games","打游戏"
"playing_instrument","演奏乐器"
"playing_sports","运动，体育项目"
"playstation_portable","掌机"
"playstation_symbols","PlayStation造型"
"pldf","WMAD风格，WMAD美学"
"pleading_eyes","小狗眼眸"
"pleading_face_emoji","丰满胸部"
"pleasedbyviolet_(voice_actor)","被紫罗兰迷住"
"pleated_dress","百褶连衣裙"
"pleated_skirt","百褶裙"
"plectrum","拨片"
"pleinair","外光画法"
"plotmon","萨拉蒙"
"plow_(witch_parfait)","parfait艺术风格，plow_(mrplow34)"
"pltnm_ghost","岛村乔，pltnm06ghost，嘘——"
"plucking_petals","摘下雏菊的花瓣，他爱我他不爱我"
"plug_(piercing)","穿刺测深器"
"plugsuit","EVA驾驶员服"
"plum_(arch)","arch_（艺术家）"
"plum_blossoms","梅花"
"plumeria_(pokemon)","凤梨果_(宝可梦)"
"plump","身材丰满的"
"plunging_neckline","深领"
"plus_step","呀哦"
"pluto_(project_moon)","冥王星_(废墟之图书馆)"
"pluto_symbol","冥王星星座"
"pmg","欢乐开花"
"po_(moudameda17)","po_(pixiv_103148270)，像素风，二次元风格"
"po_pooch","向日葵小波奇，波奇_(0523美谦)"
"po-ju","扑救"
"pobotto","蒙蒙豆"
"pocari_(sq551)","徐珍辉"
"pochi_(pochi-goya)","波奇哥雅"
"pocket","口袋"
"pocket_watch","怀表"
"pocky","百奇"
"pocky_day","百奇日"
"pocky_kiss","百奇游戏"
"poco_(asahi_age)","波科"
"poco_(zdrq3)","解药，zdrq3"
"pod_(nier:automata)","波德_尼尔机械纪元"
"poin_(hidsuki)","点数"
"pointer","指示棒"
"pointing","用手指着"
"pointing_at_self","指着自己"
"pointing_at_viewer","指向看图的人"
"pointing_melee_weapon","指向型武器"
"pointing_spider-man_(meme)","指向型蜘蛛侠"
"pointing_up","向上指"
"pointless_censoring","敷衍的打码"
"pointless_condom","有套子但还是内射了"
"pointy_breasts","鱼雷状胸部，极度挺拔的胸部"
"pointy_ears","妖精耳"
"pointy_footwear","尖头鞋"
"pointy_hair","带着尖角的发型"
"poipoi_purin","萨茨"
"poison_ivy","帕梅拉·莉莲·艾斯利"
"poka_poka_(meme)","波卡波卡"
"poke_ball","精灵球"
"poke_ball_(basic)","基础红白精灵球"
"poke_ball_print","精灵球图案"
"poke_ball_theme","精灵球主题"
"pokedex_number","宝可梦图鉴编号"
"pokemoa","索拉"
"pokemon","口袋妖怪，宝可梦，宝可梦系列"
"pokemon_(anime)","/pkani，帕卡尼"
"pokemon_(creature)","口袋妖怪(生物)|宝可梦"
"pokemon_3:_the_movie_-_spell_of_the_unown:_entei","宝可梦_m03"
"pokemon_4ever_-_celebi:_the_voice_of_the_forest","宝可梦_m04"
"pokemon_adventures","/pkspe，口袋妖怪特别篇，口袋妖怪特别篇，宝可梦特别篇"
"pokemon_bw","宝可梦黑版，宝可梦黑白版，宝可梦黑白，宝可梦白版"
"pokemon_bw2","宝可梦黑2白2，宝可梦黑2白2版本，宝可梦黑色2代，宝可梦黑色2代与白色2代，宝可梦黑白2，宝可梦白色2代"
"pokemon_cafe_remix","宝可梦咖啡馆混剪"
"pokemon_conquest","/pny，宝可梦+信长之野望，宝可梦+信长的野心，宝可梦加版信长之野望"
"pokemon_dppt","宝可梦钻石，宝可梦钻石与珍珠，宝可梦D&P，宝可梦DP，宝可梦DPP，宝可梦珍珠"
"pokemon_dppt_(anime)","宝可梦动画版_DP"
"pokemon_frlg","宝可梦火红版，宝可梦火红版与叶绿版，宝可梦FR，宝可梦FR与叶绿版，宝可梦叶绿版，宝可梦LG"
"pokemon_gsc","宝可梦水晶版，宝可梦金版，宝可梦金银版，宝可梦金银系列，宝可梦GS版，宝可梦银版"
"pokemon_heroes:_latios_&_latias","宝可梦_m05"
"pokemon_hgss","宝可梦心金版，宝可梦心金版与灵魂银版，宝可梦心金，宝可梦心金与灵魂银合集，宝可梦灵魂银版，宝可梦灵魂银合集"
"pokemon_horizons","宝可梦SV_（动画版）"
"pokemon_journeys","宝可梦Swish_动画版"
"pokemon_masters_ex","宝可梦大师"
"pokemon_mystery_dungeon","宝可梦神秘地下城，宝可梦MD"
"pokemon_on_head","头上的口袋妖怪"
"pokemon_on_shoulder","肩上的口袋妖怪"
"pokemon_oras","宝可梦阿尔法蓝宝石，宝可梦AS，宝可梦欧米伽红宝石，宝可梦欧米伽红宝石与阿尔法蓝宝石，宝可梦OR，宝可梦OR与AS"
"pokemon_ranger_and_the_temple_of_the_sea","宝可梦_m09"
"pokemon_rgby","宝可梦蓝版，宝可梦绿版，宝可梦R&B版，宝可梦RB版，宝可梦RBY版，宝可梦红版，宝可梦红蓝版，宝可梦红绿版，宝可梦R&G版，宝可梦RG版，宝可梦RGB版，宝可梦黄版"
"pokemon_rse","宝可梦红蓝版，宝可梦红版，宝可梦红宝石版，宝可梦红宝石蓝宝石版，宝可梦蓝宝石版"
"pokemon_rse_(anime)","宝可梦_AG"
"pokemon_sm","宝可梦月亮，宝可梦太阳，宝可梦太阳与月亮"
"pokemon_sv","宝可梦 红色版，宝可梦 紫色版"
"pokemon_swsh","宝可梦盾牌，宝可梦剑"
"pokemon_tcg","宝可梦集换式卡牌游戏"
"pokemon_the_movie_2000:_the_power_of_one","宝可梦_m02"
"pokemon_the_movie:_i_choose_you!","宝可梦M20"
"pokemon_the_movie:_secrets_of_the_jungle","宝可梦M23"
"pokemon_the_movie:_the_power_of_us","宝可梦M21"
"pokemon_usum","宝可梦超级月亮，宝可梦超级太阳，宝可梦超级之月"
"pokemon_xd","宝可梦XD：黑暗之风，宝可梦XD_黑暗之风，宝可梦XD：暗之风 暗黑路奇亚，宝可梦XD_暗之风 暗黑路奇亚"
"pokemon_xy","宝可梦X，宝可梦X与Y，宝可梦X&Y，宝可梦Y"
"pokemon:_arceus_and_the_jewel_of_life","宝可梦_M12"
"pokemon:_destiny_deoxys","宝可梦_m07"
"pokemon:_jirachi:_wish_maker","宝可梦_m06"
"pokemon:_lucario_and_the_mystery_of_mew","宝可梦_m08"
"pokemon:_the_electric_tale_of_pikachu","电击！皮卡丘，电击皮卡丘，电击皮卡丘，皮卡丘的电气传说，皮卡丘的电气传说，宝可梦：皮卡丘的电气传说，宝可梦：皮卡丘的电气传说，皮卡丘的电气传说，皮卡丘的电气传说"
"pokemon:_the_first_movie_-_mewtwo_strikes_back","宝可梦_m01"
"pokemon:_zoroark:_master_of_illusions","宝可梦M13"
"poker_chip","扑克筹码"
"poking","戳"
"poking_belly","戳肚子"
"pokoten_(pokoten718)","山岚"
"pola_(kancolle)","波拉_(舰姬Collection)"
"poland_(hetalia)","费利克斯·卢卡西维奇"
"polar_chaldea_uniform","极地迦勒底制服"
"polaris_(star)","北极星"
"polarityplus","极性脓液"
"polaroid_photo","宝丽来照片"
"pole","杆子"
"pole_dancing","钢管舞"
"polearm","长柄武器"
"police","警察"
"police_uniform","警服"
"policeman","警察，警员"
"policewoman","女警"
"polilla","行星蛾"
"polish_text","润色"
"politician","政客们"
"polka_dot","圆斑点"
"polka_dot_background","圆斑背景"
"polka_dot_bikini","圆斑比基尼"
"polka_dot_bow","圆斑蝴蝶结"
"polka_dot_bra","圆斑胸罩"
"polka_dot_dress","波点连衣裙"
"polka_dot_headwear","波点帽"
"polka_dot_kimono","波点和服"
"polka_dot_legwear","圆斑裤袜"
"polka_dot_panties","圆斑内裤"
"polka_dot_scrunchie","圆斑发束"
"polka_dot_shirt","波点衬衫"
"polka_dot_swimsuit","圆斑泳衣"
"polla","奈尔夫"
"pollity","pollity_san，波利蒂·桑"
"pollux_(fate)","波吕克斯_(命运/冠位指定)"
"pollux_(housamo)","波吕克斯_（东京放课后的召唤师们）"
"polo_shirt","马球衫"
"polos_crown","波洛斯皇冠"
"pom_pom_(cheerleading)","绒球，蓬蓬球，绒球们，绒球群，绒球饰，小绒球，绒球装饰，多个绒球，绒球装饰物"
"pom_pom_(clothes)","小绒球(衣物挂件)"
"pom_pom_beanie","圆顶软帽"
"pom_pom_hair_ornament","发饰绒球"
"pomepome1207","chino_0830_tr，奇诺_0830_tr版本"
"pomeranianko","波罗琳，pororin.net"
"pomki","骷髅情人"
"pomodorosa","响希雅"
"pompadour","蓬帕杜发型"
"pomu_(joynet)","波姆"
"pon_(ponymmtknsk)","庞克NSKTROP风格"
"pon_de_lion","萌系狮子"
"poncho","穗饰披巾|雨披"
"poncho_(poncho)","蓬乔_(Pixiv)"
"poncocchan","脓液"
"pond","池塘"
"poniko_(lielos)","lielos'_马尾女孩，小马驹小孩"
"ponjiritsu","蓬吉里茨，里图"
"ponkan_8","蓬坎八号"
"ponponmaru","蓬波"
"ponpu_(pumpkinsinclair)","克莱尔的南瓜"
"ponsu_(ponzuxponzu)","庞祖克斯庞祖"
"ponsuke2700","苍之帝"
"ponta_(velmar)","pnt_(ddnu4555)，该标签为Danbooru平台内的用户自定义编号标识"
"pony_(animal)","小马"
"pony_play","马戏装扮演"
"ponytail","马尾"
"ponytail_girl_(kamisimo_90)","扎马尾的女孩_（由芽）"
"ponytail_korosuke","gorua_(youce01)，戈鲁阿_(youce01)"
"ponzu_(catponz)","雨笠勇平"
"ponzu_pon9","63ponzu酸味汤汁"
"ponzu_rui","肯_（飞翔）"
"pool","泳池"
"pool_ladder","泳池扶梯"
"pool_of_blood","血泊，血水潭"
"pool_table","台球桌，斯诺克台"
"poolside","在泳池边"
"poorgom","佐菲"
"pooziqo-royal","普齐科皮尔敦"
"pop_(electromagneticwave)","流行音乐_艺人"
"pop_(smile_precure!)","流行_(美少女战士)"
"pop_in_my_heart!!_(project_sekai)","在我心中砰然绽放！_(project_sekai)"
"pop_sound_blossom_(idolmaster)","流行音乐声花朵特效"
"popcat_(jung5u)","丛林五人组"
"popcorn","爆米花"
"popcorn_91","哈里罗小猪"
"poper_(arin_sel)","阿里恩·塞尔"
"popgun_(22882502)","波普玛鲁楚伊"
"popoman","泡面团"
"popomine_(popo3ne)","波波_怨恨表情"
"popped_button","按钮弹出效果，弹出的按钮"
"popped_collar","竖起来的衣领"
"poppi_(xenoblade)","花娜_异度神剑"
"poppippoo_(vocaloid)","波皮波"
"poppy_(league_of_legends)","罂粟花"
"poppy_(poppykakaka)","晶体管"
"poppypilf","707娜祖娜"
"popsicle","冰棒|棒冰"
"poptepipic","流行乐队，史诗风格"
"popuri_(bokujou_monogatari)","波普里_收获之月"
"poranka_(porankaran)","波兰卡兰"
"porch","门廊"
"poreisan_(portrain)","波丽桑"
"poriuretan","无杂音"
"porkpie_hat","道士帽"
"porl_(seisoporl)","色情内容"
"pornography","色情刊物|色情片"
"poronegi","浅月"
"pororokka_(macareo)","波罗罗卡，波罗罗卡18"
"porqueloin","猪腰肉"
"portal_(object)","次元洞穴"
"portgas_d._ace","艾斯_(海贼王)，波尔加斯·D·艾斯"
"portrait","半身像"
"portuguese_text","葡萄牙语"
"porupu","纳姆钦"
"pose","姿势"
"pose_imitation","借用姿势"
"pose_request","姿势请求"
"positive_passion_(idolmaster)","积极的热情"
"posom","人月"
"possum_ears","负鼠耳朵"
"possum_tail","负鼠尾巴"
"post-apocalypse","末日后的世界"
"postbox_(outgoing_mail)","邮件收集箱，邮筒"
"poster_(object)","海报"
"posumine","山石纯弥"
"pot","锅"
"potato","土豆"
"potato_chips","薯片"
"pote_(ptkan)","PTKAN风格"
"pote0508","游戏相关内容"
"potechi_norisio","真美乃子，波心_(op_laaaaw_tan)，野子_(画师)"
"potion","药水"
"potpourri_(heartcatch_precure!)","百合花_(美少女战士)"
"potted_plant","盆栽"
"pouch","(贴身的)小袋"
"pouring","浇注|倾倒"
"pout","撅嘴"
"pov","第一人称视角"
"pov_crotch","看向裤裆的视角"
"pov_hands","手伸来方向的视角"
"pov_legs","第一人称视角的脚部"
"poverty","贫穷的"
"power_armor","动力装甲"
"power_connection","元素连接"
"power_girl","卡拉佐尔-L"
"power_lines","电线"
"power_strip","电源板，浪涌保护器"
"power_suit","动能服"
"power_symbol","电源符号"
"power-up","升级道具，力量增强物品"
"powered_ciel","强力西尔"
"powerpuff_girls","飞天小女警"
"powerpuff_girls_z","《我做到了！》_飞天小女警_z，《我做到了！》飞天小女警_z，PPGZ"
"pozesuke","唯一课程"
"pozyomka_(arknights)","《明日方舟》壁纸"
"pp-19_(girls'_frontline)","pp-19_（少女前线）"
"pp-19_bizon","双峰驼，PP-19"
"pp-90_(girls'_frontline)","PP-90_（少女前线）"
"pparus","鹦哥P"
"ppk_(girls'_frontline)","PPK_（少女前线）"
"ppower_(lu_power)","力量_(卢之力)"
"pps-43_(girls'_frontline)","pps-43_（少女前线）"
"ppsh-41_(girls'_frontline)","PPSH-41_（少女前线）"
"ppyong","P2勇"
"prairie_(mega_man)","大草原"
"prattkeeping_(meme)","避免闲聊"
"pravda_military_uniform","真理学院军装"
"pravda_school_uniform","真理学院校服"
"praxis_(xenoblade)","三云玛丽_(异度神剑)"
"pray_(furei)","微笑2007h"
"prayer_beads","念珠"
"praying","祈祷"
"pre_(preecho)","预处理_(17194196)"
"precia_(princess_connect!)","普蕾西娅_(公主连结！)"
"precum","先走汁"
"precum_string","精液痕迹"
"precure_all_stars_new_stage:_mirai_no_tomodachi","美少女战士全明星新舞台：未来的朋友们，/美少女战士系列"
"precure_netorare_(meme)","美少女战士，变态色情"
"predator_(1987)","《掠食者》（电影），《掠食者》（影视作品）"
"predator_(character)","捕食者"
"prefect_team_member_(blue_archive)","纪律委员会俱乐部成员（蓝色档案）"
"pregnant","怀孕"
"prehensile_hair","活体头发|可念动的头发"
"presa_(tales)","普雷扎"
"presea_testarossa","普雷西亚·特斯塔罗萨"
"present_mic","山田阳"
"presenting","(性诱惑)展示"
"presenting_removed_panties","展示内裤"
"president_(danshi_koukousei)","圣田北高中校长"
"preste","手指图片"
"pretty_series","漂亮_(系列)"
"prickly-chan_(ycactussprout)","多刺仙人掌酱"
"pride_chicken","托里_（里特克罗弗）"
"priest","牧师"
"primaris_space_marine","星际战士初代精英"
"prime_(prime_tw)","初始状态"
"prime_(primeb237528)","卡梅伦_(pawoo)，卡梅伦的Prime版本，使用Illustlator制作的Prime版本"
"prince_demande","钻石王子"
"prince_of_lan_ling_(eastern_socialite_attire)_(fate)","东方上流社会服饰"
"prince_of_lan_ling_(fate)","高昌公（命运），兰陵王（命运），兰陵王（命运）"
"prince_of_wales_(sun_shining_upon_windsor)_(azur_lane)","威尔士亲王_（温莎之阳）_（碧蓝航线）"
"princess","公主"
"princess_aeolian","黑发女孩_(wlop)"
"princess_ailish","艾莉希公主"
"princess_bonnibel_bubblegum","邦妮贝尔泡泡糖，公主泡泡糖"
"princess_cadance","卡丹斯（我的小马驹），卡丹斯（我的小马驹），米阿莫雷公主卡丹扎"
"princess_carry","公主抱"
"princess_celestia","塞莱斯蒂亚_（我的小马驹）"
"princess_connect!","Priconne角色，公主连结！_重制版"
"princess_crown","公主皇冠"
"princess_king_boo","布埃特，布斯埃特，女王布"
"princess_leia","莱娅·奥加纳，索罗家的莱娅公主"
"princess_luna","露娜_（我的小马驹）"
"princess_zelda","塞尔达"
"princi_(chainsaw_man)","prinz_(电锯人)"
"pringle_duck","闪亮鸭子"
"prinny_~ore_ga_shujinkou_de_iinsuka?~","普林尼：我真的能成为英雄吗？"
"print_bag","打印背包"
"print_bikini","印花比基尼"
"print_bow","印花蝴蝶结"
"print_bra","印花胸罩"
"print_dress","印花连衣裙"
"print_gloves","印花手套"
"print_headwear","印花头饰"
"print_kimono","印花和服"
"print_legwear","印花裤袜"
"print_male_underwear","男性内裤打印图"
"print_mug","印花马克杯"
"print_neckwear","印花领带"
"print_panties","印花内裤"
"print_sarong","印花沙滩裙"
"print_sash","打印御币"
"print_shirt","印花衬衫"
"print_skirt","印花短裙"
"prinz_eugen_(kancolle)","欧根王子_舰队Collection"
"prinz_eugen_(profusion_of_flowers)_(azur_lane)","欧根王子_（百花之舞）_（碧蓝航线）"
"pripara","纯洁感，清纯气质"
"priscilla_asagiri","浅葱的大小姐做作感"
"prism_recollection!","棱镜回忆"
"prison","监狱"
"prison_cell","牢房"
"prison_clothes","囚犯制服，监狱制服"
"prison_school","监狱学园"
"producer_(idolmaster_cinderella_girls_anime)","制作人_(偶像大师灰姑娘女孩)，竹内P"
"product_placement","植入广告"
"production_line","流水线"
"profanity","亵渎"
"professor_(ragnarok_online)","学者_《诸神黄昏在线》"
"professor_layton_vs._phoenix_wright:_ace_attorney","雷顿教授对决逆转裁判"
"professor_shinonome","科学老师_(日常)，教授_(日常)"
"profile","侧颜"
"profile_picture","头像图标"
"project_fairy_(idolmaster)","项目精灵"
"project_krone_(idolmaster)","克洛内计划"
"project_pochama","prj_pochama，普拉吉波查玛"
"projected_inset","类似海报或杂志的插图效果"
"projectile_cum","精液射到空中"
"projectile_trail","子弹尾迹，追踪者火焰"
"prologue_rouge_(idolmaster)","序幕_红妆"
"prometheus_(mega_man)","普罗米修斯"
"pronama-chan","治愈系"
"prone_bone","俯卧后入"
"propeller","螺旋桨"
"propellercube","puropera_(puropera)，纯珀拉"
"prophosphere","阿尔莉·拉迪西娅"
"propro_production","专业制作"
"prostate_milking","女性手指插入男性肛门，前列腺按摩"
"prosthesis","假肢"
"prosthetic_arm","机械臂"
"prosthetic_leg","假腿"
"prostitution","卖春"
"prostration","哭死"
"protagonist_(metaphor:_refantazio)","意志力_（隐喻：幻想）"
"protagonist_(pso2)","《女神异闻录2》角色头像"
"protagonist_1_(housamo)","master_1_(housamo)，master_1_(东京放课后的召唤师们)，mc1_(housamo)"
"protagonist_2_(housamo)","master_2_(housamo)，master_2_(东京放课后的召唤师们)，mc2_(housamo)"
"protagonist_3_(housamo)","master_3_(housamo)，master_3_(东京放课后的召唤师们)，mc3_(housamo)"
"protagonist_4_(housamo)","master_4_(housamo)，master_4_(东京放课后的召唤师们)，mc4_(housamo)"
"protagonist_5_(housamo)","master_5_(housamo)，master_5_(东京放课后的召唤师们)，mc5_(housamo)"
"protecting","保护"
"proto_man","蓝斯_洛克人，普罗托曼"
"protoman.exe","蓝调执行文件"
"prototype_bulin_mkii_(azur_lane)","试炼公告 MkII_（碧蓝航线）"
"prototype_design","原型"
"provence_(casual_vacation)_(arknights)","普罗旺斯_休闲夏日_《明日方舟》"
"prussia_(hetalia)","吉尔伯特·贝尔施密特"
"pryce_(pokemon)","柳树_(宝可梦)"
"prydwen_(fate)","普里德文"
"prywinko","奥尔加·纳尔霍娃"
"psd_(psdgai)","三棋派"
"psychedelic","迷幻风格"
"psychic","期望值角色"
"psypolo_d","枫叶风格"
"pterosaur","翼龙，翼手龙"
"ptrd_(girls'_frontline)","ptrd-41_（少女前线），ptrd-41_（少女前线）"
"pu-en","漫无目的地闲聊"
"pubic_hair","阴毛"
"pubic_hair_peek","从衣物里露出一部分阴毛"
"pubic_stubble","剃过毛的"
"pubic_tattoo","淫纹"
"public","公开场所(性交)"
"public_address_system","PA系统"
"public_indecency","公共场合，公开性行为"
"public_nudity","野外露出"
"public_use","公用|肉便器|公交车"
"puchi_puri_yucie","小公主由纪惠，软萌优希"
"puchiko","小角色"
"puchimu","玛由玛由1026"
"pucho","噗丘噗丘"
"puckered_anus","膨胀的肛门"
"puckered_lips","撅起的嘴唇"
"pudding","布丁"
"pudding_(tonpuu)","布丁_(汤普)"
"puddingx2","布丁，布丁"
"puddle","水坑"
"pudelmudel","Perlmuttt主题"
"puff_(go!_princess_precure)","蒲芙_(光之美少女)"
"puff_and_slash_sleeves","斜纹泡泡袖"
"puffer_fish","河豚"
"puffer_fish_vomiting_water_(meme)","河豚吐水"
"puffing_up","怒气冲冲的表情"
"puffy_cheeks","鼓起的脸颊，膨胀的脸颊"
"puffy_detached_sleeves","蓬蓬的袖子"
"puffy_long_sleeves","蓬蓬的长袖"
"puffy_nipples","勃起的乳头"
"puffy_short_sleeves","蓬蓬的短袖"
"puffy_shorts","蓬蓬的短裤"
"puffy_sleeves","蓬蓬的袖子"
"puk_(higanbana_doujin)","puk_(puk_2020)，呕吐，恶心"
"pukamon","布卡蒙"
"pukara","chjz，普卡拉苏"
"pulao_(pgr)","普拉奥_（惩罚模式：灰鸦）"
"pulled_by_another","被另一个人拉(或拉衣物)"
"pulled_by_self","拉下自己的衣物"
"pulling","拉"
"pulling_another's_clothes","被他人拉拽"
"pulling_own_clothes","自我拉扯"
"pulling_own_ear","抓自己的耳朵"
"puma_(brand)","美洲狮_AG"
"pump_(pumpqmuq)","pump_（艺术家名）"
"pump_action","泵动霰弹枪"
"pumpkin","南瓜"
"pumpkin_dance_(meme)","南瓜舞"
"pumpkin_hair_ornament","南瓜发饰"
"pumpkinnn","南瓜脸0301"
"pumpmon","南瓜怪"
"pumps","低胸装高跟鞋打扮"
"pun","双关语"
"punch_(punchrecipe)","拉斯_Z"
"punching","挥拳"
"puniru_wa_kawaii_slime","普妮露是只可爱的史莱姆"
"punkish_gothic_(idolmaster)","朋克哥特风"
"pupi_(rain_prophet)","雨之先知"
"puppet","木偶|手偶"
"puppet_strings","木偶串线"
"puppy","小狗"
"purasu_(puni101010)","+++_(艺术家名)"
"pure_pure","扑通扑通声"
"pure_white_memories_(idolmaster)","纯白的回忆"
"puri_puri_prisoner","扑里扑里囚徒"
"purifier_(azur_lane)","海妖净化器_（碧蓝航线）"
"purin_a_la_mode_(popup)","弹出窗口"
"purinpurin","粉红子"
"puripuri_jet","jet_(pw3234)，喷气式_（pw3234）"
"puririn","哀嚎声"
"purple_ascot","紫色领结"
"purple_background","紫色背景"
"purple_bag","紫色背包，紫色手提包"
"purple_bikini","紫色比基尼"
"purple_bodysuit","紫色紧身衣"
"purple_bow","紫色蝴蝶结"
"purple_bra","紫色胸罩"
"purple_cape","紫色斗篷"
"purple_choker","紫色项圈"
"purple_coat","紫色外套"
"purple_dress","紫色连衣裙"
"purple_eyes","紫色的眼睛"
"purple_fire","紫色火焰"
"purple_flower","紫色的花"
"purple_footwear","紫色鞋类"
"purple_gemstone","紫水晶_宝石"
"purple_gloves","紫色手套"
"purple_hair","紫色头发"
"purple_hairband","紫色发带"
"purple_hakama","紫色的袴"
"purple_headwear","紫色头饰"
"purple_heart_(neptunia)","紫心花，海王星紫心花"
"purple_jacket","紫色夹克"
"purple_kimono","紫色和服"
"purple_legwear","紫色裤袜"
"purple_leotard","紫色连身衣"
"purple_lips","紫色的嘴唇"
"purple_male_underwear","紫色内裤_男性"
"purple_nails","紫色指甲"
"purple_neckwear","紫色领子"
"purple_one-piece_swimsuit","紫色泳装"
"purple_panties","紫色内裤"
"purple_pants","紫色长裤"
"purple_ribbon","紫色丝带"
"purple_rose","紫玫瑰"
"purple_sailor_collar","紫色水手领"
"purple_sash","紫色腰带"
"purple_scarf","紫色围巾"
"purple_scrunchie","紫色发束"
"purple_shirt","紫色衬衫"
"purple_shorts","紫色短裤"
"purple_skin","紫色皮肤"
"purple_skirt","紫色裙子"
"purple_sky","紫色的天空"
"purple_sleeves","紫色的袖子"
"purple_socks","紫色及膝长袜"
"purple_sweater","紫色毛衣"
"purple_swimsuit","紫色泳衣"
"purple_theme","紫色"
"purple_umbrella","紫色雨伞"
"purple_vest","紫色背心"
"purple_wings","紫色翅膀"
"purple-framed_eyewear","紫框眼镜"
"purplecat","奈斯特利奥"
"puru_two","ple_2，愉悦感2"
"puru-see_(hoshizuki_(seigetsu))","普鲁西"
"purupuru","P-RUS风格"
"pururun_(kyatto_ninden_teyandee)","波莉·埃丝特"
"pururut","普鲁蒂亚"
"purutoppu_(toranohige)","托拉诺希格_（Pixiv）"
"pusen_(puuu_sen555)","库祖奥"
"push-button","瞬时开关，按键"
"push-ups","俯卧撑"
"pushing","推搡"
"pussy","小穴"
"pussy_juice","爱液|淫水"
"pussy_juice_puddle","爱液流成的滩"
"pussy_juice_stain","衣物上有爱液的水渍"
"pussy_juice_trail","拉丝的爱液"
"pussy_peek","微微渗出的爱液"
"putcher","混蛋，卑鄙之徒"
"puteru","ggk-kgr，鬼怪骑士团"
"putong_xiao_gou","奥蕾欧彩虹030"
"putting_on_condom","避孕套使用方法"
"putting_on_footwear","穿靴子，穿鞋子"
"putting_on_headwear","戴帽子"
"puuzaki_puuna","帕帕林斯，和田正则，零式幸一"
"puyo_(puyotopia)","iilliill，泡泡龙，落语吉太郎"
"puyocha","妖怪混沌天使"
"puyopuyo","泡泡龙"
"puyue","无色舌头"
"px2011","比齐"
"px4_storm_(girls'_frontline)","px4_storm_（少女前线）"
"pyeong_il","平一，平一"
"pyongtaro","继续派对！"
"pyra_(xenoblade)","晓美焰（异度神剑2），佩拉（异度神剑2：Chronicles）"
"pyramid_(structure)","金字塔"
"pyrokinesis","火系魔法，火焰操控，火术"
"python_(fire_emblem)","角色设计"
"python_(girls'_frontline)","Python_（少女前线）"
"q-feuille","库菲尤"
"qalaisa_(arknights)","篮子，讽刺风格，女性角色"
"qbu-88_(girls'_frontline)","QBU-88_（少女前线）"
"qi_maid","中国女仆"
"qian_ye_(qys3)","千叶（白夜梦）"
"qianben_shan","千本扇"
"qie","qie_(25832912)，奇艾"
"qilin_(mythology)","麒麟（神话）"
"qin_liangyu_(chainsaw_of_the_dead)_(fate)","亡灵电锯"
"qing_guanmao","清代官帽"
"qingdai_guanmao","青关毛"
"qingtian_chuochuo","埃万纳克"
"qinshi_mingyue","秦时明月"
"qiqi_(genshin_impact)","娜娜_原神，琪琪"
"qizhongji","多米尼克，齐中基"
"qkat_(arikawa-dou)","有川"
"qkracho_(thesdroz)","胡蝶之舞，thesdros，thesdroz"
"qnzy","哲 HewoFu 花游舍梅关X"
"qoom","源氏"
"qp_(orange_juice)","qp_(qp射击)"
"qqmng","兔耳"
"qtonagi","朝广"
"qu_(pgr)","qu_(惩罚模式：灰鸦)"
"quad_tails","四股辫子的发型"
"quality","八重神"
"quan_(fire_emblem)","火焰纹章，库安"
"quan_(kurisu_tina)","栗栖蒂娜"
"quanx70909457","11q_qua，特定分类标签"
"quanzhi_gaoshou","国王的肖像"
"quarter_1404","破碎感"
"quarter_note","四分之一音符"
"quarter_rest","休止符钩音"
"quartett!","四重奏"
"quattro_bajeena","夸特罗·瓦吉娜"
"queen_(chess)","皇后(国际象棋)"
"queen_(fft-0)","queen_(fftz)，女王_(fftz)"
"queen_chrysalis","茧_(我的小马驹)"
"queen_of_hearts_(alice_in_wonderland)","红心女王，红心女王（仙境版）"
"queen_of_hearts_(playing_card)","红心女王（纸牌）"
"queen_of_pain_(dota)","痛苦之女王阿卡莎"
"queen_of_sheba_(dollar-cent_shop)_(fate)","美元分店"
"queen_of_sheba_(fate)","示巴女王_(命运/冠位指定)"
"queen_of_sunlight_gwynevere","格温妮薇尔_(黑暗之魂)"
"queen_tia_(mega_man)","蒂亚女王"
"queen-chikkibug","樱桃波普，金米"
"queen's_blade","女王之刃"
"queen's_blade_rebellion","女王之刃叛乱"
"queen's_gate","女王之门"
"quetzalcoatl_(fate)","克特萨尔科亚特尔_(命运/冠位指定)"
"quetzalcoatl_(samba/santa)_(fate)","奎扎尔科亚特尔_(桑巴圣女)_(命运)"
"queue","排队，等候队列"
"quick_man","快人"
"quick_waipa","快速马卡纳哈"
"quill","羽毛笔"
"quinella","管理员（SAO）"
"quinn_(splatoon)","一拳_《斯普拉遁》"
"quinny_il","奎尼尔"
"quirrel_(gharnedanshyo)","加尔内"
"quiver","箭筒"
"quiz_magic_academy","/qma，奇美拉"
"qusouzu_mogari","莫加里"
"qwertame","Qertame风格"
"qwq22565156","狗狗0301"
"qy73","奇异生物"
"qys3","白夜梦"
"r_bishh","《妖精的尾巴》"
"r_dorothy_wayneright","r._多萝西·韦纳右图"
"r_tanaka_ichirou","田中一郎_r"
"r-9a_arrowhead","箭头形_(R型)"
"r0g0b0","红绿蓝_(Pixiv)"
"r2load","红色十二号"
"r3ydart","雷亚特"
"r93_(girls'_frontline)","r93_（少女前线）"
"raamen","咬指行为"
"rabbit","兔子，兔崽"
"rabbit_background","兔子背景，/兔子女背景"
"rabbit_bag","兔子背包，兔子手提包"
"rabbit_balloon","兔子气球"
"rabbit_charm","兔子钥匙扣，兔形钥匙链"
"rabbit_choker","兔子项圈"
"rabbit_costume","兔子装"
"rabbit_cutout","兔子剪影"
"rabbit_ear_headphones","兔耳耳机"
"rabbit_ear_legwear","兔子耳过膝装，兔耳绑腿"
"rabbit_earmuffs","兔子耳罩"
"rabbit_earrings","兔耳耳环"
"rabbit_ears","兔耳，双兔耳，兔子耳朵"
"rabbit_eyepatch","兔子眼罩"
"rabbit_hair_ornament","兔子毛装饰"
"rabbit_hat","兔子帽"
"rabbit_head","兔子头"
"rabbit_hood","兔耳帽，兔子耳朵造型兜帽"
"rabbit_house_uniform","点兔兔之家制服"
"rabbit_mask","兔子面具"
"rabbit_nose","兔鼻头"
"rabbit_on_head","头上戴兔子"
"rabbit_on_shoulder","肩头上的兔子"
"rabbit_ornament","兔子装饰品"
"rabbit_pajamas","兔子睡衣"
"rabbit_panties","兔女郎内裤"
"rabbit_paws","兔子爪子"
"rabbit_pin","兔子别针"
"rabbit_pose","兔子姿势"
"rabbit_print","兔子图案"
"rabbit_puppet","兔子玩偶"
"rabbit_shadow_puppet","兔子影子木偶"
"rabbit_symbol","兔子符号"
"rabbit_tail","兔尾"
"rabbit_tattoo","兔子纹身"
"rabbit_vibrator","兔子形状振动器"
"rabbit_yukine","雪音_（VOCALOID）"
"rabbit-shaped_eyewear","兔子形状的眼镜"
"rabbit-shaped_pillow","兔子枕头，兔形枕头"
"rabbit-shaped_pupils","兔子形状的瞳孔"
"rabenga","拉本加达永"
"rabu_(blue_archive)","小风兔"
"raccoon_boy","狸猫男孩"
"raccoon_ears","浣熊耳朵"
"raccoon_girl","浣熊娘"
"raccoon_tail","浣熊尾巴"
"race_queen","赛车女郎"
"rachel_(pokemon)","切塔_(宝可梦)"
"rachip","chasyu_(chasyu19)，茶幽"
"racing","比赛"
"rackam_(granblue_fantasy)","拉卡姆_《碧蓝幻想》"
"racket","球拍"
"radiation_symbol","辐射符号"
"radical_highway","大卫·巴加康萨"
"radio","收音机"
"radio_antenna","无线电天线"
"radral","吉斯"
"rae_(hexedwithluck)","阿玛斯特罗夫，被诅咒"
"rae_taylor","雷伊·泰勒"
"raelyn_cunningham_(arhentol)","雷琳·坎宁安"
"raffina_(puyopuyo)","精炼版（泡泡龙）"
"rafumu_(pigmoore369)","川高俊"
"ragdoll_(boku_no_hero_academia)","白鸟智子"
"ragequit","愤怒退出"
"ragho_no_erika","埃丽卡·拉古霍"
"raglan_sleeves","连肩衣袖"
"ragnarok_masters","诸神黄昏_m：永恒之爱"
"ragnarok_online","《诸神黄昏在线》，/RO"
"rai_(rai-s)","rai_（艺术家）"
"rai_bolim","雷贝琳"
"raichiyo33","卡洛斯·爱德华多"
"raiden_(metal_gear)","突袭"
"raiden_(raiden_labo)","雷登_（艺术家）"
"raiden_shogun","巴尔_原神，雷电将军_原神，雷电将军_原神"
"raigh_(fire_emblem)","lleu_(火之纹章)"
"raigyo_(mk48torpedo)","鱼雷_(gad3757)"
"raihan_(pokemon)","Kibana_(宝可梦)"
"rail_wars!","铁路战争"
"railgun","轨道炮_武器"
"railing","用手扶着"
"railroad_crossing","铁路道口，火车过道"
"railroad_signal","铁路信号"
"railroad_tracks","轨道"
"raimmortal","misa_(929382672)，美纱"
"raimon","雷门高中"
"raimon_natsumi","远藤夏美"
"raimon_soccer_uniform","雷门足球队服"
"rain","雨"
"rainbow","彩虹"
"rainbow_background","彩虹背景"
"rainbow_feather_(pokemon)","彩虹之翼_宝可梦"
"rainbow_flag","同性恋骄傲旗帜"
"rainbow_hair","彩虹发"
"rainbow_mika","七川美香"
"rainbow_order","彩虹色序排列"
"raincoat","雨衣"
"raine_sage","补充鼠尾草"
"raineru_(gryffindor131)","h马斯浩罗"
"raira_academy_school_uniform","莱拉学院制服"
"raisa_pottgen","莱莎·波特根"
"raised_eyebrow","扬起的眉毛"
"raised_eyebrows","扬起的双眉"
"raised_fist","举起的拳头"
"raising_heart","愤怒之心"
"rajah_(dajah)","拉贾_(拉贾等相关标签)"
"rakatzki","赤月_r"
"rakeemspoon","拉基姆·加西亚-库埃托"
"rakeru_(dokidoki!_precure)","雷克鲁_(光之美少女)，瑞秋_(心跳！光之美少女)"
"rakshata_chawla","拉克沙塔·查瓦拉"
"rakudai_kishi_no_cavalry","落魄骑士的骑士精神"
"rakudai_ninja_rantarou","银魂，银魂·乱太郎，银魂·乱太郎"
"rakuen_(nethvn)","后宫向"
"rakuen_tsuihou","被逐出天堂"
"rakugaki-biyori","八面六臂"
"rakurakutei_ramen","拉库像素"
"rakuto_mangan","actmangan，兰猫"
"ral_(ralf)","拉尔夫，自然风格的拉尔夫"
"ram_(neptunia)","拉姆_海王星系列"
"rama_(fate)","拉玛_(命运/冠位指定)"
"rame_angel71","用户fafn2858"
"ramen","拉面"
"ramen_(ooishi_kou)","美味口感"
"rami_(mon-musu_quest!)","小恶魔_怪物-音乐任务！"
"ramiro_de_la_cruz","角色资料页"
"ramiya_ryou","拉米亚_凉子"
"ramlethal_valentine","羊皮纸情人节主题"
"ramon_nunez","拉蒙90"
"ramona_flowers","拉莫娜与花朵"
"ramube","恳求者"
"ramune","波子汽水"
"ramuneruko","0208拉姆内"
"ramuri","ktr_(tpun2553)，凯特罗_（tpun2553）"
"ran_(ran_0605)","非常喜欢欧卡基"
"ran_(shugo_chara!)","兰_(少女角色)"
"ran'ou_(tamago_no_kimi)","拉努"
"ranan","1059梦"
"rance_(dokidoki!_precure)","兰斯_(心跳！光之美少女)，兰斯_(光之美少女)"
"randolph_orlando","好色的奥兰多"
"randoseru","小学书包"
"ranger_(sekaiju)","生存主义者_巨兽"
"ranguage","日式英语"
"ranirani","兰妮拉尼_(圣枪8)"
"rank_alee","晚餐_饭团"
"ranma_1/2","乱马1/2，乱马½，乱马½"
"ranmaru_(jackpot_1123)","jackpot_1123，兰丸_(cmkd7735)"
"raoh_(hokuto_no_ken)","雷欧_(北斗之拳)"
"rapameri","RPameri角色"
"rape","强奸|轮奸|凌辱"
"rape_face","一副要强奸人的表情"
"rapha_galthena","拉法·加尔萨纳"
"raphiel_shiraha_ainsworth","白拉菲尔·艾因斯沃思"
"rapier","西洋剑"
"rappa_(rappaya)","拉帕图，拉帕_（pixiv130037）"
"raps_(yohomeboyraps)","夜归少年说唱"
"rara_(g_(genesis1556))","lala_(g_(genesis1556))，拉拉_(g_(genesis1556)))"
"rara_(pinepin)","rara_(pinnn)，拉拉_(平恩)"
"rararamax","拉拉拉曼"
"rari_(badominton)","糟糕的羽毛球比赛"
"rariatto_(ganguri)","甘古里"
"rarity_(my_little_pony)","稀有度"
"rasbii_(rasberruu)","树莓兔，萨凡纳_（尤吉诺）"
"rash_guard","泳衣"
"rasipan","拉西潘·莲"
"rasneko","Y酱"
"raspberry","树莓"
"rasputin_(fate)","拉斯普丁_(命运/冠位指定)"
"rasukaru","拉苏卡鲁_(pixiv74058)"
"rasupekuto","咯咯咯声"
"rata_to","料理鼠王_(06ten)"
"ratatatat74","骷髅先生"
"ratatos_browntail_(arknights)","拉塔托斯克_棕尾_(明日方舟)"
"rathalosx4","赤帝凶龙"
"rattle_drum","电电太鼓"
"ratto_(mobilis_1870)","mobilis_1870，八田"
"raurashun","劳拉·琼"
"rave_(manga)","狂欢大师，节奏冒险狂欢曲"
"raven_(honkai_impact)","渡鸦_(崩坏3)"
"raven_(tales)","乌鸦_(tov)"
"raven_cronwell","乌鸦_(艾尔索德)"
"raven_mido","我是玛朵卡"
"raven_nemore","雷文莫尔"
"ravi_(epic_seven)","ravirihiseea_vizzall_（史诗7），ravirihiseea_vizzall_（史诗七）"
"ray_gun","镭射枪"
"raya_(yuri15923)","心灵"
"rayasi","用户_pwta3833"
"rayleigh_scale","scale_(winston98)，比例模型（winston98）"
"raynare","天野由马"
"rayno","伊万杰琳_(淫荡天气)"
"razia","拉丝蒂娜"
"rdg_red_data_girl","红色数据女孩"
"re_ghotion","雷克斯_K"
"re:shimashima","岛岛08123"
"re:zero_kara_hajimeru_isekai_seikatsu","Re:Zero，re_zero，Re:Zero_——在异世界开始人生，Re:Zero_−_在异世界重新开始生活"
"reach-around","从背后伸手过来刺激性伴侣"
"reaching","(有目的地)伸手"
"reaching_out","朝画外伸手"
"reaching_towards_viewer","伸出手来"
"reactive_armor","时代砖块，爆炸反应装甲"
"read_or_die","读者向死"
"reading","阅读"
"ready_to_draw","准备拔刀的姿势"
"reagan_long","图梅科"
"real_life_insert","有具体现实的画"
"real_world_location","画有现实世界地标"
"realistic","写实的"
"really?_really!","真的吗？真的！，真的真的"
"reaper_(overwatch)","加布里埃尔·雷耶斯"
"reaper_(sekaiju)","巨兽先兆"
"rearing","用后腿站立"
"reason_(mark-of-the-unicorn)","练习2020"
"reason!!_(idolmaster)","理由！！"
"rebake","里贝库"
"rebe11","再次反叛，反抗者"
"rebecca_(cyberpunk)","丽贝卡_（赛博朋克：边缘行者）"
"rebecca_(keinelove)","丽贝卡_(娜奥诺纳库科罗尼)"
"rebecca_arcane","丽贝卡·阿凯因"
"rebecca_hopkins","丽贝卡·霍金斯"
"rebun","尤娜·蕾邦，尤奈蕾邦"
"reccu","雷丘_(rcrcx2)"
"reclining","斜倒斜躺姿势"
"reco_(fortunequest)","eri_(resia)，埃里_(蕾西娅)"
"record","黑胶唱片记录，唱片列表，黑胶盘"
"record_of_lodoss_war","洛多斯战记"
"recorder","竖笛"
"recording","拍摄"
"recreational_vehicle","房车，房车（车辆）"
"recri_(narumi_arata)","重新创作"
"rectangular_eyewear","矩形眼镜"
"rectangular_halo","方形光环"
"rectangular_mouth",":[]，方嘴"
"recurring_image","复制粘贴，已复制粘贴，正在复制粘贴"
"recursion","德罗斯特效应"
"recycled","凌少1994"
"red_(neptunia)","红色_海王星系列"
"red_arcueid","狂暴的阿尔库艾德，战争之阿尔库艾德"
"red_armor","红色盔甲"
"red_ascot","红色领结"
"red_background","红色背景"
"red_bag","红色背包"
"red_bean_paste","安子（食物），豆酱"
"red_belt","红色腰带"
"red_bikini","红色比基尼"
"red_bodysuit","红色紧身衣"
"red_border","红色边框"
"red_bow","红色蝴蝶结"
"red_bra","红色胸罩"
"red_buruma","红色灯笼裤"
"red_cape","红色斗篷"
"red_capelet","红色披肩"
"red_choker","红色项圈"
"red_cloak","红色披风"
"red_coat","红色外套"
"red_collar","红色颈圈"
"red_cross","红十字"
"red_dress","红色连衣裙"
"red_eyes","红眼睛"
"red_flower","红色的花"
"red_footwear","红色鞋类"
"red_gemstone","红宝石（宝石）"
"red_gloves","红色手套"
"red_hair","红发"
"red_hairband","红色发带"
"red_hakama","绯袴"
"red_hare_(fate)","红兔_(命运/冠位指定)"
"red_headband","红色头带"
"red_headwear","红色头饰"
"red_hood","红帽"
"red_hood_(kawaguchi)","猎人们公会：红帽"
"red_horns","红色的角"
"red_jacket","红色夹克"
"red_kimono","红色和服"
"red_legwear","红色裤袜"
"red_leotard","红色连身衣"
"red_lips","朱唇"
"red_lipstick","红色唇膏"
"red_mage_(final_fantasy)","红色法师"
"red_male_underwear","红色内裤_男性"
"red_medicine","千千的空间，红色（女同）"
"red_moon","血月"
"red_nails","红色指甲"
"red_neckwear","红色领子"
"red_one-piece_swimsuit","红色泳装"
"red_panties","红色内裤"
"red_pants","红色裤子"
"red_pond","角色竞速"
"red_pupils","红色瞳孔"
"red_ribbon","红色丝带"
"red_riding_hood_(sinoalice)","小红帽（中西混写版）"
"red_rope","红色绳子"
"red_rose","红玫瑰"
"red_sailor_collar","红色水手领"
"red_sash","红色束腰"
"red_scarf","红色围巾"
"red_sclera","红色巩膜"
"red_scrunchie","红色发束"
"red_shirt","红色衬衫"
"red_shorts","红色短裤"
"red_skin","红色皮肤"
"red_skirt","红色裙子"
"red_sky","红色的天空"
"red_sleeves","红色的袖子"
"red_socks","红色过膝长袜"
"red_sweater","红色的毛衣"
"red_swimsuit","红色泳衣"
"red_theme","红色|红色主题"
"red_umbrella","红色的伞"
"red_vest","红色背心"
"red_wings","红色翅膀"
"red-eyes_black_dragon","红眼_b._龙"
"red-framed_eyewear","红框眼镜"
"red-leg_zeff","红色鞋子泽夫"
"red:_pride_of_eden","伊甸之荣"
"redauto","黑刃"
"redforge","三重重制版"
"redjet","乔瓦尼·扎卡里亚"
"redrop","美味感"
"reeh_(yukuri130)","hilly_(maiwetea)，丘陵地带_(玛伊韦特亚)"
"reference_sheet","角色设定表"
"reficul_(funamusea)","reficul_(海色天边)"
"reflection","反射|倒映"
"reflective_eyes","反光的眼睛"
"reflective_floor","反光地板"
"refrain_no_chika_meikyuu_to_majo_no_ryodan","《副歌迷宫》：暮光女巫团"
"refrigerator","冰箱"
"refrigerator_magnet","冰箱贴"
"reg_(made_in_abyss)","regu_(深渊制造)"
"regal_bryan","威严的布莱恩特"
"regdic","误识别"
"regina_(dokidoki!_precure)","瑞吉娜_光之美少女"
"rehu_(mangyu)","猫鱼"
"rei_(09991)","lou_(09991)，洛乌_(09991)"
"rei_(blue_archive)","野间玲"
"rei_(cosmic_break)","零之剑姬"
"rei_(farta_litia)","胎动感"
"rei_(lappy_mofumofu)","米奥伊"
"rei_(pokemon)","男性主角（宝可梦传说：阿尔宙斯），蕾伊（宝可梦传说：阿尔宙斯），辉（宝可梦）"
"rei_(princess_connect!)","世界雷伊"
"rei_(sanbonzakura)","三瓣樱花"
"rei_(tdn_ng)","弹丸论破"
"rei_chikita","蕾伊毛绒公仔_迷因"
"rei_gun","灵能枪"
"rei_membami","村雨羽织"
"rei_no_himo","(乳头)激凸"
"rei_no_pool","花之庭房间，那个泳池，平常的那个泳池"
"reichsadler","纳粹之鹰，党徽雄鹰"
"reid_hershel","里德·赫谢尔"
"reien_girl's_academy_school_uniform","蕾恩女孩学院制服"
"reijo_(blue_archive)","龟山令悟，雷兹约_（蓝色档案）"
"reika_(clovia_studio)","坐姿增肌"
"reika_(dream_c_club)","蕾卡_(梦之俱乐部)"
"reika_(iamreika)","蕾卡_（pixiv776765）"
"reika_(reikadraws)","白色羽毛"
"rein_(futagohime)","莱茵，莱茵_（深月之双公主）"
"reina_(black_spider)","黑色蜘蛛_（艺术家名）"
"reina_(fire_emblem)","夕雾_(火焰之纹章IF)"
"reina_(mon-musu_quest!)","哈比女妖_怪物音乐任务！"
"reindeer","驯鹿"
"reindeer_antlers","驯鹿角"
"reiness_(ureiness)","雷恩区"
"reinforce_zwei","强化版二"
"reinhardt_(overwatch)","莱因哈特·威廉"
"reinoni","德尤亚鲁"
"reins","缰绳"
"reio_reio","reio_(reio_reio)，蕾欧_(蕾欧蕾欧)"
"reiquant","reiquant_（笨蛋哥哥茶）"
"reis_duelar","蕾丝裙装"
"reisa_(blue_archive)","宇泽丽莎"
"reisalin_stout","莉扎"
"reisen_(touhou_bougetsushou)","旅行"
"reisen_udongein_inaba","可爱风格"
"reishin_(tenpurasoba)","内心世界"
"reitomo","兔娘竞赛场"
"reiuji_utsuho","欧库"
"rejean_dubois","勒让"
"rejected_kiss","被挡住的吻，阻挡亲吻，尝试接吻"
"rekaerb_maerd","大叶别翘莲"
"rekixia","莱基西亚"
"rekka","宝钱岗彩友在向飞翠那里"
"rekka_yamato","巴伐利亚大和号"
"relationship_graph","关系图"
"relaxing","放松的"
"release_date","正在促销中"
"rem_(eyes_410)","rem_sora410，雷姆·索拉410"
"remembering","记忆"
"remembrance_of_earth's_past","三体问题，地球王者"
"remilia_scarlet","/r斯莱姆"
"remington_model_700","M24A2，M24_SWS，M40步枪，M700，R700，雷明顿M700"
"remodel_(kantai_collection)","改三|改二|改"
"remosea","shink_1004，新京1004"
"remote_control","遥控器"
"remote_control_(vocaloid)","丽莫康_(VOCALOID)"
"remote_control_vibrator","震动遥控器"
"removing_bra","解开胸罩"
"removing_eyewear","摘下眼镜，取下太阳镜"
"remoyona","re_moyo风格"
"remsrar","rem_（切除肌瘤术）"
"ren_(gh)","gh_(chen_ghh)，陈哥赫"
"ren_(zero_second)","ren_(pixiv222350)，人形角色"
"ren'ai_boukun","恋爱物语"
"ren'ai_circulation","恋爱循环"
"rena_(sky-freedom)","束缚系姐姐大人_(天空之境)"
"rena_erindel","蕾娜_艾尔剑士"
"renai_flops","对失败作品的喜爱"
"renais_cardiff_shishiou","雷奈斯·卡迪夫·希西奥，雷奈斯·卡迪夫·希西奥赫"
"renata_glasc","蕾娜塔_(英雄联盟)"
"renati_(renatium)","蕾娜_（笑哭）"
"renault_ft","FT-17战斗机"
"renee_graves","母亲_安迪与莱莉的棺材"
"reneph","蕾妮芙，蕾妮_菲尔怀特"
"renew_vivi","基蒂帕特·吉图阿塔库尔"
"renge_(blue_archive)","芙娃染色"
"rengeteki_(touhou)","惊人的"
"renjian_shilian","里头富拉沃，人间视线0"
"renka_(renxka)","虎鲸UB"
"renkin_san-kyuu_magical_pokaan","魔法口袋，魔力口袋"
"renshu_usodayo","奥卡瓦里_(58o圆环)，悠音"
"rents_(akirents)","秋月明子"
"renzha_fanpai_zijiu_xitong","渣滓反派的自我救赎系统，渣滓反派的自我救赎系统"
"reon_(dainagon_azuki)","glgl熊猫"
"reona_west","莉奥娜·韦斯特"
"repede_(tales)","快速移动"
"reppuu_(kancolle)","reppuu_（舰队Collection）"
"reptile_boy","蜥蜴男孩"
"reptile_girl","蜥蜴女孩"
"republic_of_china_flag","岩石旗帜，台湾旗帜"
"requesting_impregnation","请求授精"
"rerheart","雷尔钦"
"rero_(bigdoorbig2)","双XR"
"rerrere","水狗"
"rescat","愿其安息"
"rescue_officer_(pikmin)","主角_(皮克敏4)"
"resident_evil","生物危害"
"resident_evil_-_code:_veronica","生化危机代码：维罗妮卡"
"resident_evil_0","生物危害_0"
"resident_evil_1","生物危害_1"
"resident_evil_2","生物危害_2"
"resident_evil_3:_nemesis","生化危机3， Resident Evil 3"
"resident_evil_4","生物危害_4"
"resident_evil_5","生物危害_5"
"resident_evil_7:_biohazard","生化危机7"
"resident_evil_village","生化危机8"
"resident_evil:_revelations","生化危机：揭露"
"resident_evil:_revelations_2","生化危机：启示录2"
"resident_evil:_the_darkside_chronicles","生化危机：黑暗面编年史"
"resna_sternenlicht","雷斯娜·斯特恩里希特"
"restaurant","餐厅"
"restrained","拘束"
"resu_desu","埃雷祖"
"resuta","艾德斯娅"
"retoree_(show_by_rock!!)","丽人，美女"
"retro_artstyle","老派风格"
"retrochaossan","古瓦拉·穆达夫"
"retrofit_(azur_lane)","改造(碧蓝航线)"
"retsu_kaioh","凉宫春日"
"rev60","雷维安·塞缪尔·丹尼"
"revealing_clothes","暴露的穿着"
"revealing_layer","露肤镂空设计"
"reverie_metherlence","幻想中的梅瑟兰斯"
"reverinth","阐明，说明"
"reverse_(bluefencer)","反转时钟方向"
"reverse_bunnysuit","逆兔女郎"
"reverse_cowgirl_position","背面骑乘位"
"reverse_falls_(gravity_falls)","反向松树图案"
"reverse_grip","反握"
"reverse_outfit","对原款服装反向使用布料"
"reverse_suspended_congress","腿下握颈肛交"
"reverse_trap","男装|男装丽人"
"reverse_upright_straddle","背面座体位"
"reverse-jointed_legs","反向关节腿"
"reversi","奥赛罗_游戏"
"revision","修订版"
"revolver","左轮手枪"
"reylan520","阿岚_k"
"reyn_(xenoblade)","雷因_异度神剑，蕾茵"
"rfb_(girls'_frontline)","amrfb_（少女前线），rfb_（少女前线）"
"rhajat_(fire_emblem)","西拉_(火焰之纹章IF)"
"rhea_(0u0)","向光"
"rhine_(overtonerhine)","皮克西鲍勃"
"rhodes_island_logo_(arknights)","罗得岛标志"
"rhongomyniad_(fate)","红戈明尼亚德"
"rhtkd","sssong_aa，aa级"
"rhythm_tengoku","节奏天堂"
"rhythm_tengoku_gold","节奏天堂，节奏天堂_游戏版"
"ri_kouran","里·科兰"
"ri-net","莉妮春"
"riarashu","里阿拉舒_(pixiv3133536)"
"rias-shiki_kawaii","里亚丝超可爱"
"rib:y(uhki)","霞亚巴拉，里吹雪"
"ribbed_bodysuit","棱纹紧身衣"
"ribbed_dress","棱纹连衣裙"
"ribbed_leotard","棱纹连身衣"
"ribbed_shirt","棱纹衬衫"
"ribbed_sleeves","棱纹袖子"
"ribbed_sweater","棱纹毛衣"
"ribbon","丝带|缎带"
"ribbon_(happinesscharge_precure!)","光之美少女丝带"
"ribbon_as_bra","缎带胸罩"
"ribbon_bondage","被丝带捆住|人捆成礼物的样子"
"ribbon_choker","缎带项圈"
"ribbon_in_mouth","嘴里叼着丝带"
"ribbon_no_kishi","公主骑士_手冢版"
"ribbon_trim","缎带饰边"
"ribbon-trimmed_skirt","缎带饰边短裙"
"ribbon-trimmed_sleeves","缎带饰边袖子"
"ribeyrolles_(girls'_frontline)","里贝罗勒1918（少女前线），里贝罗勒1918（少女前线）"
"ribiadan","电鳐，利比亚丹鱼"
"ribs","肋骨"
"ribucci","大星期三，科尔布奇"
"ric._(marchen_mozuku)","ric_(fwpbox)，里克_(fwpbox)"
"rice","米"
"rice_bowl","碗"
"rice_on_face","脸上沾着米饭"
"rice_paddy","稻田"
"rice_spoon","盛饭勺"
"ricefox_(nonametofu)","九洲_(用户_41158199)"
"rich_s","有毛的麋鹿"
"richard-kun","理查德_(ri39p)"
"richeh_(tongari_boushi_no_atelier)","里谢_（刀剑工房）"
"richelieu_(fleuron_of_the_waves)_(azur_lane)","黎塞留_（海风系列旗舰）_（碧蓝航线）"
"richelieu_(kancolle)","黎塞留_(舰姬Collection)"
"ricken_(fire_emblem)","里希特_火焰之纹章"
"rico_(mega_man)","里科_洛克人"
"rico_(pico-ba)","里科_(里科巴)"
"ricochet-gou","里子色狗"
"ricotta_beldine","里科塔奶酪_(ys)"
"rid0922","村浦"
"rider_(learning_with_manga!_fgo)","理世从者（兔女郎），理世从者（兔女郎）（Fate）"
"rider_(orange_couture)","raida_(j5einmnjp3r49k6)，雷达"
"rider_belt","骑士驱动器"
"ridget_(suisei_no_gargantia)","里杰特_（苍之海巨人）"
"riding","骑"
"riding_crop","马术马鞭"
"riding_dinosaur","骑恐龙，骑霸王龙"
"riding_dragon","骑龙者，驾驭巨龙"
"riding_outfit","骑马装束"
"rie_ccat","棉花卡特莉"
"rie_petoriyacowa","佩托里亚科瓦_里埃"
"riel_(rielilu)","riel_(ataraxia2334)，瑞尔_(ataraxia2334)"
"riela_marcellis","里埃拉·马塞里斯"
"riffle_hunter","背景猫头鹰"
"rifle","步枪"
"rifleman1130","步枪手_(bjh8508)，whdgus2078"
"rifu_(643763873)","大脚怪拉拉费尔"
"rifuru","哥特风理芙露"
"rigging","舰装"
"rikei_ga_koi_ni_ochita_no_de_shoumeishitemita","科学坠入爱河，所以我试图证明它"
"riki_(inushima_)","理奈子380"
"riki_(riki_unc)","im3r0nduhx8ovcr，不可思议的怪物"
"riki-to","rizky_(策略型)"
"rikku_(ff10)","莉库"
"riko_(iyowa)","杏子_(角色)_(艾奥瓦州)"
"riko_(k_riko)","里子_艺术家"
"riko_(kujira215)","里科_特鲁文托"
"riko_(rik0ring)","白色背景"
"riko_shinkai","rikoydbd，里科伊DBD"
"rikose","一只猫"
"rikotan","罗利万科"
"rikotch07","rhesh_relanah，瑞什·雷拉娜"
"riku_(kingdom_hearts)","理久"
"riku_(rikkuru)","里库_（Pixiv）"
"riku_(ukir125)","里库里库库555"
"rikugou_(rikugou-dou)","理久子"
"rikuo_(darkstalkers)","奥尔巴斯，利库欧"
"rikuton","紫花田"
"riley_(pokemon)","宝可梦基因"
"rima_(0136)","里玛里玛里"
"rimless_eyewear","无框眼镜"
"rimu_(kingyo_origin)","rim_(kingyoorigin)，环状结构_(金城起源)"
"rin_(blue_archive)","七海凛"
"rin_(princess_connect!)","森千佳凛"
"rin_(rin_illust_0805)","rin_illust_0805的中文翻译为：rin插画0805"
"rin_(senran_kagura)","铃音_（战乱神乐）"
"rin_yuu","尼库内穆"
"rin0_(gujrv)","古吉拉特人"
"rindou_(radical_dream)","凛堂绫"
"rindou_(rindou_annon)","凛·道安农"
"rinea_(fire_emblem)","火之纹章_线条风格"
"ring","戒指"
"ring_411","ring411，环411"
"ring_gag","将受虐者的嘴固定成O字"
"ring_pop","糖果戒指"
"ringabel","铃铛贝儿"
"ringed_eyes","圈圈眼"
"ringlets","垂下的长鬈发"
"ringo_komachi","日奈泽桐莉耶"
"ringo_no_tart","大苹果馅饼"
"ringo_no_usagi_(artist)","兔娘_3939"
"ringo_orihara","用户scxm8747"
"ringo-chan_(danshi_koukousei)","环子酱_（真田东高中校长）"
"ringobatake","苹果田"
"ringopan","appo_(36786257)，阿波"
"rinkah_(fire_emblem)","凛香_(火焰之纹章IF)"
"rinku_bny","恋爱中的兔子"
"rinne_(vocaloid)","琳恩_(VOCALOID)"
"rinne_no_lagrange","拉格朗日：凛音之花"
"rino_(princess_connect!)","井之崎里奈"
"rinpoo_chuan","卡特_火焰吐息"
"rinrin_kai","托科罗特恩"
"rio_-rainbow_gate!-","里约彩虹之门"
"rio_(blue_archive)","月月里奥"
"rio_rollins","里奥·罗林斯，立花"
"rio.lw","rio_(9251843)，里约"
"riou_(suikoden)","里欧_（源氏传说）"
"ripper_(girls'_frontline)","裂魂者_(少女前线)"
"ripples","涟漪|波纹"
"ripu_(lipi)","弗兰_(哈里·麦肯齐)"
"ririco_(gnsn)","是莉莉哦"
"ririi_(ai-my_talikng)","rily_f，里利_F"
"ririko_(zhuoyandesailaer)","卓然的风行者"
"rirua_(kjom802)","里拉"
"riselia_ray_crystalia","莉瑟莉亚·克里斯塔莉亚"
"rising_sun","旭日旗"
"rising_sun_flag","初升的太阳"
"risty_(queen's_blade)","丽斯蒂"
"ritsu_(roboroboro)","ritsu_(pixiv9642)，理津_(pixiv9642)"
"ritsuka_mash","松莉卡_耶"
"ritual_baton","笏板"
"rity","三次元角色"
"ritzchrono","noa_hxx，诺亚_HXX"
"riv_(rivleaf)","河流"
"river","河"
"river_(river_ga)","河流_(river15221728798)"
"rivet_jiang","铆钉_（艺术家）"
"riyo_(lyomsnpmp)_(style)","リヨ画风"
"riyun_(halodark)","光暗交织"
"riz","里兹德劳斯"
"rj_(lingshih10)","RJ风格"
"rk_(cc15915r)","cc_(c~fua)，角色扮演，奇幻风格"
"rkrk12","fair6805，必要公平"
"rmb-93_(girls'_frontline)","rmb-93_（少女前线）"
"rmenssari","拉面萨莉"
"rmulderz","Z-罗杰"
"rncchds","用户_acjw5454"
"ro_g_(oowack)","哥布琳娜，巨型蟑螂"
"ro-500_(kancolle)","罗-500_（舰姬Collection）"
"ro/ku","o-ka_(o_ka_kak)，欧卡_(欧卡卡克)"
"ro635_(girls'_frontline)","ro635_（少女前线）"
"road","路"
"road_sign","路标"
"roadhog_(overwatch)","玛科·拉特利奇"
"roaring","咆哮声"
"roark_(pokemon)","日向_(宝可梦)"
"roasted_sweet_potato","烧肉味"
"robaato","罗伯特·波特"
"robe","礼袍"
"robert_e._o._speedwagon","罗伯特·欧·斯皮德瓦根"
"robin_(female)_(fire_emblem)","女性我的部队_火焰之纹章：苍炎，罗宾_火焰之纹章_女性角色"
"robin_(female)_(seaside_tactician)_(fire_emblem)","知更鸟_女性_夏季_火焰之纹章，知更鸟_夏季_火焰之纹章_女性"
"robin_(fire_emblem)","火之纹章：混沌的化身头像，火之纹章：混沌的化身我的部队，火之纹章反射角色"
"robin_(male)_(festive_tactician)_(fire_emblem)","知更鸟_雄性_冬季_火焰之纹章，知更鸟_冬季_火焰之纹章_雄性"
"robin_(male)_(fire_emblem)","男性我的部队_火焰之纹章：破晓，罗宾_火焰之纹章_男性角色"
"roboco-san_(dark_bride)","罗博科小姐_（第七套服装）"
"roboco-san_(high-spec_t-shirt)","罗博科小姐_（第三套服装）"
"roboco-san_(hoodie)","罗博科小姐_第二套服装"
"roboco-san_(new_year)","罗博科小姐_（第六套服装）"
"roboco-san_(workoutwear)","罗博科小姐_（第八套服装）"
"roborobocap","机械义眼"
"robot","机器人"
"robot_(pixiv_42325944)","美须女娜娜"
"robot_animal","动物机器人，机械兽"
"robot_bird","机械鸟"
"robot_dragon","机械龙"
"robot_ears","机械耳"
"robot_hunter_casshern","卡珊机器人猎手"
"robot_joints","机械关节"
"robotic_vacuum_cleaner","扫地机器人"
"rocb","尤娃_（尤瓦普）"
"rocco","核聚变_(核聚变)"
"rocha_(aloha_ro_cha)","罗查_（艺术家）"
"rock","岩石"
"rock_garden","禅意花园"
"rock_paper_scissors","猜拳游戏"
"rocket","火箭"
"rocket_launcher","火箭筒"
"rocket_ship","火箭飞船"
"rocking_school_(idolmaster)","摇摆学校"
"rocky-ace","汤姆·艾斯"
"rocma_(funamusea)","rocma_（冰淇淋）"
"roco_(rocoroco1115)","罗科罗科1115"
"rod","杆"
"rod_of_remorse","悔悟棒"
"rodion_(project_moon)","罗迪恩_利姆布斯公司"
"rodney_(future_seaside_admiral)_(azur_lane)","罗德尼_（未来海滩海军上将）_（碧蓝航线）"
"roh_nam_kyung","杰明尔"
"roha","萝哈"
"rokka_no_yuusha","罗卡：六花勇士"
"rokko","罗科_（pixiv310862）"
"rokkotsu","KBTMS男孩"
"roko_roko_(doradorazz)","多拉多拉兹"
"rokudenashi_majutsu_koushi_to_akashic_record","杂种魔法导师的阿卡什记录"
"rokuichi","深度分析算法"
"rokujouma_no_shinryakusha!?","六乡庄的入侵者！？"
"rokujyou","六道"
"rokushaku_neko","猫耳风格1"
"rokusho_(medarot)","六肖_医疗机器人，六肖_医疗机械兽"
"roland_(fate)","罗兰_(命运/冠位指定)"
"roland_(project_moon)","罗兰德_（鲁伊纳之书）"
"role_reversal","角色转换"
"roll_(mega_man)","洛克人滚动关卡"
"roll_caskett_(mega_man)","卷发帽"
"roll.exe_(mega_man)","执行滚动动画"
"roller_skates","旱冰鞋"
"rolling_eyes","翻白眼"
"rollingswitch","龙族"
"rollo_(tales)","露露_（故事篇）"
"rom_(neptunia)","罗姆_海王星系列"
"roma_(kancolle)","罗马_(舰姬Collection)"
"romaji_text","罗马音"
"roman_numeral","罗马数字，罗马数字符号，罗马数值"
"romancing_saga","浪漫传奇"
"romeo_to_cinderella_(vocaloid)","罗密欧与灰姑娘，罗密欧与灰姑娘（VOCALOID）"
"romulus_(fate)","罗慕路斯_（命运/冠位指定）"
"romulus_quirinus_(fate)","罗慕路斯·奎里努斯_（命运/冠位指定）"
"ronguuta","牛尾托子&广志"
"rongyishoushan2","能动手的人"
"rono_(lethys)","罗诺插画"
"ronya_(ronya_s2)","龙比"
"ronyx_j._kenny","罗尼克西斯·肯尼"
"rooftop","屋顶"
"rook_(chess)","战车(国际象棋)"
"room","房间"
"room_rem","超可爱，超级萌，极其讨喜"
"roonsheen","润信"
"rope","绳"
"rope_(summer_flowers)_(arknights)","绳索_(夏花)_(明日方舟)"
"rope_belt","绳制腰带"
"ropu_(ropu_10)","daly_060，戴利_060"
"roroboshi-chan","黑星红白（虚拟主播）"
"rorolina_frixell","罗罗娜_工坊，罗罗莉娜·弗雷克塞尔"
"rororo","迷因_7272"
"rororogi_mogera","咯咯咯猫鼠游戏"
"rosa_(pokemon)","女性主角_(宝可梦黑白2)，女性主角_(宝可梦黑白2)，梅_(宝可梦)，惠特利_(宝可梦)，惠二_(宝可梦)"
"rosalina","罗莎莉娜公主，马里奥版罗莎莉娜，马里奥版罗塞塔"
"rosario+vampire","罗萨里奥变吸血鬼"
"rose","玫瑰|蔷薇"
"rose_fryberg","玫瑰_火山公主"
"rose_petals","玫瑰花瓣"
"rose_print","玫瑰印花"
"rose_to_tasogare_no_kojou","暮光中的玫瑰"
"rosehip_(girls_und_panzer)","玫瑰果"
"rosenburg_engel_(idolmaster)","罗森堡天使"
"rosenkreuzstilette","/rks，角色设计，美术风格"
"rosetta_(pgr)","罗塞塔_（惩罚模式：灰鸦）"
"rosetta:_rigor_(pgr)","罗塞塔：严苛惩罚（惩罚：灰鸦）"
"roshin_yuukai_(vocaloid)","熔毁_(VOCALOID)，罗信幽鬼_(VOCALOID)"
"rosie99","奈须_（luliice）"
"rossy_(yowayowachimpo)","喵呜喵呜千扑"
"rosumini","粉红人生"
"rota_(bitmap1022)","广隆_(bitmap1022)"
"rotational_symmetry","对称旋转|《少女革命》女同转圈圈"
"rotatwo","拉基苏塔可诺可诺"
"roten_(rotenburo)","赫基诺·风斗"
"roto_(dq3)","旋转效果"
"rott_ur","请别这样"
"rottenpizza","我乃"
"rou_kaioushin","老海"
"rou-kyuu-bu!","罗九布！"
"rouchi_(r0uchi)","里一_(劳奇)"
"rouge_(my_rouge)","ruju_amn，露珠_amn"
"rouge_the_bat_(riders)","蝙蝠女郎_（索尼克骑手）"
"rough_time_school_(idolmaster)","艰难的学校时光"
"rouko605","露子_七世七服"
"roulette_roulette","你真棒_（舞蹈）"
"rouman_academy_school_uniform","罗马尼亚学院制服"
"round_border","圆形边框"
"round_eyewear","圆形眼镜"
"round_image","圆形图像，圆形图案"
"round_teeth","动漫里的没有缝的牙齿"
"round_window","圆窗"
"round-bottom_flask","圆底烧瓶"
"rounded_corners","背景或画框是圆角"
"roupo99","冰雾_0"
"rourou_(been)","曾经"
"rouzille","rouzille_（艺术家）"
"rowan_(pokemon)","南冈麻吕（宝可梦），罗文教授，罗文老师，罗文教授"
"roxanne_(pokemon)","橘树_(宝可梦)"
"roxie_(pokemon)","小美花_(宝可梦)"
"roxie_richter","罗克珊·里希特"
"roy_(youthful_gifts)_(fire_emblem)","罗伊_情人节_火焰之纹章"
"royal_starlet_(idolmaster)","皇家小明星"
"royan","罗亚南南南"
"royboy","罗伊男孩插画"
"rozaliya_olenyeva_(fervent_tempo)","罗扎莉娅·奥列涅耶娃（德尔塔）"
"rozen_maiden","/rm，罗森少女，罗森梅登"
"rozuberry","适合星空的场景"
"rpg_(weapon)","角色扮演游戏"
"rpk-16_(girls'_frontline)","rpk-16_（少女前线）"
"rra_(yj)","松井丽奈，RRAMARUKUN"
"rroar8","咆哮声效果"
"ruan_dao","阮伟道"
"ruan_zoe","恶搞表情包"
"rubber_boots","橡胶靴"
"rubber_duck","浴缸小黄鸭"
"rubbing_eyes","揉眼睛"
"rubble","瓦砾"
"ruben_de_vela","鲁本德维拉"
"ruberule","萝莉控"
"ruby_(gemstone)","红宝石"
"ruby_(jewelpet)","红宝石_宝石宠物"
"ruby_rose","鲁比_(RWBY)"
"ruby_suguri","丽华酱"
"rucchiifu","31步速"
"rudder_footwear","舰C舰娘专用鞋"
"rudeus_(steban_sharnak)","沙尔纳克"
"rudoni","略带蓝色的色调"
"ruffling_hair","头发凌乱，头发纠结"
"rug","小地毯"
"ruhee","甘尼克"
"ruhuyu_(show_by_rock!!)","露富由_(show_by_rock!!)"
"rui_(o-rui)","欧鲁伊，欧鲁伊"
"rui_rubellent","抗组胺药"
"ruin_guard_(genshin_impact)","毁灭守护者"
"ruins","废墟"
"ruint","ruintwolf，扎华石"
"ruka_(princess_connect!)","立花琉花"
"rukashio","九个理由"
"ruku_(alicecreation)","欧妈莫洛尼"
"rukuriri_(girls_und_panzer)","露库露库"
"rule_breaker_(fate)","违规者，破规者"
"ruler","尺子"
"rulutieh","rurutie_（歌之恋），rurutie_（歌之恋）"
"rumi_(blue_archive)","晓露美"
"rumi_(rabi-ribi)","鲁米_(拉比·里比)"
"rumi_(rumigawa31)","流川31"
"run_p_(aveton)","av_(艺术家)"
"run_sho","用户fcgs5552"
"run_the_9tails","i.g.w，即兴创作歌曲"
"runa_(ren_rainfall)","露娜降雨"
"rune_(dualhart)","rune_(pixiv_25170019)，卢恩符号_(pixiv_25170019)"
"rune_(ruupokesmash54)","ru_(ruuryou54)，鲁尤54"
"runemill","佩奇鸭1"
"runes","符文"
"running","奔跑"
"running_track","曲目"
"runny_makeup","睫毛膏晕染，妆容毁坏"
"runny_nose","流鼻血，鼻血"
"ruochongsang","黑火冲"
"ruoganzhao","爪子_(rjtd7274)"
"ruoruoqiu","肉肉球球"
"rupee_(zelda)","卢比"
"rur_(ml_ruru)","莉卡·露露"
"rural","乡村"
"ruri_(dailybloopy)","每日布卢比"
"rurie_(lourie)","洛丽"
"ruru_(gi_xxy)","gi_xxy，吉克西克斯"
"ruru_amour","露露_光之美少女"
"ruru_ashihara","鲁维奇"
"rururiaru","露露·秋月"
"rush_(mega_man)","鲁什_洛克人"
"russia_(hetalia)","伊万·布拉金斯基"
"russian_text","俄语"
"rusty_trombone","长号_性行为"
"rustysalmon","shd_(用户rshh2222)"
"rusuban_(yakumora_n)","夜雾奈"
"rutger_(fire_emblem)","鲁特加尔"
"ruto_(petatann)","鲁托_（pixiv205535）"
"ruton-niki","天然萝卜汤，天然汤"
"rutorifuki","龙之雷霆箭"
"ruu_(tksymkw)","落语屋郎，tksymkw，鹤乡_（tksymkw）"
"ruu_wan_mm","ruu_neptune，海王星角色"
"ruuto_(sorufu)","悲伤表情"
"ruuudy_(shirozu07)","kikiis的艺术作品，rim_myy的画作"
"ruyi_jingu_bang","喵呜兽，电力杆（龙珠）"
"rx7649","arcx_nagi，奈姬"
"ry_(yagoyago)","RY风格"
"ryan_greythorn","灰荆032"
"ryara","瑞亚拉·薇薇"
"ryat","利亚斯"
"rybiok","鱼之绿"
"rydia_(ff4)","蕾迪亚"
"ryman","里曼"
"ryman's_club","上班族俱乐部"
"ryn_(rinorea)","里诺·雷亚"
"ryne_waters","瑞妮，瑞妮_（最终幻想14）"
"rynith","莉妮丝"
"rynn_(rynn_cube)","rynn_(user_rkgs8583)，瑞恩_(用户_rkgs8583)"
"ryo_(tg290)","后川"
"ryoha_kosako","良学坂"
"ryoji_(nomura_ryouji)","野村龙二，龙二_(09541085)"
"ryokushiki_(midori-ya)","绿式"
"ryokuyou_(greencosmos)","宇宙风YOP"
"ryoma_(fire_emblem)","龙马_(火焰之纹章IF)"
"ryoma_(rym_369)","r_t9vt，角色设计，视觉风格"
"ryona","被重度(性)虐待的女性"
"ryoshu_(project_moon)","ryošu_(limbus_company)，凉秀_(limbus_company)"
"ryota_(ry_o_ta)","白桦草"
"ryotarou_(seyana)","ara_ssmjnkosam_-key2321的中文翻译"
"ryou_(kimagure)","ryo_(pixiv47138)，凉( pixiv47138 )"
"ryou_sakazaki","坂崎亮，坂崎里央"
"ryou-ouki","凉大辉"
"ryouka_(suzuya)","凉香，凉香"
"ryouki_(ryoki_215)","龙辉_(34388923)"
"ryouko_(tenchi_muyou!)","白鸟凉子，白鸟凉子，凉子（天元突破），凉子（天元突破）"
"ryouma_(galley)","天音子"
"ryouou_school_uniform","陵樱学园制服"
"ryouran!_victory_road_(love_live!)","凉宫春日！_胜利之路_（LoveLive）"
"ryourou_(edexigerero)","要求过高"
"ryousuke_(tukr5384)","欧关夫，xing139057"
"ryoutsu_kankichi","勘吉亮次，亮次勘吉"
"ryouzou","无脸角色"
"ryu_(breath_of_fire_i)","龙_火焰吐息_I"
"ryu_(breath_of_fire_ii)","龙二，龙二（火焰之息二）"
"ryu_(breath_of_fire_iii)","龙三世，龙（火焰之息三）"
"ryu_(breath_of_fire_iv)","龙四世，龙_（火之呼吸四世）"
"ryu_(breath_of_fire_v)","龙_(火焰吐息_v)，龙_v"
"ryu_(denkiryu)","电龙"
"ryu_(ryu's_form_site)","龙_（龙的前站名）"
"ryu_hayabusa","隼龙，龙隼"
"ryuda","龙人"
"ryugasaki_rene","龙挂崎蕾妮"
"ryuji_(ikeriu)","震奈莱，惊奈莱，极惊奈莱"
"ryuki_(pokemon)","龙威_(宝可梦)"
"ryuki_(ryukisukune)","龙兹"
"ryuko_lee","龙龙龙龙龙"
"ryuko_redraw_(meme)","龙子重绘版（迷因）"
"ryuna_(inc_moon)","月亮元素"
"ryunosuke_naruhodo","成步堂龙之介"
"ryuntack","龙龙"
"ryura_(negi-mamire)","宁莉向前冲"
"ryusei_(ryusei_b)","谜题157xxx"
"ryusei_hashida","可爱宝贝"
"ryusuke_kyte_hagane","钢之龙辅"
"ryuu_ga_gotoku_(series)","像龙一样_（系列），龙之信条，黑帮_（系列）"
"ryuu_ga_gotoku_0","黑帮_0"
"ryuu_ga_gotoku_1","黑帮组织_1"
"ryuu_ga_gotoku_2","如龙2"
"ryuu_ga_gotoku_3","如龙3"
"ryuu_ga_gotoku_4","如龙4"
"ryuu_ga_gotoku_5","黑帮5"
"ryuu_ga_gotoku_6","如龙6：生命之歌"
"ryuu_ga_gotoku_7","如龙：龙之崛起"
"ryuu_ga_gotoku_7_gaiden","龙之传说外传：抹去名字的男人"
"ryuu_ga_gotoku_8","如龙般的气势：无尽财富"
"ryuu_to_sobakasu_no_hime","贝儿_(电影)"
"ryuu-tan_(miuron)","三色瞳"
"ryuudog","龙犬"
"ryuuen_tanaka","绝对控，龙渊"
"ryuuga_shou","晓龙"
"ryuugajou_nanana_no_maizoukin","娜娜娜的埋藏宝藏，娜娜娜的埋藏宝藏"
"ryuugamine_mikado","龙神美加朵"
"ryuugasaki_academy_school_uniform","龙崎学园制服"
"ryuugazaki_rei","龙挂崎丽"
"ryuuguu_komachi_(idolmaster)","龙宫小町"
"ryuuguu_rena","龙宫莲娜"
"ryuuhou_(kancolle)","龙皇_舰队Collection"
"ryuuichi_(f_dragon)","法尔科内特龙"
"ryuuji_teitoku","皮美莫莫"
"ryuujin_no_senpai","龙神前辈"
"ryuujou_(kancolle)","龙城_(舰队Collection)"
"ryuuki_garyuu","荒垣"
"ryuuko_no_ken","格斗艺术"
"ryuukyuu","龙子塔马"
"ryuunosuke_(luckyneco)","龙野亮"
"ryuuou_no_oshigoto!","龙雄的工作永远做不完！"
"ryuusei_(kancolle)","龙星_舰队Collection"
"ryuusei_(trickster)","尖晶石矿场00"
"ryuusei_date","龙星之日"
"ryuuto_(vocaloid)","抽卡角色"
"ryuuzaki_ichi","龙崎一斗"
"ryuzaki_kaoru","龙崎香织"
"ryxxxxx","用户_fvtt2572"
"s_(esumi_kihomaru)","环游屋祈愿之歌大鸟丸"
"s.a.t.8_(girls'_frontline)","S.A.T.8_（少女前线）"
"s.e.m_(idolmaster)","种子，胚芽"
"s.w.a.t.","特警队_警察"
"sa/tsu/ki","i_411ii，第411类图像"
"sabamiso_taro","萨巴米索布"
"sabana","库拉肯"
"sabata_saba","滴水披萨，三好柴巴，佐波田沙巴"
"saber_(fate)","剑士"
"saber_(fire_emblem)","细细品味"
"saber_(weapon)","军刀(武器)"
"saber_alter","黑色剑，暗黑之剑"
"saber_alter_(ver._shinjuku_1999)","喷黑骑士之王版本_1999年新宿，剑士改版（1999年新宿版本）（Fate）"
"saberiii","三剑士"
"sabet_(young_ouo)","枯萎"
"sabi_(pokemon)","芥末_(宝可梦)"
"sabin_rene_figaro","玛什·蕾妮·费加罗"
"saboten_mushi","keeha_(mxkp5588)，凯哈_(mxkp5588)"
"sabotender","仙人掌"
"sabotensuteeki","破坏者_jtyy3852"
"sabrina_(pokemon)","夏目_(宝可梦)"
"sabuneko2645","贝肯猫2645"
"saburou_(jako)","gxp，三六（杰科）"
"sacanahen","坂奈帆"
"sachiko_nya","mxx_nya，喵娘"
"sachiko_shirayuki","沙琪子2S"
"sachilko_(motiko)","莫蒂科"
"sachishiro_pengin","月之兔"
"sack","麻布"
"sacraneco","樱花猫"
"sad","悲伤的"
"sada_(pokemon)","奥利姆_(宝可梦)"
"sada_noriko","精致料理，美味佳肴"
"sadamatsu_ryuuichi","龙一"
"sadcat","火箭猫"
"saddle","马鞍"
"sado_(kancolle)","虐待向_舰队Collection"
"sae_(hidamari_sketch)","沙耶"
"saeki_mika","米卡_(K-ON!)"
"saeki_nao","纳帕"
"saekiya_sabou","齐家游戏"
"saelyeon","0_0日轮"
"saemonza_(girls_und_panzer)","西园寺，杉山清美"
"saenai_heroine_no_sodatekata","如何培养一个无趣的女友，凉宫春日"
"safety_glasses","双筒望远镜"
"safety_pin","曲别针"
"safurantora","2radpersec，双半径迫害"
"safy_(fire_emblem)","safi_（火焰之纹章）"
"sagace","08_sagace，机智型"
"sagami_jon","jon_(st05254)，琼恩_(st05254)"
"sagano_yuuji","库里_(库莉酱)"
"sagara_riri","沙加莱丝"
"sage_harpuia_(mega_man)","哈普亚，哈普亚_（洛克人）"
"sage_joh","乔·塞奇"
"sage_tory","鸟居诚二"
"sagging_breasts","(因俯身而)下垂的乳房"
"saginoko","梅卡·萨吉科，欧卡基萨吉"
"sagiri_(kancolle)","沙织里_(舰队Collection)"
"saguaro_(pokemon)","肌肉教师_宝可梦"
"sahara_kazumitsu","撒哈拉之旅"
"saibai_shounen","曼德拉草男孩们"
"saibashi_(develop_komono)","无脑软萌"
"saico_isshin","丸步_（最强一神）"
"saida_nika","阿梅玛鲁"
"saiga-12_(girls'_frontline)","西加12型_《少女前线》"
"saigado","赛加斗"
"saiguchi_otoufu","fuufu_(dha)，欧托夫"
"saigyouji_yuyuko","/sy，角色扮演，虚拟角色互动"
"saigyouji_yuyuko's_fan_design","魅力粉丝，有魅力的粉丝，由由子的粉丝设计，由由子的粉丝图案"
"saihara_shuichi","西原修一"
"saihate_(vocaloid)","悲伤，哀伤"
"saijaku_tamer_wa_gomi_hiroi_no_tabi_wo_hajimemashita","最弱的驯兽师开始了收集垃圾的旅程"
"saijo_juri","最强正义"
"saijou_haruki","木濑梓"
"saijou_karin","pino_（直发型）"
"saijou_yurika","苍雨"
"saika_ryougi","赛卡_（赛卡喵）"
"saikai_academy_school_uniform","赛凯学院制服"
"saikawa_yusa","UDK游戏引擎"
"saiki_komari","雨披_(31103105)，赛奇科马里"
"saiki_kusuo_no_psi_nan","齐木楠雄的灾难人生。"
"saiki_yuzuri","hairi_(mncrgc_h)，羽里_(mncrgc_h)"
"saikin_yatotta_maid_ga_ayashii","我最近雇用的女仆很神秘"
"saikyou_tomomi","最强智美"
"sailor","水手服"
"sailor_bikini","水手服款比基尼"
"sailor_collar","水手领"
"sailor_dress","水手服款裙子"
"sailor_hat","水手帽"
"sailor_moon","美少女战士"
"sailor_moon_redraw_challenge","水冰月重绘挑战"
"sailor_moon_redraw_challenge_(meme)","《美少女战士》重绘挑战"
"sailor_senshi","美少女战士"
"sailor_senshi_uniform","美少女战士制服"
"sailor_shirt","水手服款衬衫"
"sainker","sainker_sainker，赛因克赛因克"
"saino_misaki","斋野"
"sainome_(imveryfinethx)","哭喊"
"saint_laurent_paris","港商光_(smjy5842)"
"saint_mary's_academy_school_uniform","圣玛丽学院校服"
"saint_onii-san","圣洁少年"
"saint_quartz_(fate)","圣石英"
"saint-louis_(holy_knight's_resplendence)_(azur_lane)","圣路易斯_（光辉圣骑士）_（蔚蓝航道）"
"saintgalgomon","巨型加尔戈蒙"
"saintluthien","吉恩·阿瓦隆，斯特卢西恩·露露露"
"sainyang_(queen's_blade)","赛亚人"
"saishuu_heiki_kanojo","赛卡诺"
"saitama_(one-punch_man)","埼玉_(一拳超人)"
"saito_nicole","齐藤妮可"
"saito_yoko","齐藤由子"
"saitou_chiwa","齐瓦·赛托"
"saitou_kengo","健吾"
"saitou_masatsugu","齐藤，齐藤"
"saitou_piyoko","齐藤梨子，梨子·齐藤"
"saitou_touko","夜之欢愉，齐藤托科"
"saitu_miki","用户_tgmg8735"
"saiun_(kancolle)","塞云_舰队Collection"
"saiunkoku_monogatari","赛昂国的故事"
"saiyan_armor","战斗服(龙珠)"
"saizo_(fire_emblem)","赛藏_(火焰之纹章IF)"
"sajittari","志乃子_（暗影修罗）"
"sajo_yukimi","沙条由美子，沙条由美子"
"sajou_ayaka_(fate/prototype)","沙条绫香，沙条绫香（Fate/Prototype）"
"sajou_manaka","沙条爱花，沙条爱香，沙条真奈花"
"sak1_01","酒杯02C"
"sakae_izumi","ismiyu_（虚拟主播）"
"sakai_eri_(illustratoreri)","尤菲_vt"
"sakaki_(azumanga_daioh)","樱花"
"sakaki_karen","卡伦_（亲爱的大小姐不能叫爸爸）"
"sakaki_kuuya","沙树哥哥"
"sakaki_rin","rin_(028ilc)，凛_(028ilc)"
"sakaki_soshi","坂木守"
"sakaki_youma","山伏妈妈"
"sakaki_yuya","沙树由芽，由芽沙树"
"sakakura_(sariri)","坂柳，坂柳操子"
"sakamaki_chiduko","坂卷千筑"
"sakamata_chloe_(gyarumata)","坂又克洛伊_（第四套服装），坂又克洛伊_（校服）"
"sakamata_chloe_(jirai_kei)","坂又克洛伊_第三套服装，坂又克洛伊_深色休闲装"
"sakamata_chloe_(new_year)","坂又克洛伊_第二套服装"
"sakamichi_no_apollon","斜坡上的孩子们"
"sakamiya_tsuto","宫坂原版"
"sakamoto_akira","十八"
"sakamoto_atsumu","坂本夏芽"
"sakamoto_desu_ga?","你没听说过吗？_我是坂本"
"sakamoto_ryuuji","坂本龙二"
"sakana_(flame_sakana)","框架_拦截框，鱼类"
"sakanaokashi","鱼形零食"
"sakasagami_no_yura","长发由良"
"sakata_kintoki_(fate)","坂田金时（命运/冠位指定）"
"sakata_kintoki_(heian_warrior_attire)_(fate)","平安时代武士装束（命运/冠位指定）"
"sakata_kintoki_(rider)_(fate)","坂田金时骑士（Fate/Grand Order）"
"sakawa_(kancolle)","坂川_舰姬Collection"
"sakayaki_(burning_soul)","灼烧的悠也"
"sakayama_shinta","茶卡山"
"sakazuki","盃"
"sakazuki_(akainu)","赤犬_(海贼王)"
"sake","酒"
"sake_bottle","酒瓶"
"sakesakana_(korezyanai)","非韩国人"
"saki_(blue_archive)","空莱酒"
"saki_(manga)","酒杯"
"saki_(orange_juice)","酒杯_(缀里)"
"saki_(sa_saki414)","海子_(pixiv_42903528)"
"saki_(swimsuit)_(blue_archive)","空莱·萨基（泳装）"
"saki_achiga-hen","酒杯，相良篇"
"saki_chisuzu","幸吉铃子"
"sakidesu","悲伤00"
"sakiecho","沙季子"
"sakigake!!_cromartie_koukou","克罗马蒂，克罗马蒂高中"
"sakiko_(gekiama)","精致可爱"
"sakimori_(hououbds)","布偶忍者"
"sakimori_dan","danbo_(岩石攀登)，无家可归者 Mk II"
"sakimori_toji","托吉_（放送部），托吉_（东京放学后召唤师）"
"sakino_yumeko","酒梦11"
"sakiyo_cake","浅田太郎"
"sakizaki_saki-p","萨基普萨基普"
"sako_(35s_00)","sako_(user_ndpz5754)，沙子_(用户_ndpz5754)"
"sako_(bosscoffee)","BBSACON相关内容"
"sako_rk_95_(upotte!!)","沙子_(掉出来了！！)，沙子_(掉出来了)"
"saku_(kudrove)","库德罗夫"
"saku_(ladyfubuki)","爸爸的樱花"
"sakuba_nao","京崎奈绪"
"sakugawa_school_uniform","栅川中学校服"
"sakuma_hideko","佐久间惠子"
"sakumichi","油豆腐_(统一版)"
"sakumo_(okura_oishiiii)","早云_（大仓好可爱）"
"sakunagita","namin_(namin1317)，奈美恩"
"sakuno_(sksk_sakuno)","初美雅"
"sakura_(fire_emblem)","樱花_(火焰之纹章IF)"
"sakura_(gentle_nekomata)_(fire_emblem)","樱花_(万圣节)_(火焰之纹章)"
"sakura_(lilak_a)","樱花_(pixiv263198)"
"sakura_(medilore)","龙介_(pixiv_186067)"
"sakura_hibiki","樱响_（丹伯鲁多少公斤？），樱响_（哑铃多少公斤？）"
"sakura_kanawo","军火库"
"sakura_koharu","卵包饭小姐_(春子)"
"sakura_kyoko","樱小路京子"
"sakura_kyoko_(swimsuit_costume)","樱小路京子（泳装造型）"
"sakura_kyoko_(swimsuit_ver.)","樱小路京子（泳装版）"
"sakura_miko_(casual)","樱宫神子（第三套服装）"
"sakura_miko_(hololive_summer_2019)","樱宫神子（第二套服装）"
"sakura_miko_(new_year)","樱宫神子（第五套服装）"
"sakura_miko_(school_uniform)","樱宫神子（第六套服装）"
"sakura_miko_(street)","樱宫神子_（第七套服装）"
"sakura_miko_(work)","樱宫神子（第四套服装）"
"sakura_mochi","樱花饼"
"sakura_musubi","樱花卷"
"sakura_nitouhei","樱仁东平"
"sakura_no_tomoru_hi_e","樱乃智惠"
"sakura_puchirou","宇奈月小夜"
"sakura_romu","奈乃叶-H"
"sakura_sakura","樱花樱花_（游戏）"
"sakura_shiori","希织_(xxxsi)"
"sakura_taisen","樱田天膳，樱花大战"
"sakura_taisen_v","樱花战争：再会了，我的爱人"
"sakura-sou_no_pet_na_kanojo","樱之庄的宠物女孩"
"sakuraba_(cerisier_x)","樱庭_(樱桃_X)"
"sakuraba_hikaru_(loveindog)","樱庭光_（画师）"
"sakuraba_yuuki","个人专属颜色，个人特色色彩"
"sakurabe_notos","樱庭乃吐"
"sakurada_chihiro","玛加琳_乌德登"
"sakurada_reiko","龙司"
"sakurada_shiro_(hy_plus)","樱田白"
"sakuragaoka_high_school_uniform","樱丘女子高等学校校服"
"sakuragi_akira","切丽娅"
"sakurai_makoto_(custom_size)","自定义尺寸，s·真琴"
"sakurai_shin'ichi","樱井新一"
"sakurai_touko","樱井_（白曼塔）"
"sakurai_yuuto_(shiromanta)","悠人_白曼塔"
"sakurako_(blue_archive)","宇多津美樱子"
"sakurako-san_no_ashimoto_ni_wa_shitai_ga_umatteiru","美丽骨骼：樱子的调查"
"sakurakoji_kinako","樱宫金子"
"sakuramachi_touko","樱町冬子"
"sakuramochi_(sakura_frappe)","雪人_(星空)"
"sakurano_megumi_(character)","樱野惠（樱野惠）"
"sakurano_rocco","柏饼罗子"
"sakurano_ru","byruu，樱野冬雨"
"sakurato_remi","源角色阿良良木，雷米米米"
"sakurazawa_izumi","按时间顺序"
"sakurein","rein_(oppppp1245)，莱因_(oppppp1245)"
"sakuremi","沙久蕾美"
"sakuya_(liao_kj)","月亮_(xul4eji6bp4)"
"sakuya_(ookami)","枫雅_狼"
"sakuya_(utawarerumono)","沙月_歌之恋"
"salamander_(hop-step)","小崎_子崎，萨拉·曼德"
"salamander_(jonbonjovi82)","火蜥蜴_(艺术家)"
"salamander_coral","苋红珊瑚色"
"salaryman","商人，上班族，领薪族"
"saliva","唾液"
"saliva_trail","唾液拉丝"
"salmon_run_(splatoon)","鲑鱼洄游"
"salome_(fate)","萨洛梅_(命运/冠位指定)"
"salomon_(housamo)","所罗门_（东京放课后的召唤师们）"
"salt_(sawa0609)","4_千岁海姆"
"salty_eyes","幻想变体"
"saltydanshark","色气女郎"
"salukino","kk_(aky2374)，可爱风格，二次元角色，日系画风"
"salute","敬礼"
"sam_desu","sam_(金属封皮版)"
"samart","普通智能型"
"same_anko","雷姆9"
"same_kujira_(challenger_310)","sa_(xwfm8875)，萨_（xwfm8875）"
"same-sex_bathing","共浴，一起洗澡"
"samegami","悲伤之雨"
"samekichi_(funamusea)","samekichi_(wadanohara)，和田之原的相同吉"
"sameyama_jiro","卡拉巴科"
"sami_(3a3i3a3i)","加藤萨米"
"sami_(advance_wars)","多米诺_(前进战争)"
"samidare_(hoshi)","雨滴落下的声音"
"samidare_(kancolle)","雨落_(舰队Collection)"
"samip","三叶草"
"samjo_(project_moon)","samjo_(limbus_company)，三岛_(limbus_company)"
"sample","样图"
"sample_watermark","样本"
"samsung","三星电子"
"samsung_sam","萨曼塔_三星，萨曼莎_三星，萨姆_三星"
"samu_(sam_deg369)","用户_kehf3783"
"samuel_b._roberts_(kancolle)","塞缪尔·B·罗伯茨（舰姬Collection）"
"samuel_oak","橡树_(宝可梦)，橡树_(宝可梦)，奥基多·雪成，橡树教授，橡树教授，prof._oak，prof._oak，prof_oak，prof_oak，雪成_(宝可梦)，雪成_(宝可梦)"
"samuel_rodrigues","急流山姆"
"samurai","武士"
"samurai_(7th_dragon_series)","武士_(第七龙)"
"samurai_spirits","《武士道战》，《武士之魂》"
"samus_aran","萨姆斯"
"san_(mononoke_hime)","桑"
"san_zhi_chun","春哥"
"san-pon","达苏托"
"sanada_nagi","笑顔，微笑"
"sanagi_(diohazard)","迪奥·哈扎德"
"sanaki_kirsch_altina_(apostle_in_white)","沙奈基·柯希尔·阿尔蒂娜（新娘装）"
"sanami","沙波美_(snmoekk)"
"sanari_(quarter_iceshop)","日暮友江"
"sanasanayukikuni","七彩街道"
"sand","沙"
"sand_castle","沙堡"
"sand_girl_(last_origin)","gs-10沙地女孩"
"sand_sculpture","沙雕"
"sandals","凉鞋"
"sandals_removed","脱下凉鞋"
"sandayu_(housamo)","砂耶由_（东京放课后的召唤师）"
"sandcasks","沙箱"
"sandile","目黑子"
"sandman_(gm4zfijcwbz3g4y)","用户_jxnk5728"
"sando_(dukedevil)","sando_（艺术家）"
"sandwich","三明治"
"sandwiched","三人夹三明治"
"sanemichi_hajime","龙星馆"
"sangatsu_no_lion","三月如雄狮般强势降临"
"sanger_zonvolt","赞加尔·僵尸闪电"
"sangheili","《光环》精英角色"
"sango_30","30秒羞耻场景"
"sangoku_musou_1","三国无双"
"sangonomiya_kokomi","可可米_(原神)"
"sangvis_ferri","铁血工造(少女前线)"
"sanji_(one_piece)","山治"
"sankakukin_gear","德尔塔齿轮"
"sankarea","桑卡雷亚：不灭之爱"
"sankichi_(croquette_crab)","蟹肉可丽饼，浦吉（焦糖蛋黄酱版）"
"sankyaku_tako","猪骨汤"
"sankyo_(821-scoville)","三京插画，释迦牟尼"
"sankyoin_academy_school_uniform","感谢学院校服"
"sanmuyun","cloudy20210211，三鬼云"
"sannio","黑山"
"sano_(hospital_0434)","医院_0434"
"sano_(merrymerry)","无霜之夏"
"sano_sho","沙野翔"
"sano_toshihide","佐野俊英"
"sanoba_witch","女巫的安息日"
"sanotsuki_(mochi0101_831)","石月_（_0101_831），翔月那_（日向工作室）"
"sanpachishiki_(gyokusai-jima)","三色堇"
"sanpaku","三白眼"
"sanpeita","三部丰志"
"sans_(undertale)","桑斯"
"sansan_(dongfangzhong111)","东方中111"
"sansei_muramasa","三郎正宗第三形态"
"sansetsukon_no_lily","三叶草社员工"
"sansha_san'you","三叶三色"
"sanshoku_dango","三花团子"
"sanshoku_dango_(shukosuko)","三色团子_(ahxf3842)"
"sansintei_auto","一般大村次"
"sansui.aoba","是_(不是奇奇)"
"santa_boots","圣诞老人靴"
"santa_claus","圣诞老爹"
"santa_costume","圣诞老人服装"
"santa_fung","冯金秋"
"santa_hat","圣诞帽"
"santa_matsuri","圣玛丽亚"
"santagawa","橘_(7k_yj)"
"santalla_(arknights)","西蒙妮_(《明日方舟》)"
"santouhei_(3tohei)","三藤平"
"sanuki_(zigzagflamberge)","fai_(之字形火焰纹章)"
"sanvicept","三美圣维塞普特"
"sanwari_(aruji_yume)","阿鲁吉之梦，三羽里_（最可爱形态）"
"sanya_v._litvyak","三亚_v_利特维亚克"
"sanze_(gokiburi_kirai)","吉姆特，拉库卡"
"sanzen'in_nagi","三禅院奈绪"
"sao7","SAO6角色"
"saori_(blue_archive)","城前纱织"
"saotome_academy_school_uniform","早苗学院制服"
"saotome_mary","早苗美织"
"saotome_rei","布莱尔·弗拉尼根"
"saotome_shino_(shino_to_ren)","早乙女志乃_（千草实）"
"saphir_(sailor_moon)","蓝宝石王子"
"sapphi_(sky_dreamsky)","千里塔基扬，黑魔奇卡伦"
"sapphire_(gemstone)","蓝宝石"
"sapphire_(nine)","蓝宝石_4825，vkekrdhs"
"sapysha","沙子桥"
"sara_(jewelpet_twinkle)","莎拉_宝石宠物，莎拉_宝石宠物叮当"
"sara_bellum","贝伦小姐"
"saraana","萨拉娜"
"sarah_(mignon)","莎拉小姐_(可爱版)"
"sarah_(pokemon)","水系_宝可梦"
"sarah_adiemus","让我们告别萨拉"
"sarah_carson","莎拉_(罗曼史传奇3)"
"sarah_mcdougal","萨拉·麦克道格尔"
"sarami_(sa_rami30)","哈穆尼库"
"sarasa_kouhaku","穆拉比托特"
"sarashi","裹胸布"
"saratoga_(kancolle)","萨拉托加_(舰队Collection)"
"saratoga_(seven_seas_of_rest)_(azur_lane)","萨拉托加_(海洋假期)_(碧蓝航线)"
"saren_(princess_connect!)","佐佐木萨伦"
"saria_(stronghold)_(arknights)","萨莉亚_建城_《明日方舟》"
"saria_(the_law)_(arknights)","萨莉亚_（铁律）_（明日方舟）"
"saria_(zelda)","萨莉亚，塞尔达传说中的萨莉亚"
"sariel_(touhou)","萨丽尔"
"sarika","京城大学"
"sarisa_highwind_tycoon","萨尔萨夏洛特大亨"
"sarong","莎笼|沙滩浴巾"
"saru_getchu","猿人逃脱"
"saruanu","猿臀"
"saruhiko_(mtmnkmn)","猿比古"
"sarukana","狗蒙冲"
"sarya_(granblue_fantasy)","纱耶_(碧蓝幻想)"
"saryuu_(iriomote)","是，WARABI"
"sasa_(sasa_ekakiman)","爆萌兽"
"sasa_ichi","四星"
"sasa_tseng","萨萨森格"
"sasaame","沙雨"
"sasachin_(k+w)","1492蛋形物"
"sasahara_(shou_goi)","寿司鱼生"
"sasahara_natsuki_(val_bi_ole)","沙沙原脚部"
"sasahara_yuuki","沙原"
"sasahiro","大胡子"
"sasai_nakoto","悲伤的故事_18"
"sasairebun","微粉红色"
"sasaki_fuuka","芙卡_渡边桃子"
"sasaki_kojirou_(fate)","《命运/夜之守护者》中的刺客"
"sasaki_sakiko","六十四神南尼库"
"sasaki_to_p-chan","佐佐木与伙伴们"
"sasaki_tomomi","藤本英明"
"sasaki_touko","透子（想要成为黑暗中的女孩）"
"sasaki_youko","佐佐木_（K-ON!）"
"sasakichi_(ssk_chi)","若月由宇"
"sasamaru_chimaki","弹珠大战"
"sasame_20","沙沙美20"
"sasamino_(onikunakaji)","鬼之逆袭，三色基督"
"sasanoneko","社会安全号码"
"sasasi","卡兹卡兹卡兹"
"sasayaku_you_ni_koi_wo_utau","为我轻唱情歌"
"sash","饰带|日式束腰"
"sasha_blouse","萨沙·布劳斯，萨沙·浏览"
"sashimi_(sasihmi)","萨斯希米"
"sashizume_soutarou","佩塔罗，沙希兹梅·索乌太郎，上野·佩塔罗"
"sasquatch_(darkstalkers)","大脚怪_吸血鬼"
"sasuke_(sasuke_no_sato)","佐助_（画师）"
"sasurai_susuki","龙宫铃子"
"sata_(ipev)","伊佩夫"
"sataen","咖啡色主题"
"satanichia_kurumizawa_mcdowell","仓泽撒旦奇亚·麦克道威尔，萨塔尼亚_（加百列掉线）"
"satchel","背包"
"satellizer_el_bridget","布里奇特_L._卫星定位器"
"sato_(hekiga_ni_nemuru)","佐藤崎_(wonda_h)"
"sato_art","一川谷"
"sato_masaki_(masayakofu)","真夜子福"
"sato_masuki","遮蔽效果_(bang_dream!)，里见沙都子"
"sato_reika","里香·萨托"
"sato_rikido","里奇多·萨托，糖人（我的英雄学院）"
"sato_shin","沙藤信"
"sato_unta","310_mha，百万雄师"
"satochi","satochi_（推特账号）"
"satoma_makoto","耐克_(超级帅气)"
"satomi_(black_scarecrow)","沙织"
"satomura_kyou","提线式反坦克车，反坦克车·提线模型"
"satono_diamond_(umamusume)","沙托诺·钻石"
"satono_omo","朝里_(从背后)"
"satori_(aosky9077)","悟境_(blueinc324)"
"satoru_hosonaga","星野诚"
"satou_akane","茜_(K-ON!)，坐在理津前面女孩旁边的女孩_(K-ON!)"
"satou_asuka","苹果手机相关"
"satou_atsuki","特别版，特别版"
"satou_daiji","犰狳大治，佐藤大治"
"satou_ikken","NKMT角色"
"satou_kibi","沙都恋"
"satou_koromi","沙托克姆"
"satou_mei","托库乔酱"
"satou_odori","佐藤香"
"satou_ramune","拉穆内02，佐藤拉穆内"
"satou_rin_(gobugabuge)","内向型"
"satou_samu","黑发"
"satou_shouji","数字加速计划作品，稻妻，稻妻_（数字加速计划作品）"
"satou_takeshi","T文件"
"satoupote","波特萨拉"
"satoyuki","杰作金质标签"
"satsu-strive","萨特里亚斯"
"satsuki_(kancolle)","沙月_(舰队Collection)"
"satsuki_koyomi","由香1258"
"satsuki_meguru","枫之五月组"
"satsuki_misuzu","猫咪在玩洛基"
"satsuki_yuu_(awairo)","你_沙月"
"saturday_night_fever","迪斯科姿势"
"saturn_(saturn_illus)","土星舰长"
"saturn_symbol","土星星座"
"saucer","茶杯托"
"saul_goodman","詹姆斯·麦吉尔，吉米·麦吉尔"
"saunders_military_uniform","桑德斯军装"
"saunders_school_uniform","桑德斯附高校服"
"sausage","香肠"
"sauvignon","娜娜_(nana17112018)"
"savi_(byakushimc)","春色雨夜"
"sawaki_(2d1ty)","2D绘画，swk_g4"
"sawaki_ken","r1noa，如幽鬼珠"
"sawaki_souemon_tadayasu","泽木贞康"
"sawamaharu","泽玛·哈鲁"
"sawamin","泽米斯特"
"sawamura_shouma","泽村翔马"
"sawamura_spencer_eriri","泽村绘里里_斯宾塞"
"sawarame","goma_(goma228)，戈玛_(戈玛228)"
"sawashiro_kei","英辅"
"sawatari_(sado)","悲伤的福香"
"sawatari_ginbee_haruomi","泽渡银兵卫晴臣"
"sawatari_kazuma","谷渡"
"sawayuzu","九头龙009"
"sawtatsu","草图绘制"
"sawwei005","saw_（艺术家）"
"sawyer_(pokemon_masters_ex)","《宝可梦》驾驶游戏"
"say'ri_(fire_emblem)","纱莉，纱莉_火焰之纹章"
"say0ran","say0ranarts艺术风格"
"saya_(blue_archive)","药师沙耶"
"saya_(casual)_(blue_archive)","药师寺（休闲风）"
"saya_(rabi-ribi)","纱耶_(拉比里比)"
"saya_(sayaya)","沙耶_（pixiv209895）"
"saya_no_uta","萨雅之歌"
"saya_pr","夜游人月之姬"
"sayagata","纱绫形"
"sayama_saho_(gibagiba)","沙耶玛·萨霍"
"sayashi_(type5_labyrith)","abc_（类型5迷宫）"
"sayo_(voicevox)","猫之歌"
"sayonara_eri","再见，埃里"
"sayonara_no_asa_ni_yakusoku_no_hana_wo_kazarou","玛琪卡：约定的花盛开之时"
"sayonara_zetsubou_sensei","/szs，二次元风格，日系画风"
"sayori_(neko_works)","毒蝇伞，晓"
"sayuri_(singer)","残血少女小樱"
"sazanami_(kancolle)","波间_(舰姬Collection)"
"sb_lama","双峰羊驼"
"sc_naru","喵呜叫"
"scabbard","鞘"
"scales","鳞片"
"scan_artifacts","扫描质量差，扫描错误，扫描伪影，多个扫描伪影，单个扫描伪影，扫描器产生的伪影，扫描过程中产生的伪影，多次扫描产生的伪影，扫描产生的各类伪影"
"scan_dust","扫描灰尘"
"scandinavia_peperoncino","亚劳·冥莲寺（命运），佩佩（命运）"
"scar","伤痕"
"scar_(fma)","伤疤_钢之炼金术师"
"scar_across_eye","眼睛上的疤痕"
"scar_on_arm","手臂疤痕"
"scar_on_cheek","脸颊上的疤痕"
"scar_on_chest","胸部疤痕"
"scar_on_face","面部疤痕"
"scar_on_forehead","额头疤痕"
"scar_on_leg","腿部疤痕"
"scar_on_mouth","嘴部疤痕"
"scar_on_neck","颈部疤痕"
"scar_on_nose","鼻部疤痕"
"scarecrow_(girls'_frontline)","稻草人_(少女前线)"
"scared","害怕的"
"scarf","围巾"
"scarlet_(fire_emblem)","深红色_(火焰之纹章IF)"
"scarlet_devil_mansion","红魔馆"
"scarlet23i0","scarlet_(user_xcfk7357)，猩红色主题"
"scars_all_over","疤痕过多"
"scary_monsters_(stand)","恐怖怪物（站立姿态）"
"scathach_(fate)","斯卡萨奇_（命运）_全系列，斯卡萨奇_（命运/冠位指定）"
"scathach_(fire_emblem)","斯卡萨哈_（火焰之纹章），阿尔斯特_（火焰之纹章）"
"scathach_(piercing_bunny)_(fate)","穿刺兔耳"
"scathach_skadi_(fate)","斯卡萨赫_斯卡迪_（命运/冠位指定）"
"scathacha_(granblue_fantasy)","斯卡萨哈_（碧蓝幻想）"
"scenery","风景"
"scepter","笏"
"scharfschutze","夏露芙修特塞"
"scheherazade_(fate)","谢赫拉扎德_(命运/冠位指定)"
"schezo_wegey","愚蠢行为"
"school","学校"
"school_bag","书包"
"school_chair","课堂椅"
"school_days","校园生活"
"school_desk","课桌"
"school_hat","通学帽"
"school_rumble","校园斗争，毕业典礼"
"school_swimsuit","校内泳衣|死库水"
"school_swimsuit_flap","宿水之翼"
"school_uniform","校服"
"schuler","古斯塔沃·舒勒"
"science_fiction","近未来|sf|科幻"
"scilex","像素艺术之旅"
"scirocco_(kancolle)","西罗科_(舰姬Collection)"
"scissor_blade","片太刀铗"
"scissor_blade_(kill_la_kill)","剪刀刃"
"scissorhold","十字固"
"scissors","剪刀"
"sclera_(asteroid_ill)","巩膜_异形"
"scooter","小型摩托车"
"scope","瞄准镜"
"scorpion5050","卧溪洛江"
"scott_malin","兔子枪造型艺术"
"scott_pilgrim","斯科特·W·皮尔格林"
"scottie_(phantom2)","宿命感"
"scottie_(pokemon)","凯伊_宝可梦"
"scottie0521","银色背景，银色背景"
"scowl","怒视|嫌弃的眼神|不满的眼神"
"scramble_fan_festa!_(project_sekai)","scramble粉丝节！_（project_sekai）"
"scrap_iron","菲蒂"
"scraped_knee","带皮肤的膝盖"
"scratches","划痕|皮肤上的浅伤"
"screaming","尖叫|大声喊"
"screen","屏幕"
"screen_light","显示器灯光"
"screenshot_background","截图背景"
"screenshot_inset","截图插图"
"screenshot_redraw","截图重绘"
"screentones","屏幕色调纹理滤镜"
"screw","螺丝钉"
"screw_in_head","头部螺栓，头状螺栓，头部螺丝"
"screwdriver","螺丝刀"
"scroll","卷轴"
"scrotum_piercing","睾丸穿刺"
"scrunchie","发束"
"scylla","章鱼女孩"
"scythe","大镰刀"
"sd_gundam_sangokuden","三国传"
"sd_sengokuden","SD高达战国传"
"sdorica","sdorica_-日落-"
"sea_anemone","海葵类动物"
"sea_nami","海浪娜美473"
"sea-jis","四色"
"seafloor","海底，海洋底部"
"seagiri","真实李"
"seagull","海鸥，海鸟"
"seal","密封罐|封印"
"seal_(animal)","封印"
"sealand_(hetalia)","彼得·柯克兰"
"seamed_legwear","有接缝的裤袜"
"seaplane_tender_princess","水上飞机补给船姬"
"seaplane_tender_water_princess","水上飞机补给船，水之姬"
"seaport_princess","海港公主"
"seaport_summer_princess","海港夏日姬"
"searchlight","探照灯"
"seashell","海贝"
"season_connection","同季度动画角色模仿"
"seaweed","海藻"
"sebakanken","龙宫绫人"
"seboneko","脊椎猫"
"sebu_illust","塞布插画"
"secretarybird","秘书鸟"
"section_(prrx8584)","aradu_chan，阿拉杜酱"
"security_camera","闭路电视，监控摄像头"
"seductive_smile","诱人的微笑"
"see-through","半透明的|可透过看到里层衣物|因沾湿而变透明"
"see-through_body","半透明皮肤，透明皮肤"
"see-through_bodysuit","透明连体衣"
"see-through_bra","透明文胸"
"see-through_clothes","透明材质，半透明，薄纱衣物，透肉装，透明服装"
"see-through_curtains","透明窗帘"
"see-through_legwear","透明过膝装"
"see-through_leotard","透明紧身衣"
"see-through_panties","透明内裤"
"see-through_raincoat","透明雨衣"
"see-through_sarong","半透明纱笼"
"see-through_shirt","透明衬衫"
"see-through_silhouette","通过透光的织物看到人体轮廓"
"see-through_skirt","透明裙子"
"see-through_sleeves","半透的袖子"
"see-through_tail","半透明尾巴"
"seed","种子"
"seedark","胡恩·朴正"
"seeing_stars","环绕的星星"
"seeker_(813buffet)","813自助餐"
"seele_(alter_ego)","薇莉欧娜"
"seesaw","跷跷板，摇摇马"
"seeshin_see","seeshin_04，西辛_04"
"sefirot","生命之树"
"sega_dreamcast","Dreamcast游戏机"
"sega_dreamcast_(sega_hard_girls)","Dreamcast_（Hi-School!_Seha女孩）"
"sega_game_gear","游戏设备"
"sega_hard_girls","欢迎来到降临在现代日本的恶魔之神，Hi-School！塞哈女孩们，Hi-School！塞哈女孩们"
"sega_mega_drive","世嘉Genesis游戏机"
"sega_mega_drive_(sega_hard_girls)","Mega Drive（嗨！校园！塞哈女孩）"
"sega_saturn_(sega_hard_girls)","世嘉土星（嗨！高中生，塞哈女孩）"
"segawa_luna","luna_(mi-chanman)，濑川露娜"
"seia_(blue_archive)","百合子塞亚"
"seigaiha","青海波(日本古画素材)"
"seigetsu_academy_school_uniform","清月学院制服"
"seijou_academy_school_uniform","圣城学院制服"
"seijyohu","混乱市场"
"seika_(osbuzr)","圣华_(2513337125)"
"seikai_no_senki","星辰之旗，星界之歌，星界之颂"
"seikan_hikou","《星间飞行》"
"seiken_densetsu","玛娜_系列"
"seiken_densetsu_2","法力之秘"
"seiken_densetsu_3","SD3模型，剑风传3，玛娜试炼"
"seiken_gakuin_no_maken_tsukai","埃克塞卡利伯学院恶魔剑术大师"
"seiken_no_blacksmith","神圣铁匠"
"seikimatsu_occult_gakuin","神秘学学院"
"seikimatsu_rori","凤尾鱼_(艺术家)"
"seikoku_no_dragonar","龙之学院"
"seikon_no_qwaser","圣痕奇才"
"seinarukana","永恒之剑的精神2"
"seio_girls'_academy_school_uniform","圣女学院制服"
"seiran_(mousouchiku)","青空风暴"
"seirein_(seireinnnn)","圣莲院（里见统一学院）"
"seiren_(suite_precure)","圣痕炼金士（光之美少女），海妖（光之美少女系列）"
"seirorath","奥拉托扎"
"seiru_(prairie)","日吉流花"
"seisenshi_dunbine","光之战士邓宾"
"seisenshi_dunbine:_new_story_of_aura_battler_dunbine","光之战士邓宾，新比斯顿之井的故事"
"seishou_elementary_school_uniform","圣祥大附小学校校服"
"seishun_buta_yarou","青叶兔，流氓不会梦到兔女郎学姐"
"seisui_bar","赤红之轮2，巴瑟西绪伊，西苏巴尔"
"seito_edaha","清透感更强"
"seitokai_no_ichizon","学生会自主处理"
"seiyo_academy_school_uniform","圣耀学院制服"
"seiza","正坐"
"seizon_honnou_valkyria_(idolmaster)","季节荣誉女武神"
"seizou_hidzuke","夜露_(0_0夜露)"
"sejin","顺滑素"
"sekai_de_ichiban_oppai_ga_suki!","胸部是我世界上最喜欢的东西！"
"sekai_saikou_no_ansatsusha_isekai_kizoku_ni_tensei_suru","世界上最优秀的刺客转世为异世界的贵族"
"sekai_seifuku:_bouryaku_no_zvezda","世界征服，星辰剧情"
"sekaiju_no_meikyuu","艾特里安奥德赛，巨兽的使命"
"sekaiju_no_meikyuu_1","艾特里安奥德赛_I"
"sekaiju_no_meikyuu_2","艾特里安奥德赛II"
"sekaiju_no_meikyuu_3","艾特里安奥德赛III"
"sekaiju_no_meikyuu_4","艾特里安奥德赛IV"
"sekaiju_no_meikyuu_5","艾特里安奥德赛_V"
"sekaiju_no_meikyuu_x","艾特里安奥德赛节点"
"seki_(red_shine)","又名_红光"
"sekihara_umina","鳗鱼烧"
"sekijaku","红杰克_036"
"sekine_irie","关根伊莉"
"sekine_shiori","关根"
"sekira_ame","剑风传奇"
"sekiutsu_maria_tarou","塞久茨·玛丽亚·塔罗"
"sekoshi_(some1else45)","塞科希_(jheflow45)"
"sela_(23)","23号的深色皮肤女孩，深色皮肤女孩（23），real_xxiii的深色皮肤女孩"
"selena_(fire_emblem_fates)","露娜_(火焰之纹章IF)"
"selena_(fire_emblem:_the_sacred_stones)","塞莉娜_(火焰之纹章)"
"selena_(pgr)","塞莱娜_（惩罚模式：灰鸦）"
"selena:_capriccio_(pgr)","塞莱娜：_卡普里奇奥_（惩罚：_灰鸦_）"
"selena:_tempest_(pgr)","塞莱娜：_风暴_（惩罚：_灰鸦_）"
"selene_(pokemon)","水树_宝可梦，月亮_宝可梦"
"selettrice_vaalmonica","瓦尔莫妮卡·斯克莱塔"
"self_fondle","女性自慰"
"self-harm","自残，自我伤害，身体毁损"
"self-portrait","自画像"
"self-upload","用户上传"
"selfcest","(同一人但不同版本或形象)自攻自受"
"selfie","自拍"
"seliph_(fire_emblem)","塞莉丝_(火焰之纹章)"
"selka_zuberg","塞尔卡·舒贝格"
"selkie_(fire_emblem)","火之纹章基努"
"sella_(fate)","塞拉"
"semi_(p-poco)","半决赛战斗"
"semi-circular_eyewear","半圆形眼镜"
"semi-rimless_eyewear","无上框眼镜"
"semikichi","埴轮狗"
"sen_(sansui)","安祖_(onelelee)"
"sen_no_kiseki_i","雪之奇迹，冷钢之痕"
"sen_no_kiseki_ii","圣之奇迹2，冷钢之痕II"
"sen_no_kiseki_iii","圣之奇迹3，冷钢之痕III"
"sen_no_kiseki_iv","圣之奇迹4，冷钢之痕IV"
"sen_squid","可玛玛娃"
"sen_to_chihiro_no_kamikakushi","千与千寻"
"sen_yousoro","千代由里子，徐福"
"sen'yuu_yuuji","千鸟由宇治"
"sena_(blue_archive)","冰室泉"
"senbata-roh","剑拔弩张的氛围"
"senbei","米饼，煎饼（食品）"
"senbei_(roof-lock)","煎饼_(pixiv631257)"
"senbonsang","彩美君"
"senbonzakura_(vocaloid)","千本樱_（VOCALOID）"
"sencha_(senchat)","千夏酱"
"sendai_(kancolle)","仙台_(舰队Collection)"
"sendai_hakurei_no_miko","白玲巫女"
"sendou_yukari","千堂由香里"
"sengoku_musou","武士战士"
"sengoku_otome","战斗少女：时间悖论"
"senhappyaku","一八雷雷"
"senji_(tegone_spike)","奥由_(尼巴森)"
"senji_muramasa_(fate)","限定版/零过量，源赖政（Fate）"
"senjou_no_valkyria_(series)","战场的女武神，女武神编年史（系列）"
"senki_zesshou_symphogear","战姬绝唱Symphogear XV"
"senkou_hanabi","千子花火"
"senkou_no_flash","华丽闪光效果"
"senkou_no_ronde","千子之轮舞"
"senkou_noah","kara_(exovum)，卡拉_外胚层"
"senkyoushi_gondolf","贡多夫"
"senmen_kinuko","猪原之助"
"senmu_(0107)","二之前"
"senmura","森姆茨"
"sennen_joyuu","千禧年女演员"
"sennen_sensou_aigis","艾吉斯与千年战争"
"sennin_mode","忍术模式_火影忍者"
"senno_aki","顿科（斯尼克）"
"seno_(senohime)","miyo_(user_zdsp7735)，美代_(用户_zdsp7735)"
"senoo_chihogi","千叶千穗"
"senpai_ga_uzai_kouhai_no_hanashi","我的学长真烦人"
"senpai-san_(douki-chan)","奥久留美舞子"
"senra_(utaite)","千良奈（歌手）"
"senran_kagura","恋乱神乐（系列）"
"senran_kagura_shoujo-tachi_no_shin'ei","战乱神乐少女们的光辉"
"senri_gan","甘_(沙弥牟尼)"
"senri_mana","凯撒洞察，玛娜森里（公主连结！），森里玛娜（公主连结！）"
"senritsu","《全职猎人》旋律"
"senryuu_shoujo","千流女孩"
"sentai_daishikkaku","加油！_加油！_失败者游骑兵，游骑兵被拒"
"sentaku_nori","alpha_(eren_mfmf)，阿尔法_(eren_mfmf)"
"sento_(iroiro_gottani)","泉都_(艺术家)"
"sentou_yousei_yukikaze","雪风"
"sentouin_hakenshimasu!","战斗人员即将被派出！，先斗院，发动钩爪！，先斗院发动钩爪！"
"sentouryoku_5","努力73，全身力量5"
"sentry_turret_(portal)","塔楼_传送门"
"senukin","霍尼·博加尔"
"senyoku_no_sigrdrifa","西格德瑞法的军阀们"
"seo_jaiil","SEO Jae Il，徐世宰"
"seo_tatsuya","伊利诺伊烟草，泰迪广场"
"seofon_(granblue_fantasy)","七人组"
"seol_(baconontheclock)","钟表上的培根，sc_cex"
"seong_mi-na","成美娜，成米娜"
"seorang","PN像素风"
"seox_(granblue_fantasy)","六人组_碧蓝幻想"
"sephiroth_(ever_crisis)","赛菲罗斯_年轻形态"
"sepia","深棕色|乌贼墨色"
"sepia_(kilikasumi)","ikasumi_(user_gsgn4323)，互惠学位"
"seppuku","切腹"
"sera_(mega_man)","sera_（洛克人冲刺）"
"sera_narumu","塞尔拉努鲁"
"serafineart1001","emi_(kottonart)，艾米（科顿艺术）"
"serafleur","阿比盖尔·迪亚兹"
"serafuku","水手服"
"seraph","天使族"
"seraphim_throne","保罗·埃斯帕纳"
"serebi_ryousangata","可丽贝里优桑加塔，塞雷比里优桑加塔_（pixiv25994）"
"serena_(pokemon)","女性主角（宝可梦XY），Y娜·加贝娜，Y（宝可梦），伊冯娜·加贝娜，伊冯娜（宝可梦）"
"serena_(yu-gi-oh!)","塞丽娜_(游戏王！)"
"serenade_(sinohi)","小夜曲_(pixiv556801)"
"sereneandsilent","塞雷纳塔工作室"
"sergei_(pattundo)","谢尔盖_（艺术家）"
"sergei_smirnov","谢尔盖·斯米尔诺夫"
"serial_experiments_lain","/选角"
"serie_niai","音乐灵魂"
"serieru_(summertosuika)","seriel_alex_dubova，seriel_(夏日幻想曲)"
"serika_(blue_archive)","黑美瑟丽卡"
"serika_(new_year)_(blue_archive)","黑美瑟莉卡_新年特辑"
"serika_(swimsuit)_(blue_archive)","黑美瑟丽卡_（泳装）"
"serilly_(puyopuyo)","seriri_（泡泡龙）"
"serina_(blue_archive)","墨色瑟丽娜"
"serina_(christmas)_(blue_archive)","sumi_serina_（圣诞版）"
"serina_(nurse)_(blue_archive)","墨色塞丽娜_护士"
"serious","严肃的"
"seripa","法莎_(龙珠)"
"serizawa_(serizawaroom)","希望之光"
"sero_hanta","玻璃纸_(我的英雄学院)"
"serval_tail","薮猫尾巴"
"servant","从者"
"servbot_(mega_man)","小文，服务机器人"
"serving_dome","钟形杯_(餐具)"
"sesena_yau","可可基科"
"sessyoin_kiara","剑心·基亚拉"
"sessyoin_kiara_(beast_iii/r)","剑心·基娅拉_(野兽III/R)"
"sessyoin_kiara_(lily)","雪舟琪亚拉（百合）"
"sessyoin_kiara_(swimsuit_mooncancer)","瑟修因·基阿拉（月亮巨蟹座泳装），瑟修因·基阿拉（月亮巨蟹座泳装）（命运）"
"sessyoin_kiara_(swimsuit_mooncancer)_(first_ascension)","雪舟琪亚拉（泳装·巨蟹座）（首次登场）"
"sessyoin_kiara_(swimsuit_mooncancer)_(second_ascension)","雪舟琪亚拉_（泳装·巨蟹座）_（第二次升华）"
"sessyoin_kiara_(swimsuit_mooncancer)_(third_ascension)","雪乡姬亚拉（泳装·巨蟹座）（第三次升华）"
"seta_(seta105)","toko_(user_vtuf3222)，托科_（用户vtuf3222）"
"setakman","帕尼春"
"seto_no_hanayome","我的新娘是人鱼，我的新娘是人鱼"
"seto_sun","濑户桑"
"seto_tinami","濑户千波美"
"setsu_(dream_c_club)","setu_(dream_c_club)，塞图_(梦之C俱乐部)"
"setsuaiart","集英漫画"
"setsubun","节分习俗"
"setsuna_(fire_emblem)","节乃_(火焰之纹章IF)"
"setsuna_(kaiyari)","节乃_（假面骑士的胜利者）"
"setsuna_f._seiei","节奈_F_清影"
"seu_kaname","seu_(hutotomomo)，胡托托莫莫风格"
"seum_(kao_husband)","阿切尔努娜，萨瑟姆_（鹿之差异），萨瑟姆_（脸夫），萨瑟姆_（普伊普伊神殿）"
"seumol_sx","小尺寸版"
"seven_(shijima)","无穆，八代（银之意志）"
"seven-branched_sword","七色头"
"sevenotsu","微博_7470661336"
"severa_(fire_emblem)","塞莱娜_火焰之纹章"
"severed_head","断下来的头"
"severed_limb","断裂的肢体"
"severed_penis","阴茎切除术"
"sewayaki_kitsune_no_senko-san","乐于助人的仙子桑狐狸"
"sewing","缝纫"
"sewing_needle","缝衣针"
"sex","性交"
"sex_from_behind","泛指从身后插入的体位"
"sex_machine","机械奸"
"sex_toy","性爱玩具"
"sex_toy_pull","肛门珠拉扯"
"sextuplets","六人组"
"sexual_coaching","性辅导"
"sexually_suggestive","性暗示"
"sexy_guilty_(idolmaster)","性感且心怀愧疚"
"sezok","色情内容"
"sf_choujigen_densetsu_rall","超次元科幻传奇集结"
"sf-a2_miki","美希，美希_（VOCALOID）"
"sgholln","铆钉_(vvrn2825)"
"sgt_crisis","Buff危机，点火危机，斯尼德姆"
"sgt_lonely","sola_(中士微笑)"
"sh_(shinh)","sh_(562835932)，角色名"
"sha_(siasha0104)","1-4daithi，神秘感，悬疑氛围，诡谲风格"
"shachi_no_maru","八千代先生"
"shachiku-san_wa_youjo_yuurei_ni_iyasaretai.","沙琪库小姐与小鬼婴"
"shackles","手铐|镣铐|枷锁"
"shade","日荫"
"shaded_face","阴沉脸"
"shading_eyes","遮阳手势"
"shadman","阴影基底"
"shadow","阴影"
"shadow_cat_(yingmiao)","恐怖猫咪，暗影猫咪_(u9nej2qzq9vzxcf)"
"shadow_man_(mega_man)","影子人"
"shagaihi","绝密级机密"
"shaiapouf","《死神》中的蒲芙"
"shaka_sign","叫我手手，手机手"
"shako_(shaco_flat)","大量火焰"
"shako_cap","乐队礼帽"
"shakti_(elsword)","湿婆_(艾尔之剑)，湿婆_(艾尔之剑)"
"shakugan_no_shana","写轮眼觉醒，/社交媒体"
"shakujou","卡卡哈拉，僧侣法杖（佛教），沙丘城，发声法杖"
"shakunetsu_no_takkyuu_musume","炽热乒乓球少女"
"shakuyaku_(one_piece)","夏奇_海贼王"
"shallow_water","浅水"
"shaman_king","假扮女王"
"shameimaru_aya","/sa，二次元风格，动漫风"
"shamir_nevrand","沙米尔·纳夫兰特"
"shamisen","三味线（乐器）"
"shamisen_(syami_sen)","小吉_K"
"shamoji","饭铲，饭勺"
"shampoo_(ranma_1/2)","《乱马1/2》洗发水"
"shamu_(peach11_01)","桃子11_01"
"shan_far","杉树_远处"
"shanghai","上海（城市）"
"shangri-la_(utopia's_collector)_(azur_lane)","香格里拉_（收藏家乐园）_（碧蓝航线）"
"shanguier","变态狂"
"shangurira","混血"
"shanks_(one_piece)","香克斯"
"shanna_(fire_emblem)","感谢"
"shannan_(fire_emblem)","莎南_(火焰之纹章)"
"shantae","香黛儿_(角色)"
"shantianajiang","惊魂之夜"
"shao_(shaorouhong)","少_（muchechecheche），少_（shao09320653）"
"shao_ziye","少子叶520"
"shaoviie","sjao_（用户puww5733）"
"shapoco","西耶戈"
"shared_bathing","共浴|鸳鸯浴"
"shared_food","共享食物|用嘴递食物"
"shared_object_insertion","共用假阳具，共同插入"
"shared_scarf","共用一条围巾"
"shared_umbrella","相合伞"
"sharen","呵呵呵嘶嘎嘶嘎"
"sharena_(fire_emblem)","莎蕾娜"
"sharena_(spring_princess)_(fire_emblem)","莎蕾娜_（春天）_（火焰之纹章）"
"sharifah_ozdil_(tukikagerou)","沙里法·奥兹迪尔"
"shark","鲨鱼"
"shark_bag","鲨鱼背包"
"sharku_(user_ymua2354)","坏鲨鱼"
"sharla_(xenoblade)","卡娜_(异度神剑)"
"sharon_(grs-)","短上衣_(grs-)"
"sharp_fingernails","锐利的手指甲"
"sharp_teeth","鲨鱼牙|锯齿牙"
"sharp_toenails","锐利的脚趾甲"
"sharuru_(dokidoki!_precure)","夏露露_(光之美少女)"
"shary_corvette","雪莉_（圣剑学院的女仆）"
"shashaki","tdnd-96，龙与地下城96"
"shatiko","沙蒂"
"shaun_healey","恩德林"
"shauna_(pokemon)","沙娜_(宝可梦)"
"shauntal_(pokemon)","柴米_(宝可梦)"
"shaved_ice","刨冰"
"shaving_crotch","剃毛阴部"
"shawl","披巾|披帛"
"shayubi","发条装置2357"
"she_taizi","抽卡玩法"
"she-slime","史莱姆贝丝"
"sheath","刀鞘|护套"
"sheathed","戴着护套的|入鞘的"
"sheba_(golden_sun)","柴犬_金色的太阳"
"sheba_(xenoblade)","凛妮_(异度神剑)"
"shedding","蜕皮，换羽"
"sheena_(fire_emblem)","希玛"
"sheep","羊"
"sheep_ears","羊耳"
"sheep_girl","羊女孩"
"sheep_horns","羊角"
"sheer_clothes","透明的衣服"
"sheer_legwear","透明的裤袜"
"sheet_grab","抓着床单"
"sheet_music","乐谱"
"sheffield_(kancolle)","谢菲尔德_(舰姬Collection)"
"sheffy_(princess_connect!)","shefi_（公主连结！）"
"sheldon_(splatoon)","布基奇_(喷射战士)"
"shelf","架子"
"shell","贝壳"
"shell_(company)","荷兰皇家壳牌"
"shell_bikini","贝壳比基尼"
"shell_casing","弹药匣"
"shell_earrings","贝壳耳环，贝壳耳饰"
"shell_hair_ornament","贝壳发饰"
"shell_necklace","贝壳项链"
"shell_print","贝壳印花"
"shelly_(pokemon)","泉_(宝可梦)"
"shen_shipi_(agil548g6h6)","舰船，蛇形平移"
"shenanimation","shenaniganxxxa，隐身布洛克"
"shenbei_xiaoqiu","将军"
"shengtian","安静的"
"shennong_(housamo)","神农_（东京放课后的召唤师）"
"shenqi_de_(9)","用户cypj3485"
"shenqi_xiaohuang","黄昏边境，微光离去"
"shenron_(dragon_ball)","神龙_（龙珠）"
"shepherd_(pikmin)","埃尔玛·谢泼德"
"sherlock_holmes_(fate)","夏洛克·福尔摩斯（命运/冠位指定）"
"sheryl_nome","谢丽尔·诺姆"
"shevarion_(sheva_god)","奥莉辛，新鬼郎_(S-K-W)"
"sheyona","托纳永"
"shez_(female)_(fire_emblem)","shez_(火之纹章)_(女性角色)"
"shez_(male)_(fire_emblem)","shez_(火之纹章)_(男性)"
"shi_chimi","sdr_roll0808，高岛拓"
"shi_huang_di_(fate)","第一皇帝（命运），秦始皇（命运），秦始皇（命运/伟大秩序）"
"shi-long_lang","龙之泣"
"shia_flatpaddy","shia_(syroh)，希亚_(西罗)"
"shiba_inu","柴犬"
"shiba_nanasei","名魔"
"shibakonoki","可可达"
"shibakure_inuwo","犬类插画"
"shibanme_tekikumo","戴夏虎"
"shibari","绳缚"
"shibari_over_clothes","着衣绑缚"
"shibasaki_shouji","柴犬村正治"
"shibasoda","soda_259，苏打水_259"
"shibata_masahiro","惠理香校舍"
"shibaya_toshimi","托希米_(K-On!)"
"shibenc16e4","石瓣_(ugvu5784)"
"shibuki_kamone","海棠小菊"
"shichi_(ratorin53)","ritta_(abmnoworld)，里塔_(abmnoworld)"
"shichigatsu","七月_(七月)"
"shichimenchou","下流画面，低俗内容"
"shichinose","司城野"
"shichouson","埃塔法伊"
"shida_(xwheel)","志田小夏，轮式滑板"
"shidare_(youh4016)","yuu_(youh4016)，由由_(youh4016)"
"shide","纸垂"
"shiden_(sashimi_no_wife)","志田人_(pixiv134033)，志田人雷电"
"shiduki_eku","exion_（霓虹色）"
"shield","盾"
"shield_module","假肢护盾，护盾手臂"
"shift_(waage)","shift_(0808)，位移效果"
"shigatsu_wa_kimi_no_uso","四月里的谎言"
"shigehiro_(hiroi_heya)","茂广_艺术家"
"shigeshiro_hideto","茂野修"
"shigino_sohuzi","宗次"
"shiguang_dailiren","点击链接"
"shiguilinga","龟叔"
"shigure_(blue_archive)","雾雨梅代"
"shigure_(fire_emblem)","时雨_火焰之纹章IF"
"shigure_(hot_spring)_(blue_archive)","雾雨真由衣_温泉场景"
"shigure_(kancolle)","时雨_舰队Collection"
"shigure_(sigre)","黑猫_（画师名）"
"shigure_ryuunosuke","雪梨-P"
"shigure_s","志古鲁"
"shigure_ui_(vtuber)_(1st_costume)","雪雾界面_（第一套服装）_（虚拟主播）"
"shigure_ui_(vtuber)_(2nd_costume)","雪雾_UI_（第二套服装）_（虚拟主播）"
"shigure_ui_(vtuber)_(casual)","雪绘UI_第四套服装_VTuber，雪绘UI_休闲装_VTuber，雪绘UI_VTuber_第四套服装"
"shigure_ui_(vtuber)_(young)","雪梨UI_（第三套服装）_（虚拟主播），雪梨UI_（虚拟主播）_（第三套服装），雪梨UI_（年轻版）_（虚拟主播）"
"shigureszku","朝仓1540"
"shigureteki","雪雾_(pixiv10117)"
"shiguri","阿瓦奇_(阿哇娃)"
"shih-na","椎名_（逆転検事）"
"shihatsu-chan_(densya_t)","电浆塔"
"shii595","椎名田"
"shiika_sadamasa","西卡"
"shiina_excel","excel_(shena)，艾克塞尔_(雪娜)"
"shiina_mahiru_(otonari_no_tenshi-sama)","椎名真梨子"
"shiina_mayuri","间宫五月_(命运石之门)"
"shiina_you_(tomoshibi)","友枝桃子"
"shiina_yuuki","紫乃由纪"
"shiinyan","417塔卡"
"shiira_(nya_rl)","喵啦_rl"
"shiisaa","石狮像"
"shijima_(shijima_tc)","拥有百条腿的她"
"shijima_(tanfn)","静马_(tanfn)"
"shijou_mitsuki","志城美月"
"shijou_saikyou_no_daimaou_murabito_a_ni_tensei_suru","最伟大的魔王转世成了一个普通的小人物"
"shijou_saikyou_no_deshi_ken'ichi","健一：最强大的弟子，世界最强弟子健一"
"shikai","死神界_(死神)"
"shikai_no_sumi_kuchiru_oto","该提升什么"
"shikanoko_nokonoko_koshitantan","我的鹿友诺科坦"
"shikarii","五光"
"shikaya","水无月（sui27shika）"
"shiki_(love-saber)","爱之剑，诗织_（爱之剑）"
"shiki_(shiki1230)","黑羽1873"
"shiki_eiki","时计回廊夜叉曼荼罗，时计回廊夜叉曼荼罗，/syx"
"shiki_eiki_(cosplay)","志贵爱衣_夜叉神奈都_（角色扮演）"
"shiki_hinako","雏花_牛奶蒂叶片，南木崎"
"shiki_kyouzoku","奥丽莎-EX"
"shiki_takuto","心之401"
"shikido_(khf)","chahora_(siki_dos)，查霍拉（双穴）"
"shikigami","式神"
"shikigami_no_shiro","式神白"
"shikimori_miyako","志喜屋森_（不只是可爱），志喜屋森米琼"
"shikinagi","基基·奥基纳"
"shikinami_(kancolle)","志木波美_(舰队Collection)"
"shikino_yuki","色气十足的尤金子"
"shikinyan","志贵_(pixiv380383)"
"shikishi","色纸"
"shikishima_(eiri)","志贵岛_(pixiv)"
"shikito_(yawa0w0)","志贵人"
"shikiwo","式子屋"
"shikushiku_(amamori_weekly)","西西库库"
"shikyoin_hibiki","志强院响"
"shiling","石灵"
"shima_(fm_90mhz)","茜_(akane0c)"
"shima_(utaite)","岛_(niconico)"
"shima_(vivi_do)","岛田_（booz9）"
"shima_chiyo","岛田蒂约"
"shimada_fumikane","岛田熏香"
"shimada_sarasara","枫堂多，水野桑，岛田莎拉"
"shimadoriru","条纹图案_圆形"
"shimakaze_(kancolle)","疾风_(舰姬Collection)，折纸"
"shimakaze_(soundz_of_bell)","疾风"
"shimakaze_(world's_speediest_bunny_waitress)_(azur_lane)","疾风_(最快兔子的邀请)_（碧蓝航线）"
"shimakura_asado","烤肉0000"
"shimanoji","岛之巫女_（加号）"
"shimarisu_yukichi","雪吉酱"
"shimashi_(mori_no_sato)","森之里沙子，森野里沙子_SMSM"
"shimazaki_mujirushi","岛崎和美"
"shimekake","小桃羊驼"
"shimeko","二之桜"
"shimenawa","注连绳|七五三绳"
"shimesaba_(simesabaikka)","可爱少女"
"shimiko_(blue_archive)","远藤志美子"
"shiming_liangjing","ro_(aahnn)，罗_（啊嗯）"
"shimizu_akina","秋奈_(akn_646)"
"shimizu_kyouko","《K-On！》中的女孩，长得像《死神》里的露琪亚"
"shimizu_pem","烧岳"
"shimo_(depthbomb)","深度炸弹，下野_（pixiv14753）"
"shimofuji_jun","托鲁_（纯真境）"
"shimomura_watari","冰霜村人"
"shimoneta_to_iu_gainen_ga_sonzai_shinai_taikutsu_na_sekai","志乃田：_一个不存在低俗笑话概念的无趣世界"
"shimosazami","诺拉萨扎米，下萨米"
"shimotsuki_juugo","无质量标签"
"shimotsuki_noboru","原因，11月27日并非真实日期"
"shimotsuki_potofu","佩罗达波托夫，波托夫酱_(pepepe)"
"shimotsuki_shio","岛月盐"
"shimouki_izui","太师_（莫里维琳），下浮坠"
"shimura_(hosshi)","可爱女角色，平假名风格"
"shimure_(460)","凉宫春日"
"shimushu_(kancolle)","岛守_(舰队Collection)"
"shin_(new)","嗖的一下，新本铺"
"shin_guards","胫甲"
"shin_jigen_game_neptune_vii","巨型维度海王星7"
"shin_mazinger_shougeki!_z-hen","魔神Z版_：冲击！"
"shin_megami_tensei_iii:_nocturne","神界战记：路西法的召唤，神界战记：夜曲，神界战记夜曲版"
"shin_no_nakama_janai_to_yuusha_no_party_wo_oidasareta_no_de_henkyou_de_slow_life_suru_koto_ni_shimashita","被逐出英雄小队，我决定在乡下过平静的生活"
"shin_no_tenpii","sinnop10，辛诺普10"
"shin_sakura_taisen","新樱花大战，樱花大战（2019）"
"shin_sangoku_musou","大航海时代战争"
"shin_sekai_yori","来自新世界，来自新世界"
"shin_sekaiju_no_meikyuu","《艾特里安奥德赛》未公开内容"
"shin_sekaiju_no_meikyuu_2","艾特里安奥德赛2未解之谜"
"shin_subarashiki_kono_sekai","neo：_世界因你而终结"
"shin_yomawari","夜话：午夜阴影"
"shin-ah_(akatsuki_no_yona)","志奈华_（夜之幽兰），心羽_（夜之幽兰），辛哈_（夜之幽兰）"
"shin'en-san_(shin'en)","信延桑"
"shin'ya_(nanp)","志也_(nanpp)"
"shin'ya_(shin'yanchi)","shinya_（艺术家），shinya_（shinyanchi）"
"shin'ya_natsuki","新谷真也"
"shin'yashiki","闪亮屋"
"shin'you_(kancolle)","真由_舰队Collection"
"shinabita_nasubi","多莫桑桑"
"shinagawa_mikuzu","美久丝"
"shinai","竹刀"
"shinama","布阿基"
"shinano_(dreams_of_the_hazy_moon)_(azur_lane)","信浓_（朦胧月光）_（碧蓝航线）"
"shinano_(kancolle)","信浓_(舰队Collection)"
"shinashina","无表情"
"shinda_sekai_sensen_uniform","死后世界战线制服"
"shindan_maker","二次元女体化梗"
"shindiyue","一巴海里桑"
"shindo_hachigo","星野娜兹娜"
"shindoi_akio","达肯酱"
"shindol","达胡奇，心堂埃鲁，心堂L，心堂尔"
"shindou_kamichi","新坂木"
"shine!!_(idolmaster)","闪耀！！"
"shing_(sorairo_factory)","星象北"
"shingeki_no_kyojin","进击的巨人"
"shingetsu_(doru0222)","紫罗兰色，浅紫色"
"shingetsu_takehito","竹人真月兔"
"shingo_(missing_link)","缺失链接"
"shingo.","名字过短"
"shinguji_korekiyo","新宫寺光辉"
"shingyoku_(touhou)","激情，热血"
"shingyou_(alexander-13)","城郭"
"shingyouji_tatsuya","双女角色"
"shinigami_bocchan_to_kuro_maid","死神公爵与他的女仆"
"shinigami_wyvern","42周孕龄"
"shinigami-sama","死亡领主"
"shining_(series)","光之力量"
"shining_finger","燃烧之指，黑暗之指，神之指"
"shining_force_i","光辉之力1"
"shinishi_chiho","皮罗希基123"
"shinjin-chan_(belko)","心心酱_(lolicept)"
"shinjin-chan_(douki-chan)","深色皮肤女孩_(yomu_(sgt_epper))，实习生_(douki-chan)，实习生_(yomu_(sgt_epper)))"
"shinjo_hinaki","心城日奈姬"
"shinjou_sadagiri","心痛不已"
"shinkai_no_valkyrie","女武神远征"
"shinkai_toro","托罗在"
"shinkawa_youji","新川洋二"
"shinki_(touhou)","新机兽"
"shinkon_gattai_godannar!!","神魂结合·神安纳尔，神魂结合·神安纳尔!!，神与灵魂的婚姻·神安纳尔，神与灵魂的婚姻·神安纳尔!!，真心合体·神安纳尔，真心合体·神安纳尔!"
"shinkon_santaku","洗澡还是晚餐还是我，晚餐还是洗澡还是我，好难过"
"shinkuro_sanagi","沙流_（ajtoekaki64166329）"
"shinkyoku_soukai_polyphonica","多声部音乐"
"shinmai_(kyata)","真实感"
"shinmai_ossan_bokensha","那位大叔的新手冒险家"
"shinmon_akika","伊雷邦，s_mika2000"
"shinn_asuka","新奈"
"shino_(mijinko)","志乃_(pixiv35037)"
"shino_(moment)","西诺西诺"
"shino_(shino-xx)","志乃_(shn)"
"shino_(shinokani)","志野_（巴拉格），志野_（希努欧），希努欧"
"shino_(shinoru_p)","志乃_(神兽宝可梦)"
"shinobi_(sekaiju)","忍者_巨兽"
"shinobu_(princess_connect!)","上木忍"
"shinobu_akira_(madoka_magica)","志乃布·明良_（魔法纪录）"
"shinocco","志乃子"
"shinohara_shinome","西诺西诺夫"
"shinohayu_the_dawn_of_age","沙季·新早苗，青春的黎明"
"shinoillust","迪诺兹"
"shinomiya_ino","阿玛伊莫莫"
"shinomu_(cinomoon)","村上龙牙，辰野达"
"shinon_(blue_archive)","崩坏的新之神"
"shinonome_(game_hakkutsu_tai)","多布罗库马鲁9"
"shinonome_(ichigotsuki)","糸琴"
"shinonome_asu","志贵_(s1k1xxx)"
"shinonome_halltro","椎名春人"
"shinonome_haru","新桃春"
"shinonome_kazuhiko","椎名一彦"
"shinonome_soichiro","篠之濑宗一郎"
"shinota12","用户_wuam7853"
"shinozaki_mesana_(madana)","篠崎美纱奈"
"shinozuka_atsuto","篠塚淳人"
"shinozuka_jouji","篠塚十次"
"shinrabanshou","真红半袖"
"shinryaku!_ikamusume","突袭！伊卡娘，鱿鱼女孩（系列）"
"shinryou_rei","真凉玲"
"shinsengumi","新选组"
"shinshia","忙碌的日常"
"shinshin","蒂吉妮"
"shinshun!_shishimai_robo_no_oshougatsu_show!_(project_sekai)","全新的一年！狮子舞机器人的新年表演！（project_sekai），新年快乐！狮子舞机器人的新年演出！（project_sekai）"
"shinshuu_maru_(kancolle)","新霜丸_（舰队Collection）"
"shinso_hitoshi","心藏仁志"
"shinsou_komachi","小町，新生小町"
"shintarou","信太郎"
"shiny","光泽"
"shiny_clothes","有光泽的衣服"
"shiny_hair","有光泽的 头发"
"shiny_pokemon","闪光宝可梦"
"shiny_skin","有光泽的皮肤"
"shiny_trinity_(idolmaster)","闪亮三女神"
"shio_(futatsumami)","盐崎16"
"shio_(shiofeifei)","shio_(7203802)，潮汐主题"
"shio_kouji_(shiokojii)","松里刚治"
"shio_midori","蒂迪米诺里"
"shioda_(shioda_5)","恩登，维普"
"shiohara_shin'ichi","盐原信一"
"shioinu_kemushi","苍色幻想"
"shiomi_kotone","女性主角（女神异闻录3），/FPP3"
"shiomi_syuko","塩見舒子"
"shiomugi_(shio_mugi1107)","shio_mugi1107，潮木1107"
"shion_(mirudakemann)","上原_（上原哈哈笑）"
"shion_(no.6)","西恩_6号"
"shion_(peach88)","希翁_（桃色百合缘）"
"shion_uzuki","宇月诗音"
"shiono_(0303)","好慢啊"
"shiori_(princess_connect!)","柏崎诗织"
"shiori_novella_(new_year)","诗织小说（第二套服装）"
"shiori2525","纳隆德杰·瓦查拉帕松"
"shiozaki_ibara","藤蔓_(我的英雄学院)"
"shiozaki_ise","虾田尼西"
"ship","船"
"shipii_(jigglypuff)","水镜_皮卡丘"
"shipping_(fandom)","关系扮演"
"shira_jun","莉莉哟"
"shirahama_kamome","佐藤_复古风"
"shirahane_nao","d_myo，美幼风格"
"shirai_tanuki","白色狸猫"
"shirai_yu","胡德笔，十。"
"shiraishi_kouhei","白石_(shirox)"
"shirakaba","鹿肉"
"shirakami_fubuki_(aristocrat_kei)","白神吹雪（第六套服装）"
"shirakami_fubuki_(fubukitek)","白神吹雪（第五套服装）"
"shirakami_fubuki_(hololive_summer_2019)","白神吹雪（第二套服装）"
"shirakami_fubuki_(loungewear)","白神吹雪（第七套服装）"
"shirakami_fubuki_(new_year)","白神吹雪（第四套服装）"
"shirakami_fubuki_(saint)","白神吹雪（第九套服装）"
"shirakami_fubuki_(street)","白神吹雪（第三套服装）"
"shirakawa_(whitemist)","白川_(pixiv_581344)"
"shirako_(kirupi)","奇鲁皮"
"shirane_koitsu","修二法西斯主义"
"shirane_nanimo","42白根"
"shirano","白野_淹没"
"shirano_akihiro","千户_千布子"
"shiranui_(kancolle)","白露_(舰姬Collection)"
"shiranui_flare_(loungewear)","白露之焰_（第五套服装）"
"shiranui_flare_(new_year)","白露之焰_第二套服装"
"shiranui_flare_(street)","白露之焰_（第三套服装）"
"shirasaka_pinaho","令人兴奋的情节"
"shirase_ui","橘UI"
"shirasu_uni","真白_里久耶"
"shirasuke_0822","白助0822"
"shiratama_(monster1553)","玉子_(monster1553)"
"shiratama_(shiratamaco)","萨里科"
"shiratama_dango","dangoya_（pixiv31955913），白玉丸"
"shiratori_suzune","白鸟铃音"
"shiratori_yokikana","丢失的狗狗121"
"shiratsuki_shiori","闪亮的新星"
"shiratsuyu_(kancolle)","白露_(舰队Collection)"
"shirayuki_(kancolle)","白雪_(舰队Collection)"
"shirayuki_shoushirou","提拉尤金"
"shirin_(tsukimiyagura)","八头龙"
"shirley_(fate)","雪莉_(命运/零)"
"shiro_(branch0126)","白虎_0126"
"shiro_(fire_emblem)","紫苑子_(火焰之纹章IF)"
"shiro_(mignon)","白酱酱_可爱版"
"shiro_(tamago_no_kara)","奇卡伊德·雷吉霍罗，白郎，士郎"
"shiro_ami","emuki_（军队之魂）"
"shiro_hebi_rei","蛇类_5291"
"shiro_no_musume_(vocaloid)","白色之女_(VOCALOID)"
"shiro_seijo_to_kuro_bokushi","圣塞西莉亚与劳伦斯神父"
"shiro_wa_(shiroshironix)","白色即"
"shirobako","白色背景框"
"shirocha_tei","无名手办"
"shiroe_(log_horizon)","白江"
"shirogane_(funamusea)","白银_(冰淇淋)"
"shirogane_lily","白银莉莉"
"shirogane_noel_(casual)","白银圣诞节_(第三套服装)"
"shirogane_noel_(dirndl)","白银圣诞节_(第四套服装)"
"shirogane_noel_(new_year)","白银圣诞（第二套服装）"
"shirogane_noel_(school_uniform)","白银圣诞节_（第六套服装）"
"shirohebidou","恋爱"
"shiroi_ou","嗨~"
"shiroi_yoru","彩雪_(26659796)"
"shiroino_(shirayuki_mutsuki)","白雪 Mutsumi，Shiro_1213"
"shiroko_(blue_archive)","须奈大神 白子"
"shiroko_(cycling)_(blue_archive)","须奈大神白子_（骑行）"
"shiroko_(swimsuit)_(blue_archive)","须奈大神 白子_（泳装）"
"shiroko_(young)_(blue_archive)","须奈大神 白子_年轻版"
"shiroko_terror_(blue_archive)","白子_(恐怖)_(蓝档)"
"shirokuma_(nankyoku)","白熊"
"shirokuma_a","梅鲁菲娜"
"shirokuma-kun","白熊君000"
"shirokumall","门掉落"
"shirokuni_ochiho","触手特工"
"shiromiya_asuka_(kuromiya)","白宫亚丝卡"
"shiromoca","八代"
"shiromochi_sakura","白桃"
"shiromoru_(yozakura_rety)","樱花旅馆"
"shiron_(moze)","也许"
"shirorin_(ballet_girl's)","里基多"
"shirosaki_london","lalala222，白酒伦敦篇"
"shirosaki20725","罗皮·卡贝乌奇"
"shiroshi_(denpa_eshidan)","白狐"
"shirota_dai","白田"
"shirotategosha","白玉兔"
"shirotsuki_shirone","诺里莫萨1216"
"shirotsumekusa","疯狂三叶草俱乐部"
"shirou_(bear)_(fate)","士郎_(命运/冠位指定)"
"shirow_masamune","正宗志郎"
"shirt","衬衫"
"shirt_behind_neck","套头衬衫"
"shirt_bow","领结衬衫"
"shirt_cut_meme","衬衫剪裁_（迷因）"
"shirt_lift","拉起掀起卷起衬衫"
"shirt_partially_tucked_in","衬衫下摆半塞进裤腰"
"shirt_pull","拉开衬衫"
"shirt_removed","脱下衬衫"
"shirt_tucked_in","衬衫外有其他衣服"
"shirt_tug","扯住衬衫"
"shirtless","赤膊的(男性)"
"shiruko_(27anko)","白子27安子"
"shiruko_(food)","お汁粉_食物"
"shirushi_(in)","n_in_n内部结构"
"shirushi_06","沙藤_(用户_hgzc3532)"
"shisei_(kyuushoku_banchou)","视觉效果"
"shishamo_(domado)","多玛_（真冬乱舞），红发少年，颤抖的名字"
"shishamo_712","流行音乐17"
"shishi_juuroku","狮子_(321_0819)"
"shishigami_(sunagimo)","死神_(Pixiv)"
"shishiky","四色眼"
"shishimaru_ken'ya","利奥圆环，志志马鲁·肯尼亚"
"shishin_(shishintei)","石川达也"
"shishio_chris","狮子王克里斯"
"shishiou_(touken_ranbu)","狮子王"
"shishiou_gai","桂木健儿，桂木盖伊，桂木健儿"
"shishiro_botan_(button-down)","白城植物人_第三套服装"
"shishiro_botan_(casual)","白城植物人_第四套服装"
"shishiro_botan_(new_year)","白城植物人_第二套服装"
"shishishi","罗罗哈"
"shisui","水无月101"
"shitajiki","铅笔板"
"shiteyan'yo","糟糕透顶"
"shitogi_eris","志户木艾丽丝"
"shitty_admiral_(phrase)","糟糕的海军上将"
"shiva_(housamo)","湿婆_（东京放课后的召唤师）"
"shiva_(tairakuten)","湿婆_(约翰-S)"
"shiwudesu","四武苍郎"
"shixin_changjinglu","yy-_-yy_（雅瑶瑶耶）"
"shiyoheee","神之利刃"
"shizui_fen","芬芬芬芬"
"shizuki_aya","艾雅西亚"
"shizuko_(blue_archive)","可怜的静子"
"shizuko_(swimsuit)_(blue_archive)","可怜的静子_（泳装）"
"shizuku_murasaki","滴_(猎人×猎人)"
"shizuna_kaede","冰沙"
"shizuru_(princess_connect!)","星野静流"
"shizuwa_akira","静水波纹效果"
"shnva","忍野"
"sho_(sho_lwlw)","MRTPKids角色"
"sho_(sho_oe4)","修_森博罗"
"shoboon","绘本风格"
"shocho_(shaojiujiu)","lem_(user_rfam2785)，用户rfam2785创建的标签"
"shockwave","爆炸波，冲击波，震波"
"shoe_dangle","用脚趾吊着鞋"
"shoe_soles","鞋底"
"shoelaces","鞋带"
"shoes","鞋子"
"shoes_removed","脱下的鞋"
"shogi","将棋"
"shogi_piece","将棋棋子"
"shoichi_(ekakijin)","sho_(shoichi-kokubun)，翔一国分"
"shoji_mezo","修二·梅祖，触手怪（我的英雄学院）"
"shokatsuryou","红梅"
"shokei_shoujo_no_virgin_road","执行者与她的生活方式"
"shokobr","日常羞耻录"
"shokuen_(oxstl)","shio_(oxstl)，潮汐_(oxstl)"
"shokugeki_no_souma","美食战争！，厨艺的灵魂"
"shokushi_yuu","悠太_(nvkdighqqs94fg)"
"shokuyou_koori","烧肉"
"shoohee","21498，修黑"
"shooting_star","流星"
"shop","店铺"
"shop_p","购物，逛街"
"shopping","购物"
"shopping_bag","购物袋"
"shopping_cart","购物车，手推车"
"shore","岸"
"shorekeeper_(wuthering_waves)","《守岸人》（惊涛骇浪）"
"short_dress","短裙"
"short_eyebrows","豆豆眉|短眉毛"
"short_hair","短发"
"short_hair_with_long_locks","扎起或卷起一部分长发"
"short_jumpsuit","短裤腿连体衣"
"short_kimono","短下摆和服"
"short_necktie","短领带"
"short_over_long_sleeves","内侧穿着长袖外面套着短袖衣服"
"short_ponytail","短马尾"
"short_shorts","热裤"
"short_sleeves","短袖"
"short_sword","短剑"
"short_twintails","短双尾发型"
"short-sleeved_jacket","短袖夹克"
"short-sleeved_sweater","短袖毛衣"
"shorts","短裤"
"shorts_pull","褪下短裤"
"shorts_under_skirt","短裙里穿着短裤"
"shortstack","短发堆叠造型"
"shoshinsha_mark","新手驾驶员标记，新驾驶员标记，若叶标记"
"shotgun","霰弹枪"
"shotgun_shell","霰弹枪子弹"
"shotgunman","tia_(tia_1207)，蒂亚"
"shou_xian_wu","春加版"
"shougi","将棋"
"shougi_(116)","修二116"
"shougo-akira","克罗波基"
"shouhou_(kancolle)","少女_(舰队Collection)"
"shouji","障子"
"shouji_nigou","修二_2"
"shoujo_kakumei_utena","革命少女乌蒂娜"
"shoujo_kakumei_utena_adolescence_mokushiroku","宇田奈的青春期，革命少女宇田奈的青春期末日，电影版革命少女宇田奈"
"shoujo_kitou-chuu","少女祈祷中"
"shoujo_l","雪乃美奈"
"shoujo_mahou_gaku_littlewitch_romanesque","少女魔法典籍，小女巫，浪漫风格，少女魔法学校，小女巫，浪漫风格"
"shoujo_shin'iki_shoujo_tengoku","第五兽园"
"shoujo_shuumatsu_ryokou","女孩们的最后巡演"
"shoujo-tachi_wa_kouya_wo_mezasu","荒原之外的少女们"
"shouka_(ly880217)","02_我讨厌99"
"shoukaku_(kancolle)","翔鹤_(舰队Collection)"
"shoulder_armor","肩甲"
"shoulder_bag","挎包|单肩背包"
"shoulder_blades","肩胛骨"
"shoulder_carry","肩扛"
"shoulder_cutout","露肩装"
"shoulder_holster","肩带式枪套"
"shoulder_pads","垫肩"
"shoulder_spikes","带尖刺的肩部"
"shoulder_tattoo","肩部纹身"
"shouma_(bravespiritya)","勇敢精神A"
"shoumaru_(gadget_box)","小丸"
"shounan_ruizu","玛丽莫天冲"
"shounen_democratica","价值"
"shounibyou_(shonibyodayo)","让世界明亮起来"
"shouno_kotarou","新世界"
"shourai","蛋类危险"
"shouryouuma","灵马"
"shouryuuken","升龙拳"
"shouting","喊叫"
"shouxishao_jiuyuan","九原江"
"shovel","铲子"
"shower_head","淋浴喷头"
"showering","淋浴"
"showgirl_skirt","展会女郎装束"
"showing_baby_to_a_supermarket_camera_(meme)","看到我弟弟和他宝宝的这张照片简直笑疯了（迷因）"
"showtime_illusion_(idolmaster)","演出时刻的幻觉"
"shrenne_(project_moon)","shrenne_(limbus_company)，施雷恩妮（利姆布斯公司）"
"shrimp","虾"
"shrimp_tempura","炸虾"
"shrine","神社"
"shrug_(clothing)","只包肩的女式上衣"
"shu_zo_(show_by_rock!!)","修造（show_by_rock!!），修造（show_by_rock!!），修造（show_by_rock!!），修造（show_by_rock!!）"
"shu-z","充满异域风情的后宫风格"
"shuaigegentou","幻头（光谱之血），蜕变幻头，仙雨（dxhkcomtlyntzbm）"
"shuangfeng","门塔瓦尔"
"shuffle!","随机排序"
"shugo_chara!","守护角色，守护奇拉，守护奇拉！"
"shugogetten_shaolin","修学旅行，晓琳"
"shuiyaoximushi","由依奥基，泽拜7339"
"shuiyemusan","我的京剧舞舞曲好可爱"
"shuka_(taupe)","雪华"
"shukinuko","水无月子"
"shukufuku_no_campanella","钟声的祝福，赐福之钟"
"shukusei!!_loli-kami_requiem","感谢！！_萝莉恶魔安魂曲"
"shulliy_baudelair","仁吉楚，桃色少女，佩奇彭库"
"shun_(b.c)","B.C.，公元前"
"shun_(blue_archive)","砂原顺"
"shun_(rokudena-shi)","六天市"
"shun_(small)_(blue_archive)","顺_少年版_蓝档案，砂原顺_小型版"
"shun_goku_satsu","即时地狱杀戮，狂暴恶魔（街头霸王）"
"shunka_tunacan","春霞"
"shunki_gentei_poco_a_poco!","逐漸展現的真景"
"shunsei_(muratou)","莫舒，奥科梅"
"shunta_(syunta_87)","heso-10shunta，赫索-10顺太"
"shura_(fire_emblem)","阿修罗_火焰之纹章IF"
"shurelia_(ar_tonelico)","舒蕾莉亚"
"shuri_(riri_shu)","rpp_pic，角色立绘"
"shuri_yasuyuki","安幸树，袖里"
"shuriken","手里剑"
"shuro_(blue_archive)","雪月修罗"
"shushing","嘘(手势)"
"shuten_douji_(fate)","封印之剑（命运/冠位指定）"
"shuten_douji_(housamo)","咒术回战（东京复仇者）"
"shuto_aoi","双头青衣"
"shuttlecock","小鸟球_羽毛球"
"shutumon","泽菲尔蒙"
"shuu_(syuuuuuuuuuu)","修@麦希库博舒楚"
"shuuchiin_academy_school_uniform","修道院学院制服"
"shuuchiin_academy_uniform","秀知院学园制服"
"shuuchikan_academy_school_uniform","修筑馆学院制服"
"shuucream_(syuichi)","修一"
"shuujin_academy_school_uniform","修真学院制服"
"shuujin_academy_uniform","秀尽学院制服"
"shuujin/kami_hikouki_(vocaloid)","囚徒/纸飞机_(VOCALOID)"
"shuuko_(s_h_uuko)","s_h_uuko，苏子"
"shuumatsu_no_harem","世界末日后宫"
"shuumatsu_no_valkyrie","诸神黄昏纪事"
"shuumatsu_train_doko_e_iku?","通往世界尽头的列车，末日列车要去哪儿？"
"shuvi_(shuvi1125)","修羽伊"
"shuzuku","舒氏工坊"
"shy","害羞的"
"si_farid","小吃摊_边缘纹路"
"siamese_fighting_fish","斗鱼"
"sian","西恩·萨萨兰德"
"sibata_maru","mito_(mo96g)，美登女郎"
"siblings","兄弟姐妹"
"sibo","西波翁"
"sick","病"
"sickle","镰刀"
"side_braid","披在一侧的单条辫子"
"side_braids","披在两侧的两条辫子"
"side_bun","披在两侧的发髻"
"side_cape","单肩披风"
"side_cutout","侧边开口的服饰"
"side_ponytail","侧马尾"
"side_slit","侧面有缝的服饰"
"side-by-side","人物并排"
"side-tie_bikini","侧边系带比基尼"
"side-tie_bikini_bottom","侧系背心泳装，侧带背心泳装"
"side-tie_leotard","侧边系带连身衣"
"side-tie_panties","侧边系带内裤"
"side-view_mirror","侧镜"
"sideboob","侧乳"
"sideburns","(男子的)鬓角"
"sideless_outfit","侧面没有布料的服饰"
"sidelocks","披在耳前的发绺"
"sidesaddle","侧坐在鞍上"
"sideways_glance","轻轻向侧面瞥"
"sideways_hat","帽舌划到侧面"
"sideways_mouth","把嘴画在侧脸"
"sidian_(pokemon)","玛瑙_(宝可梦)"
"sidorov","新田警部"
"sidu_(dsd_kgn)","静子_(9394玛莉莫)"
"siduri_(fate)","西杜莉_(命运/冠位指定)"
"sieg_(fate)","西格_(Fate/Apocrypha)"
"sieg_(sherman_69)","sieg_（艺术家）"
"siegbert_(fire_emblem)","西格伯特_火焰之纹章IF"
"sieglinde_eremiah","西格琳德·杰里迈亚"
"sieka_(piiroinardesco)","皮罗伊纳尔德斯科风格"
"sienna_artwork","西耶娜_（艺术家）"
"sier_(girls'_frontline)","塞勒_(少女前线)"
"sifeizui","葫芦贝"
"sifserf","奥里塔尼夫"
"sifyro","闪电龙"
"sig_556","西格绍尔556步枪"
"sig_mcx","西格绍尔MCX，西格绍尔MCX矛型枪"
"sig_mcx_(girls'_frontline)","sig_mcx_（少女前线）"
"sig_mpx","西格绍尔MPX步枪"
"sig_p220/p226","西格绍尔P220，西格绍尔P225，西格绍尔P226"
"sig_p228/p229","P228，西格绍尔P228，西格绍尔P229"
"sig_sg550","sig_550标签"
"sig_sg552","sig_552，西格绍尔552步枪"
"sigh","画出叹气的标记"
"sigma_(mega_man)","西格玛"
"sign","写上去的字"
"signal_1120","ma_(gtkh5353)，马_(gtkh5353)"
"signature","签名"
"sigui_(queen's_blade)","西吉"
"siguma_(13238772100)","4_guma，古玛"
"sigurd_(fate)","西格尔德_(命运/冠位指定)"
"sigurd_(memories_with_my_lover)_(fate)","与爱人的美好回忆"
"sigurd_hosenfeld","西格德·霍森费尔德"
"siguya","锦鲤_(地毯)"
"siiqa_vivi","vivi_(无叶之夏娃)"
"sijo_nm","请拯救我"
"sikaku","下午四点"
"sila_(carpen)","毁灭"
"silamizu_(white_water)","白水"
"silas_(fire_emblem)","赛勒斯_(火焰之纹章IF)"
"silence_(arknights)","《暗黑圣骑士》静默主题"
"silence_(frosted_breath)_(arknights)","寂静_(冰霜吐息)_(《明日方舟》)"
"silence_girl","whgkdud_dd，未知含义标签"
"silence_suzuka_(umamusume)","铃鹿的寂静"
"silent_comic","默剧漫画"
"silent_hill_(series)","寂静岭"
"silent_hill_4:_the_room","寂静岭4"
"silent_hill:_homecoming","寂静岭归乡"
"silhouette","轮廓"
"silhouette_sakura","鬼岛男_染樱，黑蜜兔，美索卡丘，染樱"
"silicon_magic","硅之魔法～从觉醒之初你就是我的英雄？！～"
"silk","蛛网|虫茧"
"silky_(last_origin)","t-50_px丝滑质感"
"sills","白露_(sills_ud)，白露_(sk10102194)"
"silque_(fire_emblem)","丝质_(火焰之纹章)"
"silver_(pokemon)","心之宝可梦，灵魂之宝可梦"
"silver_(silverstar)","银星017"
"silver_bullet_(ecc12_8)","ecc12_8，式神拘束"
"silver_eyes","银色的眼睛"
"silver_hair","银发"
"silver_nails","银色指甲"
"silver_one-piece_swimsuit","银色泳装"
"silver_tokki","Revbit相关内容"
"silver_trim","银色镶边"
"silveroid","银色15，银色（阴）"
"silvervale_(sakura_goddess)","银谷_(第11套服装)"
"silvervale_(summer)","银谷_(第五套服装)，银谷_(泳装)"
"silvia_(fire_emblem)","西尔维娅_火焰之纹章"
"sime_(echo)","岛田织姬"
"simeon_saint","苍白翔太，西蒙·基斯"
"simoco","simo_(xizi028)，西莫_(xizi028)"
"simon_blackquill","幽鬼人"
"simon_stafsnes_andersen","深红色"
"simonov_(girls'_frontline)","西蒙诺夫_（少女前线），SKS_（少女前线）"
"simple_background","朴素的背景"
"simplified_chinese_text","简体字"
"simsim_han-u","简单风格_(ejhe3475)"
"simty_(lemon_ginger)","一美_（西姆蒂西格）"
"simulated_fellatio","口内物品插入"
"sin_node","xu_wu_（微博2522938485）"
"sinad_aruatjanapat","西娜贾鲁"
"sinclair_(project_moon)","辛克莱尔_利姆布斯公司"
"sincos","trg-_(萨因)"
"singing","唱歌"
"single_bare_foot","单人赤脚"
"single_bare_shoulder","露出单边肩膀"
"single_boot","一只脚没穿靴子"
"single_braid","单股辫"
"single_bridal_gauntlet","新娘护手甲"
"single_detached_sleeve","单边没脱掉的袖子"
"single_ear_down","耳朵下垂，耳朵不对称"
"single_earring","只一边戴着耳环"
"single_elbow_glove","单手戴着过肘的手套"
"single_gauntlet","单手穿着护臂"
"single_glove","单手穿着手套"
"single_hair_bun","发髻，头发发髻，发型发髻"
"single_hair_intake","单侧进气口发型"
"single_head_wing","单侧头上有翅膀"
"single_horn","单侧长着角"
"single_kneehigh","单边穿着过膝服饰"
"single_leg_pantyhose","单边穿着连裤袜"
"single_legwear_garter","单吊袜带"
"single_mechanical_arm","机械臂，机器人手臂，多只机器人手臂，机械式手臂装置"
"single_mechanical_hand","机械手"
"single_mechanical_leg","机械腿，单机器人腿"
"single_pantsleg","单边长裤"
"single_pauldron","单肩设计"
"single_shoe","一只脚没穿鞋子"
"single_side_bun","侧马尾"
"single_sleeve","单边没有袖管"
"single_sock","单边穿着长袜"
"single_strap","单边有肩带"
"single_thighhigh","只有一条腿有穿着"
"single_vertical_stripe","露出单边服饰上的垂直条纹"
"single_wing","单翼"
"single_wrist_cuff","单手手铐"
"single-lens_reflex_camera","单反相机，单镜头反光相机，SLR相机"
"sink","水槽"
"sino_(oyasumi_hf)","iniini，晚安_HF"
"sino_(sionori)","屠杀_z"
"sinon","志乃子_(SAO)"
"siokazunoko","志冈小子"
"siomesi","白梅_(泡芙)"
"sion_(laterna_magica)","白兔_幻灯术"
"siqi_(miharuu)","青木（美晴）"
"sirakaro","白桦_(西拉卡尔)"
"siren_(jzy601306223)","海妖猫头鹰"
"sirenmon","圣女模式"
"siribang1215","siri_（艺术家）"
"sirius_(scorching-hot_seirios)_(azur_lane)","天狼星_(仲夏天狼星)_(碧蓝航线)"
"sirokuma_shake","白熊摇动动作"
"sirokuro_daruma","西罗·铬"
"sirom","萌系乳胶装"
"sironora","西罗诺-ra0929"
"siroooo","涩抚_(k_siroooo)"
"sisio_kun","志志雄_（西西欧昆），诗薇君"
"sister_claire","克莱尔姐姐"
"sister_claire_(1st_costume)","克莱尔姐姐（第一套服装）"
"sister_claire_(4th_costume)","克莱尔姐姐（第四套服装）"
"sister_claire_(7th_costume)","克莱尔姐姐_第七套服装"
"sister_claire_(9th_costume)","克莱尔姐姐_第九套服装"
"sister_princess","妹妹公主，姐妹公主"
"sisters","姐妹"
"sistine_fibel","西斯廷纤维"
"sita_(fate)","西塔_(命运/冠位指定)"
"sitonai_(fate)","不想坐"
"sitting","坐"
"sitting_backwards","反向坐姿"
"sitting_in_tree","坐在树上，树上的坐姿"
"sitting_on_bed","坐在床上"
"sitting_on_desk","坐在课桌上"
"sitting_on_face","颜面骑乘|阴部贴着脸"
"sitting_on_head","坐头"
"sitting_on_lap","坐在大腿上"
"sitting_on_person","坐在人身上"
"sitting_on_pillow","垫坐"
"sitting_split","中间分割"
"siva_(executor)","湿婆_执行者"
"sixteenpo","六义珍宝"
"sixteenth_note","十六分音符"
"sixteenth_rest","八分休止符"
"sixten","阿德里安·费雷尔"
"siyouko","安月赫"
"size_difference","体格差"
"sizma","绿洲"
"sk02","雷堂乌冬面_02"
"sk816","Skbox效果"
"skadi_(waverider)_(arknights)","斯卡迪_乘浪_《明日方舟》"
"skarltano","斯卡戈纳特"
"skateboard","滑板"
"skates","溜冰鞋"
"skavenprime","老叔人44323"
"skeletal_arm","骨骼手臂"
"skeletal_wings","骨翼"
"skeleton","骨架"
"skell_(xenoblade_x)","玩偶_(异度神剑_X)"
"skellychan","skelly_chan，斯凯莉酱"
"skeptycally","可疑的，不可靠的"
"sketch","素描"
"sketch_background","未完成的背景"
"sketchbook","素描本"
"skewer","签子"
"skid_mark","轮胎痕迹"
"skilled_lookouts_(kancolle)","熟练的瞭望员_(舰队Collection)"
"skin_fang","把嘴的一部分画成虎牙状"
"skin_tight","衣服很紧显露出身体曲线或肢体特征"
"skin-covered_horns","被皮肤包着的角"
"skindentation","皮肤的凹陷"
"skinny","很瘦的身材"
"skirt","短裙"
"skirt_around_one_leg","一条腿上挂着短裙"
"skirt_basket","指掀起裙子时形成的篮子形状"
"skirt_flip","被掀起裙子(含突发情况意义)"
"skirt_hold","优雅地提着裙子"
"skirt_lift","将裙子掀上去"
"skirt_pull","拉开裙子"
"skirt_removed","脱下的短裙"
"skirt_rolled_up","卷起裙摆"
"skirt_set","与上衣搭配的短裙|特制的裙子套装"
"skirt_suit","正装短裙"
"skirt_tug","扯住裙摆|按住裙摆"
"skirtzzz","阿利马克"
"skis","滑雪"
"skorpion_(girls'_frontline)","蝎子_(少女前线)"
"sks","56型卡宾枪"
"skull","骷髅"
"skull_and_crossbones","头骨和交叉的骨头"
"skull_earrings","骷髅耳环"
"skull_hair_ornament","骷髅发饰"
"skull_head","骷髅头"
"skull_man","骷髅人_(洛克曼)"
"skull_necklace","骷髅项链"
"skull_print","骷髅印花"
"sky","天空"
"sky_guy_art","双马尾发型"
"sky_high_(tiger_&_bunny)","高耸入云"
"sky_wbo","黑力量-98-1-15"
"sky-freedom","天空_自由"
"skyla_(pokemon)","火红_(宝可梦)"
"skylight","天窗，建筑天光井"
"skyline","天际线"
"skyscraper","摩天大楼"
"sl8_(girls'_frontline)","sl8_（少女前线）"
"sl86","雨天氛围"
"slam_dunk_(basketball)","扣篮（篮球）"
"slammo","糖果糖果糖果"
"slap_mark","掌印"
"slap_mark_on_face","脸部拍打标记"
"slapping","掌掴"
"slashing","砍"
"slav_squatting","非法占住房屋，美国佬非法占据房屋"
"slave","奴隶"
"slavic_clothes","斯拉夫风格服饰"
"sleep_(isliping)","塔皮尔松诺"
"sleep_mask","睡眠面具"
"sleep_molestation","睡奸"
"sleeping","睡觉"
"sleeping_on_person","在他人身上睡觉"
"sleeping_upright","(不躺着)睡觉|直立睡觉"
"sleepless_(wrysmile)","木民兹"
"sleepover","睡衣派对，睡衣聚会，午夜派对"
"sleepwear","睡衣"
"sleepy","犯困的"
"sleeve_cuffs","袖口"
"sleeve_grab","抓住袖子，拉扯袖子"
"sleeve_zipper","拉链袖子"
"sleeveless","无袖"
"sleeveless_dress","无袖连衣裙"
"sleeveless_hoodie","无袖连帽衫"
"sleeveless_jacket","无袖夹克"
"sleeveless_kimono","无袖和服"
"sleeveless_shirt","无袖衬衫"
"sleeveless_turtleneck","无袖高领毛衣"
"sleeves_folded_up","叠起来的袖子"
"sleeves_past_fingers","袖子长过手指"
"sleeves_past_wrists","袖子长过手腕"
"sleeves_pushed_up","袖子往上拉起"
"sleeves_rolled_up","卷起的袖子"
"sleigh_presty","斯蕾·普雷斯蒂"
"sleipnir_(last_origin)","p-49_斯雷普尼尔"
"sliding_doors","移动门"
"slim_legs","修长的腿"
"slime","史莱姆"
"slime_(substance)","粘液，史莱姆"
"slime_boy","黏液人，史莱姆人"
"slime_girl","史莱姆娘"
"slime_taoshite_300_nen_shiranai_uchi_ni_level_max_ni_nattemashita","我已经杀 slime 300 年了，等级已经达到上限"
"sling","枪支的吊带"
"slingshot_(weapon)","弹弓效应"
"slingshot_swimsuit","弹弓泳衣|吊带泳衣|V字泳衣"
"slippers","拖鞋"
"slit_pupils","猫瞳"
"slit_throat_(gesture)","残忍手势，割喉手势"
"slope_(check238)","凯亚罗_胡萝卜"
"slur.exe_(mega_man)","摇滚人零的口型错误"
"slurpuff","斯鲁帕夫_(宝可梦)"
"small_breasts","贫乳|娇小的乳房"
"small_kyubey","小九贝伊"
"small_nipples","娇小的乳头"
"small_penis","小阴茎"
"small-clawed_otter_(kemono_friends)","水獭_(动物朋友)"
"smallfry_(splatoon)","小伙伴_《喷射战士》"
"smartphone","智能手机"
"smell","有气味的"
"smelling","闻"
"smelling_ass","闻屁股"
"smelling_clothes","闻衣服气味"
"smelling_feet","闻脚"
"smelling_pantyhose","闻丝袜气味"
"smelling_underwear","闻内裤，闻内衣"
"smewed","烟熏味，熏臭感"
"smile","微笑|笑容"
"smile_precure!","闪光特效，微笑天使光之美少女"
"smiley_face","笑脸"
"smirk","傻笑|得意的笑"
"smjim1986","死人男_艺术家"
"smodzz998","萝莉妓女"
"smoke","烟"
"smoke_(killscreen_s)","雪点"
"smoke_heart","烟雾之心"
"smokestack","烟囱"
"smoking","吸烟"
"smoking_barrel","带枪吸烟场景"
"smoking_gun","枪口冒烟"
"smoking_pipe","烟斗，吸烟用的烟斗"
"smsm516","sm_sm516，微笑表情，编号516"
"smug","得意脸"
"smurtz","真实宝可梦"
"smusmuye","无法理解"
"snack","小吃|零食"
"snail","蜗牛"
"snail's_house","蜗牛屋"
"snake","蛇"
"snake_hair","蛇发"
"snake_hair_ornament","蛇形发饰|蛙头发饰"
"snake_man","蛇人"
"snake_print","蛇皮图案"
"snake_tail","蛇尾"
"snale","04119_蜗牛"
"snap-fit_buckle","快速释放扣，侧面释放扣"
"sneakers","运动鞋"
"sneezing","打喷嚏"
"sniper_rifle","狙击步枪"
"snm_(sunimi)","稻叶Sunimi"
"snorkel","潜水设备的通气管"
"snortzog","莉琪皮克斯"
"snot","鼻涕"
"snout","动物口鼻部"
"snow","雪|雪原"
"snow_(housamo)","雪_（东京放课后的召唤师们）"
"snow_bunny","雪兔"
"snow_camouflage","北极迷彩，冬季迷彩"
"snow_feather_(last_origin)","雪之羽毛"
"snow_rabbit","雪兔"
"snow_white_(innocent_days)_(nikke)","白雪公主：纯真岁月（尼kke）"
"snow234","可可_画雪"
"snowball","雪球"
"snowball22","欧普洛夫22"
"snowbreak:_containment_zone","project_snow，雪崩：禁止下降"
"snowcake47","雷托47"
"snowciel_(snowcie)","雪色天空"
"snowflake_earrings","雪花形耳环"
"snowflake_hair_ornament","雪花发饰"
"snowflake_liliput_(idolmaster)","雪花小人国"
"snowflake_print","雪花印花"
"snowflakes","雪花"
"snowing","下雪"
"snowman","雪人"
"snowsakurachan","雪樱艺术作品"
"soaking_feet","泡脚"
"soap","肥皂"
"soap_(modern_warfare_2)","约翰·麦克塔维什"
"soap_bubbles","泡泡"
"soap_censor","肥皂泡马赛克"
"soare_lucien","水无月武器"
"sob_(submar1089)","潜水艇"
"sobasakuhin","soba_rkgk，八咫乌"
"soccer","足球运动"
"soccer_ball","足球"
"soccer_uniform","足球服"
"societte_(granblue_fantasy)","索西_(碧蓝幻想)"
"sock_garters","袜子吊袜带"
"sock_on_penis","阴茎上戴着袜子"
"sock_pull","拉着袜子"
"socks","袜子"
"socks_removed","脱袜子"
"soda","汽水"
"soda_bottle","汽水瓶"
"soda_can","汽水罐"
"soda_kazuichi","须田一智"
"sodamachi","0825贝儿"
"sode","当世袖"
"soeda_ippei","末田一平"
"soejima_shigenori","尾岛茂则"
"soezy","银色刺客"
"sofia_jalapeno_viviage","索菲亚·德·圣特科基尔"
"softboiled_egg","水煮蛋"
"softmode","末日狂欢节，末日狂欢节，赛蒙·马，赛蒙·马"
"soi_soi_(mixueeee634)","sumi_(u-kar1n-89m0)，墨水，乌卡琳，89m0"
"soine","汉娜玛"
"soiri_(us)","恐缩便当"
"sokka_(kbs)","KBS风格，韩国广播系统风格"
"sokomushi","卡布特莉科"
"solange_blanchefleur_de_luxe","索兰热"
"solanoko","无拖泥带水模式，索拉诺科画作"
"solcha","色欲"
"soldier","士兵"
"soldier:_76_(overwatch)","杰克·莫里森，约翰·莫里森（《守望先锋》）"
"soleil_(fire_emblem)","索莱尔_(火焰之纹章IF)"
"soles","脚底"
"solf_j._kimblee","索尔夫·J·金布利"
"solid_circle_eyes","实心圆眼睛"
"solid_circle_pupils","(o)_(o)表情"
"solid_oval_eyes","实心椭圆眼睛"
"solkorra","索尔·法拉利"
"solo","单独人物"
"solo_focus","以单独人物为焦点"
"solomon_(fate)","所罗门_（命运/冠位指定）"
"solty_rei","索尔特雷伊"
"soluna_(so_lu_na)","索鲁娜_（内尔）"
"soma_michiko","阿希鲁波伊"
"soma_natsumi","须磨夏美"
"soma_peries","索玛·菲勒斯"
"soma_schicksal","志久座狼索马"
"some1else45","jheflow45，someoneelse_1，someone_else_（艺术家）"
"someoka_yusura","粉色龙"
"somori","无内容，f_204"
"somua_s35","S35规格"
"son_gohan","悟饭_(龙珠)"
"son_gohan_(future)","未来悟饭"
"son_goku","悟空，孙悟饭"
"son_goten","悟天_(龙珠)"
"sona_(league_of_legends)","索娜·布维尔"
"sonetto_(reverse:1999)","sonneto_(反向：1999)"
"song_name","歌名"
"song_of_the_south","南方之歌_系列"
"songjo","松乔艺术"
"songque","崩坏：星穹铁道， songque_"
"songwut_ouppakarndee","砷化物"
"sonia_(fire_emblem:_the_blazing_blade)","索尼娅_火焰之纹章"
"sonia_strumm_(mega_man)","响美空"
"sonic_(series)","刺猬索尼克"
"sonic_boom_(series)","音速冲击波_游戏"
"sonic_the_hedgehog","索尼克"
"sonic_unleashed","索尼克世界冒险"
"sono_(samusu_gi)","萨穆苏吉"
"sono_bisque_doll_wa_koi_wo_suru","我的换装宝贝，我的可爱装扮对象"
"sono_hanabira_ni_kuchizuke_wo","为花瓣献上的一吻，为花瓣献上的一吻，/shnkw，染野花，向樱花轻触一下"
"sonoda_345","尼特哈奇"
"sonoda_ken'ichi","园田健一"
"sonosakiburi","恩赛布里"
"sonya_(fire_emblem_gaiden)","索尼娅_火焰之纹章"
"sonya_(project_moon)","索尼娅_(利姆布斯公司)"
"soo-won_(akatsuki_no_yona)","秀媛_（夜之幽兰）"
"sooon","1998年12月的夜晚"
"soosaresu","Hatena三科"
"sophia_(fire_emblem)","索菲娅"
"sophia_(pgr)","索菲亚_（惩罚模式：灰鸦）"
"sophie_(fire_emblem)","索菲_(火焰之纹章IF)"
"sophie_(tales)","索菲_(圣洁传说)"
"sophocles_(pokemon)","玛玛内_宝可梦，玛曼妮_宝可梦"
"sora_(efr)","初音未来"
"sora_(men0105)","15岁男性"
"sora_(orange_juice)","空_(缀里)"
"sora_(yukimi_shiro)","天野空"
"sora_72-iro","兔羽肉丸"
"sora_mame_(princess_0sora)","希希查玛妈"
"sora_no_iro_mizu_no_iro","空雾"
"sora_no_kiseki","天空中的轨迹"
"sora_no_method","天体运行法"
"sora_no_otoshimono","天界遗失之宝"
"sora_no_woto","天空之声，苏拉诺沃托，索拉之歌，天空的声音"
"sora_sakura","天空樱花3"
"sora_wo_kakeru_shoujo","跳跃至天空的女孩，跃向天际的少女，飞向天空的少女，穿越太空的女孩"
"sora_yori_mo_tooi_basho","超越宇宙之外的地方"
"soradally","索姆索米奥，空_(momomi1k)"
"sorahachi_midoro","蠢货，白痴"
"sorai_shin'ya","空虚感"
"soraka_(league_of_legends)","索拉卡"
"sorako_(yoshida_t)","波波斯克"
"soranana_(sorabananasan)","索拉娜娜_（红香蕉）"
"sorani_(kaeru0768)","srn_111，编号111的SRN内容"
"soranko","空之安子2"
"sorano_(12gou)","粉色车库"
"sorano_kairi_(tinmeshi)","绝美风景，360度天空视角"
"soranokaze15","soranokaze15_（艺术家）"
"soranona_(soranosuke)","空野宗介"
"sorcerer's_sutra_scroll","大空卷轴"
"sore_ga_seiyuu!","声优生活！"
"soredemo_ayumu_wa_yosetekuru","将棋之勇者，步美何时出招？"
"soredemo_machi_wa_mawatteiru","然而小镇仍在移动"
"soreyuke!_uchuu_senkan_yamamoto_youko","星际少女山本洋子，星际少女山本洋子"
"sorimachi-doufu","快乐_(168厘米)"
"soroi_mitsuzou","空井光三"
"sorugi_park","用户_wvks7835"
"soseki_natsume","夏目漱石（大逆转变篇）"
"soshite_ima_ribbon_wo_musunde_(project_sekai)","现在我戴上了这条丝带（project_sekai），现在丝带已经被系好了（project_sekai）"
"sothis_(fire_emblem)","索西斯"
"sou_(tuhut)","土呼特"
"sou_(utaite)","sou_(niconico)，苍(尼康尼科)"
"souchou","kson_（第一套服装）"
"sougetsu_(yosinoya35)","吉野屋35"
"souike","misshao_00，错误编号00"
"souji_hougu","虎牙搜集"
"soukou_akki_muramasa","全金属狂潮村正"
"soukou_kihei_votoms","装甲骑兵沃托姆斯"
"soukyuu_no_fafner","蔚蓝天空中的法夫纳"
"soul_cradle","灵魂流浪者"
"soul_evans","食魂者_角色"
"soul_gem","灵魂之石"
"soulcalibur","魂之剑"
"soulcalibur_ii","《灵魂刀剑2》"
"soulcalibur_iii","《灵魂刀剑3》"
"soulcalibur_iv","《灵魂刀剑IV》"
"soulcalibur_v","《灵魂刀剑》V版"
"soulworker","灵魂工作者"
"souly","疲惫的数据"
"souma_(soumadian)","零之须磨"
"souma_kyou","相马京"
"souma_ren_(kuromiya)","索玛·连"
"souma_yuki","相马由纪"
"sounan_desuka?","你迷路了吗？"
"sound","带声音的闪动效果，有音频，带声音的视频"
"sound_effects","拟声词"
"sound_holic","声音狂热者"
"soundwave_(transformers)","声波"
"soungruan_mian_mao","ayn1018nya，艾恩1018妮雅"
"souno_kazuki","草野卡杜基"
"soup","汤"
"sour_model_(mikumikudance)","VOCALOID_酸味型版本"
"source_request","cg请求，需要源文件，无源文件，/src路径"
"souryuu_(kancolle)","酸雨_(舰队Collection)"
"souryuu_asuka_langley","明日香·兰格利·索琉，/萨尔，志木波美·明日香·兰格利，志木波美·明日香·兰格利，志木波美·明日香·兰格利，苍龙·明日香·兰格利，索琉·明日香·兰格利，索琉乌·明日香·兰格利，索流尤·明日香·兰格利"
"souryuu_asuka_langley_(cosplay)","苍龙明日香兰格利（角色扮演）"
"soushin_shoujo_matoi","圣杀者玛托伊"
"soushin_souma","七勇将"
"sousou_(sousouworks)","摇摆动作"
"sousou_no_frieren","弗利伦：旅程的尽头之外"
"south_dakota_(kancolle)","南达科他州（舰队Collection）"
"souther","远方，远处"
"southern_cross_academy_school_uniform","南十字学院制服"
"southern_italy_(hetalia)","洛维诺·瓦尔加斯"
"southern_ocean_war_princess","南洋海战姬"
"soutou","库鲁库鲁_(修正版)"
"sovereign_(sekaiju)","世界巨兽王子，世界巨兽公主"
"sovereign_2_(sekaiju)","公主2_（巨兽）"
"sovereign_4_(sekaiju)","公主_4_（巨兽）"
"soviet","苏联"
"soviet_army","红军"
"sowon","素媛"
"soy'elve","gari_x64，加里_x64"
"soymilk_arts2","贝贝艺术2"
"soyo1558686","梦之甘美"
"soyoong_jun","寿司勇"
"soyosoyo","伊罗多莉丝哟哟哟"
"sp0i0ppp","危险性SD"
"space","宇宙"
"space_craft","宇宙船"
"space_elevator","轨道电梯"
"space_habitat","太空殖民地"
"space_helmet","宇航员头盔"
"spacebar_hobby","阿卡琳星空将军，空格键天，珠江镇查行莫妮卡"
"spacecraft","宇宙飞船，航天器，星际飞船"
"spacecraft_interior","飞船内部，航天器内景"
"spacesuit","宇航服"
"spacezin","太空人津"
"spade_(shape)","黑桃"
"spade_earrings","黑桃耳环"
"spaghetti","意大利面"
"spaghetti_strap","细肩带|细吊带|肩带式"
"spaghetti-bastard","阿贝拉尔多"
"spain_(hetalia)","安东尼奥·费尔南德斯·卡雷多"
"spandex","弹性纤维(衣物面料)"
"spanish_text","西班牙语"
"spanked","被拍打过的屁股"
"spanking","打屁股"
"spareribs","超级伊布"
"sparkle","菱形或星形的闪光"
"sparkle_(honkai:_star_rail)","花火_崩坏：星穹铁道"
"sparkle_background","闪着星光的背景"
"sparkle71059204","苏库莱伯"
"sparkler","闪光棒"
"sparkling_eyes","星星眼"
"sparks","火星子"
"sparrow","麻雀"
"spas-12_(girls'_frontline)","斯帕斯-12_（少女前线）"
"spas-12_(goblin_huntress)_(girls'_frontline)","斯帕斯-12_（哥布林女猎手）_（少女前线）"
"spatula","铲(厨具)"
"spaulders","护肩"
"speaker","发言者"
"spear","矛"
"spear_the_gungnir","神枪朗基努斯"
"special_feeling_(meme)","雪中打伞的恋人梗"
"special_week_(hopping_vitamin_heart)_(umamusume)","特别周_（夏日套装）_（Umamusume）"
"special_week_(umamusume)","特别周"
"speech_bubble","对话框|会话气泡"
"speed_lines","速度线"
"speh","约翰·莱"
"spell_card","魔咒卡"
"spell_phd","火山人，火山族"
"sphere","法球|水晶球"
"spica_(spica_1510)","spica_1510，斯皮卡_1510"
"spice_and_wolf","鬼灭之刃，狼与香辛料"
"spicy_bardo","吟游诗人机器人"
"spicy_nun_(diva)","半扎发修女（歌后风）"
"spicy_nun's_mother_(diva)","半扎发修女之母（歌后）"
"spider","蜘蛛"
"spider_girl","蜘蛛娘"
"spider_lily","彼岸花"
"spider_web","蜘蛛网"
"spider_web_print","蛛网印花"
"spider-man","蜘蛛侠，蜘蛛人"
"spidu","拉加索尔"
"spiked_bracelet","带钉手镯"
"spiked_club","狼牙棒"
"spiked_collar","带钉项圈"
"spiked_dildo","带钉装饰的假阳具"
"spiked_hair","刺刺的头发"
"spiked_halo","罗盘玫瑰光环"
"spiked_mace","晨星之剑（武器）"
"spiked_penis","带倒刺的阴茎，带凸点的阴茎"
"spiked_shell","带刺的龟壳"
"spiked_tail","带刺的尾巴"
"spikes","尖刺|带钉的"
"spill","液体从容器中漫出来"
"spilling","从容器中倒出液体的动作"
"spinaria_(shingeki_no_bahamut)","旋藻_(影之诗篇)"
"spine","脊柱"
"spinel_(9057)","灵异，超自然"
"spinner_(boku_no_hero_academia)","井口修一"
"spinning","有中心的旋转"
"spinning_top","顶部玩具"
"spiral_(senra_garou)","螺旋图案_艺术家"
"spiral_background","/螺旋背景"
"spiral_eyes","漩涡眼"
"spirit","还魂|伴灵|精神体"
"spit_take","惊讶或无语到喷了"
"spitroast","女性的嘴和下半身被夹攻的体位"
"spitting","从嘴里吐出液体的动作"
"spitting_blood","吐血"
"spiz","胖阮"
"spizzy","蜘蛛人"
"splashing","飞溅"
"splat_charger_(splatoon)","溅射视野_(喷射战士)"
"splatoon_(series)","喷射战士"
"splattershot_(splatoon)","水球小绿(喷射战士)"
"splattershot_jr._(splatoon)","溅射小子_（喷射战士）"
"split","分开"
"split_depth","3D线条，蕾之泉"
"split_mouth","嘴巴分离"
"split_ponytail","尾部散开的单马尾发型"
"split_screen","分屏"
"split-color_hair","分色发型"
"spoilers","剧透"
"spoken_anger_vein","表发怒的会话气泡"
"spoken_blush","表脸红害羞的会话气泡"
"spoken_character","说话的人"
"spoken_ellipsis","会话气泡里带省略号"
"spoken_exclamation_mark","会话气泡里带感叹号"
"spoken_expression","语音表情符号"
"spoken_food","说话的肉块"
"spoken_heart","会话气泡里带爱心"
"spoken_interrobang","会话气泡里出现""!?"""
"spoken_light_bulb","说话的灯泡"
"spoken_musical_note","表哼歌的会话气泡"
"spoken_object","会话气泡里出现指代物"
"spoken_question_mark","表疑惑的会话气泡"
"spoken_sparkle","语音闪光效果"
"spoken_squiggle","表不满和发牢骚的会话气泡"
"spoken_sweatdrop","表(流汗)无语的会话气泡"
"sponge","海绵|搓澡棉"
"spongebob_squarepants","海绵宝宝_方块裤_(角色)"
"spongebob_squarepants_(series)","海绵宝宝"
"spoon","汤勺"
"spoon_in_mouth","嘴里含着勺子"
"sports_bikini","运动比基尼"
"sports_bra","运动内衣"
"sports_car","超级跑车"
"sports_sandals","远足凉鞋，特瓦凉鞋"
"sportswear","运动服"
"spot_color","在黑白的画中特意少量使用一些颜色"
"spotlight","聚光灯"
"spotty_bulbear","熊人"
"spp-1_(girls'_frontline)","SPP-1_（少女前线）"
"spread_anus","掰开肛门"
"spread_armpit","腋下张开"
"spread_arms","伸展双臂"
"spread_ass","摊开屁股"
"spread_fingers","张开手指"
"spread_legs","张开腿|M字张腿|桃色蹲姿|V字张腿"
"spread_pussy","掰开阴部|掰穴|掰开的阴部"
"spread_pussy_under_clothes","隔着衣物掰穴"
"spread_toes","张开脚趾"
"spreader_bar","调教用的撑杆"
"spriggan_(last_origin)","A-14B，斯普里根"
"spring_(season)","春季"
"spring_onion","大葱"
"springfield_(girls'_frontline)","M1903斯普林菲尔德（少女前线），M1903斯普林菲尔德（少女前线）"
"sprite","游戏精灵，精灵角色"
"sprite_sheet","精灵图"
"spy_kyoushitsu","间谍教室"
"spyke_(splatoon)","daunii_(《喷射战士》)"
"sq_(series)","玉藻前"
"square_4koma","方块四格漫画"
"square_enix","史克威尔艾尼克斯"
"squatting","蹲|工口蹲"
"squeaky_(artist)","亚历克西斯·普劳姆"
"squeans","睡眠气泡"
"squeezable_(squeezabledraws)","可挤压的_（艺术家名）"
"squeezing","挤压"
"squeezing_testicles","捏球动作"
"squid","乌贼|鱿鱼"
"squidbeak_splatoon","乌贼军团(喷射战士)"
"squiggle","表不满和发牢骚的符号"
"squigly_(skullgirls)","西耶娜·康蒂埃洛"
"squinting","眯眼，眯起的眼睛"
"squirrel","松鼠"
"squirrel_ears","松鼠耳朵"
"squirrel_tail","松鼠尾巴"
"sr-3mp_(girls'_frontline)","SR-3MP_（少女前线）"
"ssa_(kiseion)","紫竹桂枝"
"ssalmon4bon","和我在一起"
"ssr_(azmr2828)","苏苏云"
"ssr_dianji_jiu_song","微博_5765457468"
"ssrb_(shishiro_botan)","塞尔维亚人"
"sstthei","嘘声，嘿"
"st_ar-15_(girls'_frontline)","st_ar-15_（少女前线）"
"st._chronica_academy_school_uniform","圣克罗尼卡学院制服"
"st._gloriana's_(emblem)","圣葛罗莉安娜女学园校徽"
"st._gloriana's_military_uniform","圣葛罗莉安娜军装"
"st._gloriana's_school_uniform","圣葛罗莉安娜女学园校服"
"st._liliana's_academy_school_uniform","圣莉莉安娜学院制服"
"st._louis_(blue_and_white_pottery)_(azur_lane)","圣路易斯（春天的辉煌）（碧蓝航线）"
"st._louis_(spirits_in_the_snow)_(azur_lane)","圣路易斯（微醺之雪）（碧蓝航线）"
"stab","被刺伤，刺杀"
"stadiometer","高度杆"
"staff","工作人员"
"staff_(music)","工作人员(音乐)"
"stage","舞台"
"stage_lights","舞台灯光"
"stage_of_magic_(idolmaster)","魔法阶段"
"stahl_(fire_emblem)","索尔特_火焰之纹章"
"stain","污渍"
"stain_(boku_no_hero_academia)","赤黑千穗"
"stained_glass","彩色玻璃"
"stainless_(arknights)","《明日方舟》节日主题"
"stairs","台阶"
"stalk_in_mouth","嘴里有草，嘴里有稻草，嘴里有小枝，嘴里有小麦"
"stalker_(ragnarok_online)","追击者_《诸神黄昏在线》"
"stand_(jojo)","替身(JOJO)"
"standard_diving_dress","深海潜水服"
"standing","站立的"
"standing_on_liquid","站在水上或液体上"
"standing_on_one_leg","单腿站立"
"standing_sex","站立后入"
"standing_split","站立劈叉|站立高抬腿"
"stanley_lau","Artgerm风格"
"star_(sky)","星星(天空中的)"
"star_(symbol)","星形"
"star_and_stripe_(boku_no_hero_academia)","凯瑟琳·贝特"
"star_breaker_(orange_juice)","破星者"
"star_choker","星形项圈"
"star_earrings","星形耳环"
"star_fox","星际火狐"
"star_guardian_(league_of_legends)","星之守护者(英雄联盟)"
"star_hair_ornament","星形发饰"
"star_harmony_academy_school_uniform","星之和谐学院制服"
"star_in_eye","星星眼"
"star_necklace","星形项链"
"star_nemesis_fiddlesticks","星之守护者菲德利克斯"
"star_ocean_first_departure","/so1，星之海洋1"
"star_ocean_integrity_and_faithlessness","星海5"
"star_ocean_the_last_hope","/so4，星之海洋4"
"star_ocean_the_second_story","/so2，星之海洋2"
"star_ocean_till_the_end_of_time","/so3，星之海洋3"
"star_of_david","六芒星"
"star_pasties","星形乳贴"
"star_print","星形图案|星形印花"
"star_sapphire","星光蓝宝石"
"star_shin","starshin_088，星尘088"
"star_trail","星轨效果，星星轨迹"
"star_wars_jedi:_fallen_order","绝地：堕落秩序"
"star_wars:_attack_of_the_clones","星球大战第二集，星球大战2"
"star_wars:_return_of_the_jedi","星球大战第六集，星球大战第六部"
"star_wars:_revenge_of_the_sith","星球大战第三集，星球大战3"
"star_wars:_the_empire_strikes_back","星球大战第五集，星球大战V集"
"star_wars:_the_force_awakens","星球大战第七集，星球大战7"
"star_wars:_the_last_jedi","星球大战第八集，星球大战8"
"star_wars:_the_phantom_menace","星球大战第1集，星球大战第i集"
"star_wars:_the_rise_of_skywalker","星球大战第9集，星球大战第10集"
"star-shaped_pillow","星星形状枕头"
"star-shaped_pupils","星星眼"
"star!!_(idolmaster)","星星！！"
"starbirbz","小星人"
"starbottle","白之别名，白之会"
"stardrop","东野37"
"stardust_(chen'ai_weiding)","灰尘_(394652411)"
"starfish","海星"
"starfruit","杨桃"
"staring","凝视|盯"
"starlab","小风六星"
"starlan","星兰"
"starli_(starlianechan)","星莉"
"starlight_academy_school_uniform","星光学院制服"
"starlight_academy_uniform","星光学园制服"
"starpiece_memories_(idolmaster)","经典名场面回忆"
"starry_background","星空背景"
"starry_skin","宇宙质感皮肤"
"starry_sky","星空"
"starry_sky_bright_(idolmaster)","星光璀璨的夜空"
"starry_sky_print","星空印花"
"starstruckdon","哇哦温"
"starter_pokemon","宝可梦御三家"
"starter_pokemon_trio","三只宝可梦御三家"
"starting_brighty_(idolmaster)","明亮开场"
"starting_future_(umamusume)","普通种族服装_兔娘款"
"staryume","铃羽梦"
"stasis_tank","克隆坦克，克隆培养槽，实验室培养槽，静止管"
"static","CRT噪点"
"stationary_restraints","用装置强行固定人体"
"stats","属性栏|状态表"
"statue","雕像"
"stealth_fellatio","隐藏式口交"
"stealth_handjob","隐藏手淫场景"
"stealth_masturbation","隐秘自慰"
"stealth_sex","隐奸"
"steam","蒸汽"
"steam_censor","蒸汽马赛克|雾气马赛克"
"steaming_body","发情"
"steampunk","蒸汽朋克"
"steamroller","压路机"
"stechkin_(girls'_frontline)","斯捷奇金_(少女前线)"
"steed_(steed_enterprise)","骏马企业"
"steel_ball_(jojo)","钢球"
"steel_beam","梁柱"
"steel_samurai","托诺萨曼_（逆转裁判）"
"steepled_fingers","指尖抵着指间"
"steering_wheel","方向盘"
"steins;gate","命运石之门"
"stella_chen_yui","恒星美学"
"stelle_(honkai:_star_rail)","女性开拓者（崩坏：星穹铁道），开拓者（崩坏：星穹铁道）（女性）"
"stellula_eques","小星星骑士～商业公主物语～"
"sten_mkii_(girls'_frontline)","sten_mk2_（少女前线），sten_mk2_（少女前线）"
"stepped_on","踩着"
"stern_the_destructor","材质S级，史塔克家族的坚毅"
"stethoscope","听诊器"
"steven_mack","潜龙术"
"steven_stone","大吾（宝可梦），大吾（宝可梦），史蒂文（宝可梦），史蒂文（宝可梦），津轮木大吾"
"stg44_(girls'_frontline)","StG44_（少女前线）"
"stheno_(fate)","强壮体格"
"stick","木条|木棍样式的东西"
"stick_poster","海报"
"sticker","贴纸"
"sticker_on_face","脸颊装饰，脸颊贴纸，脸颊上的贴纸"
"sticky_note","便利贴"
"stile_uniform","女侍从的制服"
"stiletto_heels","细跟高跟鞋"
"stina_(mleth)","斯蒂娜_（马蒂亚斯·莱思）"
"stine_r","回南天潮湿季节"
"stirrup_legwear","马镫袜"
"stirrups_(riding)","马镫"
"stitched","缝制，针线缝合"
"stitched_neck","颈部针线痕迹"
"stitches","缝合的缝线"
"stmast","ST大师"
"stocking_(psg)","无政府状态连袜装"
"stomach","小腹"
"stomach_bulge","鼓起的小腹"
"stomach_cutout","露腰设计"
"stomach_growling","肚子饿的咕噜声"
"stomach_punch","腹部重击，希望，打向胃部的拳击"
"stomach_tattoo","腹部纹身"
"stomping","踩踏"
"stone","石头"
"stone_(ksorede)","响战_科技向"
"stone_lantern","石灯笼"
"stool","凳子"
"storefront","店面"
"stove","灶台"
"straddling","跨坐"
"strago_magus","斯特拉古斯·马古斯"
"straight_hair","直发"
"straight-arm_salute","纳粹礼，罗马式敬礼"
"straight-on","正面碰撞"
"straitjacket","拘束服"
"straizo","海峡"
"strange_klug","可爱克鲁格，被附身的克鲁格"
"stranger_mukou_hadan","异乡人之剑，异乡人之剑"
"strangling","绞首"
"strangulation_mark","绑带痕迹，扼杀痕迹"
"strap","大件物品的吊带"
"strap_between_breasts","勒在乳房之间的带子"
"strap_gap","泛指覆盖面少的吊带胸罩"
"strap_lift","往上掰衣物的吊带"
"strap_slip","衣物吊带滑落(导致走光)"
"strap-on","戴着假阴茎"
"strapless","无肩带款式"
"strapless_bikini","无肩带比基尼"
"strapless_bra","无肩带胸罩"
"strapless_dress","无肩带连衣裙"
"strapless_leotard","无肩带连身衣"
"strapless_one-piece_swimsuit","无肩带泳装"
"strappy_heels","带束带的高跟鞋"
"strash","小型垃圾"
"stratos_4","stratos4，层云4"
"straw_doll","警告你"
"straw_hat","草帽"
"strawberry","草莓"
"strawberry_blossoms","草莓花"
"strawberry_daifuku_(food_fantasy)","一护大福（美食奇幻）"
"strawberry_hair_ornament","草莓发饰"
"strawberry_panic!","草莓恐慌"
"strawberry_panties","草莓内裤"
"strawberry_print","草莓印花"
"strawberry_shortcake","草莓蛋糕|镶草莓的糕点"
"stray_cat_(jojo)","猫耳_(乔乔)"
"stray_pubic_hair","沾着阴毛|掉落的阴毛"
"streaked_hair","有其他颜色条纹的头发"
"stream","流动的"
"streaming_tears","流泪"
"street","街道"
"street_fighter","/sf，街头霸王"
"street_fighter_ex_(series)","街头霸王EX，街头霸王EX2，街头霸王EX3"
"street_fighter_ii_(series)","街头霸王II，街头霸王II'涡轮版：超级对战，超级街头霸王II：新的挑战者，超级街头霸王II涡轮高清混音版，超级街头霸王II X"
"street_fighter_iii_(series)","第三次打击，街头霸王3，街头霸王III，街头霸王III：第二次冲击，街头霸王III：第三次打击"
"street_fighter_iv_(series)","街头霸王IV，超级街头霸王IV，终极街头霸王IV"
"street_fighter_zero_(series)","街头霸王阿尔法1，街头霸王阿尔法2，街头霸王阿尔法3，街头霸王零，街头霸王零2，街头霸王零3，街头霸王零I，街头霸王零II，街头霸王零III"
"street_hopper_(idolmaster)","街头跳跃者"
"streetcar","有轨电车"
"streets_of_rage","赤手空拳"
"streets_of_rage_4","赤手空拳IV"
"streetwear","都市风格"
"strelka_belca","能跑起来"
"strength_(black_rock_shooter)","力量，力量值（BRS）"
"stretch","做伸展运动|伸懒腰"
"stretching","拉伸"
"strict_nun_(diva)","脾气暴躁的修女（歌剧风），面带怒容的修女（歌剧风）"
"strider_hiryuu","飞龙骑士"
"strigidae","猫头鹰科10"
"strike_witches","/sw，水彩风格"
"strikebeagle","比格犬47400590"
"striker_daisy","前锋黛西"
"striker_peach","前锋桃子"
"striker_unit","强袭兵装"
"string","绳子"
"string_bikini","系绳比基尼"
"string_of_fate","命运的红线"
"string_of_flags","彩旗串"
"string_panties","系绳内裤"
"string_phone","杯状电话机，罐头盒电话机"
"strinova","卡拉比奥"
"striped","条纹样式的"
"striped_background","条纹背景"
"striped_bike_shorts","条纹短袜"
"striped_bikini","条纹比基尼"
"striped_bow","条纹蝴蝶结"
"striped_bra","条纹胸罩"
"striped_clothes","条纹服饰"
"striped_dress","条纹连衣裙"
"striped_gloves","条纹手套"
"striped_headwear","条纹帽"
"striped_hoodie","条纹连帽衫"
"striped_kimono","条纹和服"
"striped_legwear","条纹裤袜"
"striped_nails","条纹指甲"
"striped_necktie","条纹领带"
"striped_neckwear","条纹领子"
"striped_one-piece_swimsuit","条纹泳装"
"striped_panties","条纹内裤"
"striped_pants","条纹裤"
"striped_ribbon","条纹缎带"
"striped_scarf","条纹围巾"
"striped_shirt","条纹衬衫"
"striped_shorts","条纹短裤"
"striped_skirt","条纹裙"
"striped_sleeves","条纹袖子"
"striped_socks","条纹及膝长袜"
"striped_sweater","条纹毛衣"
"striped_swimsuit","条纹泳衣"
"striped_tail","条纹尾巴"
"stripper_pole","钢管舞用的钢管"
"stroking_another's_chin","挠下巴"
"stroking_own_chin","抚摸下巴，轻触下巴"
"struggling","挣扎"
"stubble","胡茬"
"stuck","壁尻"
"stud_earrings","耳钉"
"studded_belt","镶钉皮带"
"studio_ghibli","吉卜力风格"
"stuffed_animal","毛绒玩具"
"stuffed_bunny","兔子玩偶"
"stuffed_rabbit","毛绒兔子"
"stuffed_toy","填料布偶玩具"
"stuffed_winged_unicorn","填充角兽"
"stupa13a","最强阿纳海姆"
"sturmjaeger_(daybreaks0)","daybreaks0，斯图姆猎手（艺术家），斯图姆猎手"
"style_parody","画风模仿"
"stylus","数绘笔"
"suama_(haruichi)","春日苏阿玛"
"subaki_(fire_emblem)","椿_(火焰之纹章IF)"
"subarashiki_kono_sekai","世界因你而终结"
"subaru_nakajima","中岛 Subaru"
"subdermal_port","身体内部端口"
"submachine_gun","冲锋枪"
"submarine_princess","潜水姬"
"submerged","被淹没的"
"subob_(subobdesu)","吃西施，很美味"
"subtitled","带字幕的"
"subu_art","苏布德罗画作"
"succuboi","奇异造型"
"succubus","魅魔"
"succubus_(ragnarok_online)","女妖_(萝莉)"
"sucking_male_nipple","吸吮男性乳头"
"suction_cups","触手吸盘"
"sucy_manbavaran","性感男童装造型"
"sud_(sudea)","摇滚乐"
"sudhiro_sappurisa","苏迪罗"
"sudou_noboru","须藤真莲"
"suechimu","苏琪琪"
"suecovsky","乌芙拉"
"suegorou_(mousou_tokkyuu)","变身者"
"suelle_malen","苏埃勒·玛琳"
"suga_hideo","对美的热爱"
"suga_masashi","喜欢正志"
"sugai_(4ugaii)","裸体"
"sugamo_(rainysnowy108)","雨雪混合108"
"sugar_(sugarless)","sugar_(艺术家)"
"sugar_cube","方糖"
"suggestive_fluid","暗示性的白色液体"
"sugimura_tomokazu","过驱动效果，冲浪动作"
"sugina_miki","杉菜美希"
"sugou_asuka","明日香真可爱"
"suguri","suguri_（游戏）"
"suguri_(neroli)","巧克力狂热者，杉里（艺术家）"
"suguri_(orange_juice)","suguri_（角色名）"
"sui_(suizilla)","fug_(4chan)，逃亡者_(4chan)"
"sui-feng","索伊丰"
"sui._(ayase)","绿绫步"
"suibotsu_(wired)","ii_(有线版)_"
"suiheisen_made_nan_mile?","深蓝色天空与纯白色翅膀，深蓝色天空与纯白色翅膀，水无月所制的奈玛鲁，水无月所制的奈玛鲁？，水无月所制的奈玛尔"
"suika_aji","蜜瓜水柠檬"
"suikamaru","水滨丸"
"suikawari","切西瓜游戏"
"suikuzu","黄色毛发"
"suiri_(suiri_02)","堇凛"
"suiroh_(shideoukami)","phano_(125042)，照片风格"
"suisa_(mizsai)","水纱"
"suisai_(suisao)","水彩画"
"suisei_(kancolle)","水无月_舰姬Collection"
"suisei_no_gargantia","翠绿星球上的加尔刚蒂亚"
"suisen_(suisenhwa)","卡霍_奥科"
"suiso_(owp)","osu5i游戏"
"suit","西装"
"suit_jacket","西装外套"
"suitcase","手提箱"
"sukajan","纪念夹克"
"sukeban_(mg)_(blue_archive)","暴徒_(mg)_(蓝色档案)"
"sukeban_(smg)_(blue_archive)","暴徒_(冲锋枪)_(蓝色档案)"
"sukeban_(sr)_(blue_archive)","暴徒_(sr)_(蓝色档案)"
"sukemyon","喜欢"
"sukinako_ga_megane_wo_wasureta","我喜欢的那个女孩忘了戴眼镜"
"sukja","索罗尔普"
"sukly","宿切"
"sukonbu385","用户uwha8425"
"sukoyaka_(100hituzi)","齐藤加藤夫"
"sukusuku_hakutaku","白泽球"
"sul-lin-a_(hurukku)","苏琳娜"
"suletta_mercury","《机动战士高达：苍蓝的少女》主角"
"sully_(fire_emblem)","晚会，火之纹章晚会"
"sumari","莫古拉_(莫古拉108)"
"sumeragi_lee_noriega","夏日莉诺丽艾嘉"
"suminagashi","贝果麻糬，春日香（库斯基），雷电（阿尔蒂尔777）"
"sumioo_(sumikko_no_ousama)","y_(结衣大人)"
"sumire_(blue_archive)","雏花堇"
"sumirebatake","澄江丽人"
"sumisu_(mondo)","蒙多"
"sumisu_(rinsumi)","Sumifate风格"
"sumiya_nadateru","桂美5O"
"sumiyama_sui","e_sdss，扩展SDSS数据集"
"summary","删减版"
"summer","夏天"
"summer_festival","夏祭"
"summon_night_2","召唤之夜2"
"summon_night_3","召唤之夜3"
"summon_ticket_(fate)","召唤票"
"sumomomo_momomo","苏莫莫莫莫莫"
"sun","太阳"
"sun_hat","太阳帽"
"sun_shower","晴雨天气"
"sun_symbol","太阳符号"
"sun_tattoo","阳光纹身"
"suna_(sandworks)","阳光"
"suna_co","玛蕾_(慈悲)"
"suna_no_wakusei_(vocaloid)","沙丘_（VOCALOID），沙之行星_（VOCALOID）"
"suna_sen","海啸兽"
"sunahara_yoshimi","穿着长裙的女孩_(K-On!)_"
"sunaneko","砂奈子侧脸"
"sunanogimo","斯佩塞·蓬塔"
"sunanuko_(ramuneko)","紧贴脸庞的发型"
"sunao_(70_the)","七屋"
"sunao_na_kapipara","令人想亲吻的可爱角色"
"sunbeam","阳光"
"sunburst","日出时突现的光照"
"sunburst_background","马其顿国旗"
"sundae","圣代"
"sunday_aki","秋子，苔藓，笠"
"sundress","太阳裙|背心裙"
"sunegg1112","蛋子_(uhdr2338)"
"sunflower","向日葵"
"sunflower_hair_ornament","向日葵发饰"
"sunglasses","墨镜"
"sunimu","鲨鱼兄弟"
"sunken_fossil_world","东方红玉异闻"
"sunlight","阳光"
"sunmil","看太阳"
"sunnbnn","克克图斯"
"sunny_(azuma_shino)","阳光灿烂_(东信奈)"
"sunny_emmerich","阳光女孩卢科维奇"
"sunny_milk","阳光，阳光牛奶"
"sunnypoppy","阳光向日葵4"
"sunoharasou_no_kanrinin-san","日向庄看护人小姐"
"sunrise","日出"
"sunrise_stance","勇敢的视角"
"sunscreen","防晒霜"
"sunset","日落"
"sunset_nostalgie_(idolmaster)","日落怀旧感"
"suo_hayato","速人隼人"
"suo_sango","苍王三子"
"suoiresnu","帕斯里厄克斯风格"
"suomi_(girls'_frontline)","芬兰KP31_（少女前线），芬兰KP31_（少女前线）"
"suoni_(deeperocean)","suoni_(pixiv)的中文翻译为“suoni_(pixiv)”"
"suou_(sdurorhr)","绝望"
"suou_mikoto_(school_rumble)","凉宫春日"
"suou-sensei","聪明高跟鞋，eto_(nistavilo2)"
"supahbeefcakes","现代军装"
"super_blackjack","超级黑杰克"
"super_crown","库巴大王梗"
"super_hellrat","老鼠"
"super_karna_(fate)","超级卡纳"
"super_laoji","老爹禁止下游戏"
"super_mario_bros._1","马里奥兄弟，超级马里奥兄弟，超级马里奥兄弟。，超级马里奥兄弟"
"super_masara","真纱良"
"super_masara_ahegao","真纱良可爱脸"
"super_orion_(fate)","猎户座_（超级弓箭手）_（命运）"
"super_robot","超级机器人"
"super_robot_wars","/srw，超级机器人大战"
"super_robot_wars_og_saga_mugen_no_frontier","无尽边境"
"super_robot_wars_og_saga_mugen_no_frontier_exceed","无尽边境超越版"
"super_saiyan","超级赛亚人"
"super_saiyan_blue","超级赛亚人神，超级赛亚人"
"super_sass_(girls'_frontline)","超级傲慢_(少女前线)"
"super_smash_bros.","任天堂明星大乱斗，/ssb，/ssbb，/ssbm，超级任天堂明星大乱斗，超级任天堂明星大乱斗：混战模式，超级任天堂明星大乱斗：混战版，超级任天堂明星大乱斗：近战模式，超级任天堂明星大乱斗：近战版，超级任天堂明星大乱斗：终极版，任天堂明星大乱斗系列，任天堂明星大乱斗系列：混战模式，任天堂明星大乱斗系列：近战模式"
"super_soaker","超级水枪"
"super_sonico","索尼克，索尼克，超级索尼克"
"super_star_(mario)","力量之星（马里奥），星人战士（马里奥）"
"super-shorty_(girls'_frontline)","超级短裙_少女前线，超级短裙_少女前线"
"superb_bird-of-paradise_(kemono_friends)","大洛福瑞娜_(动物朋友)"
"superbull","超级公牛164164"
"superfann","超级粉丝3"
"supergirl","卡拉·佐尔-艾尔"
"superhero","超级英雄"
"superhero_costume","超级英雄，超级英雄们"
"superhero_landing","三点着陆"
"supershiruco","看穿"
"supply_depot_princess","补给站姬"
"suppressor","消音器"
"sura_(ragnarok_online)","修拉_《诸神黄昏在线》"
"suraimu_(suraimuraimu)","猫耳少女_jun2_123"
"suranaki","曲目"
"surcoat","苏尔外套"
"surfboard","冲浪板"
"surge_(pokemon)","军医中尉，军医中尉，宝可梦军医中尉，宝可梦军医中尉，LT. Surge，LT. Surge，LT_Surge，LT_Surge，宝可梦LT. Surge，宝可梦LT. Surge，宝可梦LT. Surge，玛奇苏（宝可梦），玛奇苏（宝可梦），马蒂斯（宝可梦）"
"surgical_mask","医用口罩"
"surio","玩具箱-R"
"surprise_kiss","惊喜之吻|意外之吻"
"surprised","惊讶"
"surre_academy_school_uniform","超现实学院制服"
"surreal","怪诞的|超现实主义"
"surtr_(fate)","苏尔特尔_(命运/冠位指定)"
"surtr_(fire_emblem)","苏尔特_(火焰之纹章英雄传)"
"surtr_(housamo)","苏尔特_(东京放课后的召唤师们)"
"suru_(ksoo420)","雪露"
"suru_(seiya)","seiya_(艺术家)，user_ayna4357"
"surume_(su1193)","穆阿埃亚"
"survey_corps_(emblem)","调查兵团徽章"
"susan_(rakeemspoon)","苏珊_（拉基姆·加西亚-库埃托）"
"susanghan_messenger","神秘信使"
"susato_mikotoba","言叶的故乡"
"sushi","寿司"
"sushikuugo_(suisen)","水仙花"
"sushimekabu","桔梗千里波，寿司面糊"
"sushitarou","大虾酱，静子1016"
"sushoartworks","绘本金属风，弗朗西斯科·富恩萨利达，牧野阿托里"
"suspended_congress","火车便当式体位"
"suspender_shorts","吊带短裤"
"suspender_skirt","吊带裙|挂肩宽阔外长裤"
"suspenders","背带"
"suspension","悬吊绑缚"
"sussurro_(summer_flower)_(arknights)","低语_(夏日花朵)_(明日方舟)"
"susuim","苏苏酱_小红书"
"sutare_yume","过时的梦想"
"suteba_(grzjkbhgf)","隐匿之鸟"
"sutekina_awa","旋转激光束"
"sutochan","suto_(iamsuto)，须藤"
"suu_(shugo_chara!)","苏乌_(守护角色)"
"suufunkan_no_yell_wo","片刻的欢庆时刻"
"suujiniku","修习记"
"suuroku","宋璐"
"suyamori","凉宫春日2"
"suyohara","须磨原"
"suzaku_(oekaki_no_sekai)","铃鹿_（画师名）"
"suzaku_(zaku6584)","zoff_（达莉亚）"
"suzi_q","苏西·夸特罗"
"suzu_(user_kdex8732)","水铃音jj"
"suzuhane_suzu","铃叶铃子"
"suzuhi_(fullprayer)","FLPRAYER角色"
"suzuhira_hiro","铃平广"
"suzuiro_(chocolatte)","冰霜系角色"
"suzuka_(suzukawu)","铃鹿_(用户_vmxw2538)"
"suzukaze_(kancolle)","风铃_(舰姬Collection)"
"suzuke","Sudzuke风格"
"suzuki_(girls_und_panzer)","铃木玛丽亚"
"suzuki_ayane","西涅莉亚，赛妮莉亚"
"suzuki_jirou","铃木次郎"
"suzuki_ken'ya","铃木肯尼亚"
"suzuki_kyoutarou","S_京太郎"
"suzuki_noritaka","铃木宪隆"
"suzuki_sayaka","六口"
"suzuki_tsuta","被铃木捡到"
"suzumaru","苦追不已"
"suzume_(princess_connect!)","天野铃子"
"suzume_(rance)","铃子_（战国兰斯）"
"suzume_miku","凉宫春日"
"suzumi_(blue_archive)","森月铃美"
"suzumi_(fallxalice)","ryou_(fallxalice)，凉子_(fallxalice)"
"suzumiya_haruhi","凉宫春日，/sh"
"suzumiya_haruhi_no_shoushitsu","长门有希（校园版），/shns，凉宫春日（校园版），凉宫春日的消失"
"suzumiya_haruhi_no_yuuutsu","/shny，凉宫春日的忧郁，凉宫春日的悲伤"
"suzumushi_(tanpopo_cha)","铃音114"
"suzuna_(princess_connect!)","南铃奈"
"suzunone_rena","铃音丽奈"
"suzunosuke_(sagula)","萨古拉"
"suzuran_(lostlands_flowering)_(arknights)","铃兰_(荒原之花)_(明日方舟)"
"suzutarou_gunsou","H3PO4千叶，铃太郎剑心"
"suzutsuki_(kancolle)","铃月_(舰队Collection)"
"suzutsuki_kurara","龙月库拉拉"
"suzuya_(kancolle)","铃谷_(舰队Collection)"
"suzuya_kirie","铃村桐莉"
"sv-98_(girls'_frontline)","sv-98_（少女前线）"
"svd_(girls'_frontline)","svd_（少女前线）"
"sw_haze","雾之谷_(作品)"
"swain_(league_of_legends)","杰里科·斯温"
"swapnote","《伊豆之国见闻日记》，任天堂信封盒"
"swastika","万字符"
"sweat","汗水"
"sweatband","吸汗带"
"sweatdrop","汗珠"
"sweater","毛衣"
"sweater_around_waist","束在腰上的毛衣"
"sweater_dress","毛衣连衣裙"
"sweater_vest","毛衣背心"
"sweating_profusely","大汗淋漓"
"sweatpants","运动裤"
"sweatshirt","长袖运动卫衣"
"sweden_(hetalia)","贝尔瓦尔德·奥克森施蒂尔纳"
"swedish_air_force","瑞典空军"
"swedish_text","瑞典的"
"sweet_potato","甘薯"
"sweetonedollar","咖啡与猫咪柳树组合"
"sweets","糖果"
"swept_bangs","扫把状刘海"
"swiftsure_(beauty_of_white_jade)_(azur_lane)","swiftsure_（珠光美貌）_（碧蓝航线）"
"swiftsure_(study_hall_cyclamen)_(azur_lane)","swiftsure_（隐秘仙客来）_（蔚蓝航道）"
"swim_briefs","泳裤"
"swim_cap","泳帽"
"swim_trunks","泳裤"
"swimming","游泳"
"swimsuit","泳装"
"swimsuit_aside","把泳衣的裆部挪到一边"
"swimsuit_cover-up","掩饰真相"
"swimsuit_of_perpetual_summer","常夏的泳衣(fgo学妹灵衣)"
"swimsuit_pull","扯下泳衣"
"swimsuit_theft","泳装小偷"
"swimsuit_under_clothes","里面穿着泳衣"
"swimwear","泳衣"
"swing","摆动"
"swinging_(relationship)","角色互换"
"swirl_lollipop","漩涡棒棒糖"
"swiss_roll","卷蛋糕"
"switzerland_(hetalia)","巴施·茨温利"
"sword","剑"
"sword_art_online","/sao，圣母角色"
"sword_art_online:_alicization","剑网3：艾莉西泽化"
"sword_art_online:_alicization_-_war_of_underworld","剑网3：暗黑之境之战"
"sword_art_online:_unleashed_blading","剑网3：艾莉西泽的炼金术，上升之钢"
"sword_mastery_academy_school_uniform","剑术学院制服"
"sword_of_hisou","绯想之剑"
"sword_over_shoulder","靠在肩上的剑"
"swordsman_(sekaiju_4)","兰茨克内希特_(世界巨兽_4)"
"swordsman_(sekaiju)","陆地步兵_(巨兽)"
"swordwaltz","埃科格拉夫艺术标志，剑之华尔兹"
"syabbal-i","tiqmtiqmcnd，提克米特克米恩德"
"syagamu","handot_(d_yot_)，手绘风格，d_yot_风格"
"syaraku","用户_kwth5452"
"syelzaweed","风之意志"
"sygnuss.exe","sygnuss.exe_（艺术家名）"
"sylphid_(last_origin)","P-18级，天女精灵"
"sylvia_(huajiuhuajiu)","斯莱维娅"
"symbol_in_eye","眼睛里有符号"
"symbol-shaped_pupils","符号形瞳孔"
"symbolism","象征性的"
"symmetra_(overwatch)","萨蒂亚·瓦斯瓦尼"
"symmetrical_docking","胸部贴着胸部"
"symmetry","左右对称"
"symonne_(tales)","赛蒙_（故事版）"
"syope","Shope相关内容"
"syoya","小夜子"
"syringe","注射器"
"syrup_(yes!_precure_5)","糖果色_(普丽库尔)"
"syumashi","修马希"
"syunzou","顺造"
"szayelaporro_granz","萨耶尔·阿波罗·格兰兹"
"t-5000_(girls'_frontline)","T-5000_（少女前线）"
"t-head_trainer_(umamusume)","T头训练器"
"t-shirt","T恤"
"t'au","塔乌"
"t1kosewad","搞不懂"
"ta_ga_tame_no_alchemist","敢于驯服的炼金术师"
"ta-class_battleship","提督级_(舰姬Collection)"
"ta152_(graf_zeppelin)","格拉夫齐柏林"
"taa_(acid)","tam_(cuq)，塔姆_(库克)"
"tab_head","荒野大镖客"
"tabard","搭肩衫"
"tabayan_jigokuhen","萨曼莎_艾克斯"
"tabi","足袋"
"tabi_(tabisumika)","请停止"
"tabiaki_(cosy_catastrophe)","鬼灭之刃"
"tabitha_(pokemon)","晓美焰_(宝可梦)"
"table","桌子"
"table_humping","桌上性行为，桌面性爱"
"table_tennis","乒乓球，乒乓运动"
"table_tennis_ball","乒乓球"
"table_tennis_paddle","乒乓球拍，乒乓球拍，乒乓球球拍，乒乓球球拍，乒乓球 racket"
"tablecloth","台布"
"tablet_pc","平板电脑"
"tabletorgy","反英雄，普罗布雷布丹"
"tabun_(osoracu)","女性向"
"tac-50_(girls'_frontline)","TAC-50_（少女前线）"
"tacco_(tikeworld)","提克世界"
"tachi_(gutsutoma)","塔博"
"tachi_(tachibana)","犬耳娘"
"tachi-e","立绘"
"tachibana_amane_(amane01a)","橘子_(pixiv932066)"
"tachibana_himeko","坐在由衣旁边的女孩（K-On!）"
"tachibana_jun'ichi","橘纯一"
"tachibana_kanade","天使_(angel_beats!)，天使_(angel_beats!)，天使_(angel_beats)"
"tachibana_momoka_(bubukka)","橘桃子"
"tachibana_shiro_(idolmaster)","橘白郎"
"tachibana_sugane","橘宿根"
"tachibana_yuu","高跟_(Pixiv)"
"tachikawa_mushimaro","大师比莫"
"tachikawa_nobuo","ts萝莉大叔桑（隆娜）"
"tachikawa_yoru_(dragoaman)","立川夜子"
"tachikoma_(mousou_teikoku)","妄想帝国"
"tachitsu_teto","铁铁忒托"
"tactical_clothes","战术服装"
"tada-kun_wa_koi_wo_shinai","塔达从不坠入爱河"
"tadakichi-san","忠吉"
"tadano_kagekichi","影击亮"
"tadano_natsu","田野_（托利亚埃祖页面）"
"tadano_yukiko","葵由纪"
"tadatomo_(housamo)","多田智人_（东京放课后的召唤师）"
"tadokoro_nurikabe","海苔仙贝_(norisenbei_1)"
"tagme","给我加标签"
"taguchi_kenji_(omaep)","欧麦普"
"taharu_kousuke","塔哈尔"
"tahra","金京焕"
"taht_(that_is_mm)","莫托塔"
"tai_mian_meng_meng","田面武志，武志"
"taiga_hiroyuki","泰戈浩之，辉太组合"
"taiga_shinjirou","太刀川慎二郎"
"taigaxholic","文豪野犬"
"taigei_(christmas_mode)_(kancolle)","龙皇_圣诞模式_坎科雷"
"taigei_(kancolle)","太阁_(舰队Collection)"
"taigong_wang_(fate)","太公望（Fate）"
"taiho_shichauzo","你已被逮捕，你已被逮捕_（漫画版）"
"taihou_(forbidden_fruit)_(azur_lane)","泰豪_禁宴_碧蓝航线"
"taihou_(kancolle)","太鼓之神_(舰队Collection)"
"taiju_(gr09kuma)","gr09kuma，熊角色"
"taikodon","敦_太一堂，太一堂"
"taikyoku_tsurugi","太刀越突刺"
"tail","尾巴"
"tail_bell","尾巴系着铃铛"
"tail_between_legs","尾巴蜷到两腿之间"
"tail_bow","尾巴系着蝴蝶结"
"tail_censor","尾巴遮住三点|用尾巴打码"
"tail_grab","抓着尾巴"
"tail_hug","抱着尾巴"
"tail_raised","尾巴抬起，尾尖上翘，尾巴高高竖起"
"tail_ribbon","尾巴系着缎带"
"tail_through_clothes","尾巴露出，开叉尾装"
"tail_wagging","摇尾巴"
"tail_wrap","用尾巴拥抱"
"tailblue","蓝色尾巴"
"tailbox","白盒模式，XBOST"
"tailcoat","燕尾服"
"tailless_(zenless_zone_zero)","无尾的"
"tailmon","加特蒙"
"tailred","红色尾巴"
"tails_(sonic)","迈尔斯·普罗沃"
"tailtiu_(fire_emblem)","tiltyu_（火焰之纹章）"
"tailyellow","黄色尾巴"
"taimadou_gakuen_35_shiken_shoutai","反魔法学院：第35测试小队"
"taimanin_murasaki","魔界骑士英格丽德"
"taira_no_kagekiyo_(fate)","牛若丸_(复仇者)__(命运)"
"taisa_(kari)","铁托库1980"
"taisai","福萨玛古纳"
"taishou_otome_otogibanashi","大正恋爱物语"
"taiso_samurai","体操武士"
"taiwan","中华人民共和国（1949年后）"
"taiyaki","鲷鱼烧"
"taiyaki_(powan_po40)","天子_pwmp"
"taiyo_pepper","太阳辣椒"
"taiyou_(kancolle)","太阳_(舰队Collection)"
"taiyou_no_kiba_dougram","太阳之牙双图"
"taiyou_no_yuusha_fighbird","勇敢的太阳之鸟"
"tajikarao_(housamo)","塔吉卡劳_（东京放课后的召唤师）"
"tajima_ryuushi","田岛隆志"
"tajima_yoshikazu","nicky_(pipin)，尼基_(皮平)"
"tak0baka","高坂"
"taka_(ace_attorney)","鬼人斩_极天变幻"
"taka_(takahirokun)","隆弘君"
"taka_oedo","腐口观"
"takabow","剧情"
"takabushi_kengo","肯戈_（放送部），肯戈_（东京放学后召唤师）"
"takada_hiro","广人"
"takaha_momo","高场桃子"
"takahashi_amato","高桥_塞维奥"
"takahashi_fuuko","开幕仪式上站在MIO身后的女孩，（K-ON!）开幕仪式上站在MIO身后的女孩"
"takahashi_keita_(yakitomato)","高桥（八重番茄）"
"takahashi_myojin","高桥名信"
"takahata_yuki","银杏_(人字拖)"
"takahiro_(rikky)","波林基"
"takajo_kyoji","高城京治"
"takamachi_nanoha","/tn，角色扮演"
"takamaki_anne","高槻安奈，高槻安珠"
"takaman_(gaffe)","尼科尼克西罗"
"takamatu_hajime","高桥智树"
"takami_masahiro","绘里奈，绘里奈酱"
"takamine_nadare","娜达蕾小姐_(nadare3nwm)"
"takana_shinno","GP儿童向"
"takanae_kyourin","高根清丽"
"takanami_(kancolle)","高波_(舰姬Collection)"
"takanashi_akihito","羊"
"takanashi_kiara_(casual)","高梨基娅拉（第二套服装）"
"takanashi_kiara_(dirndl)","高梨基娅拉（第五套服装）"
"takanashi_kiara_(fever_night)","高梨基娅拉_（第七套服装）"
"takanashi_kiara_(knight)","高梨基娅拉（第六套服装）"
"takanashi_kiara_(new_year)","高梨基娅拉_（第四套服装）"
"takanashi_kiara_(party_dress)","高梨基娅拉（第三套服装）"
"takanashi_touka","高梨透香"
"takane_(blue_archive)","宫下高根"
"takane_lui_(casual)","高根琉衣（第三套服装）"
"takane_lui_(new_year)","高根琉衣（第二套服装）"
"takano_jiyuu","夜鹰老师"
"takano_saku","高野坂"
"takano_ui","尤伊楚"
"takao_(kancolle)","高尾_(舰队Collection)"
"takao_(school_romanza)_(azur_lane)","高尾_(学院浪漫曲)_(碧蓝航线)"
"takao_(the_lessons_of_spring)_(azur_lane)","高尾_(春日学习)__(碧蓝航线)"
"takara_akihito","三族之歌"
"takarada_orie","高仓里佳的母亲"
"takarai_shunsuke","北林内部"
"takaraizu","羽藤小狼，仓宫羽藤"
"takasaka_light","轻井泽光"
"takasaki_yu","安达酱_(LoveLive!)，高崎由宇"
"takase_asagiri","努科_护身符"
"takase_muh","高濑穆"
"takase_shin'ya","高濑信也"
"takashi_shirogane","白虎_金刚狼"
"takashima_shoa","shoa_tksm，肖亚_特克斯姆"
"takasuma_hiro","河马_(弯腰姿势)"
"takato_kurosuke","高藤黑辅"
"takatoo_nanase","七濑隆人"
"takatsu_keita","高津"
"takatsuki_akira","赫伦因"
"takatsuki_nato","月夜美"
"takatsuki_p","乌龙茶"
"takaya_n","卡基，卡基_（pixiv4742）"
"takaya_riku","高屋_(非便便_0112)"
"takayama_dan","优赞丹"
"takayama_toshinori","照烧风味"
"take_(kancolle)","拿取_(舰姬Collection)"
"take_nii","h1p-h0p8888，希望之光"
"take_no_ko_(dodon)","dodon06，由美子光希"
"take_toshiaki","赤木武，赤木刚宪"
"take_your_pick","选哪个好呢"
"takeawatch","taw_(993004677)，塔乌_993004677"
"takeba_yukari","竹叶由香里"
"takechi_akinobu","奇怪的声音"
"takechii","takechii_(user_fpya5735)，竹井_（用户fpya5735）"
"takeda_aranobu","荒野武士"
"takeda_kanryuusai","金龙赛老师"
"takei_ooki","竹井奥基"
"takemaru_(housamo)","竹丸_（东京放课后的召唤师）"
"takemi_kaoru","科罗斯克"
"takemori_shintarou","雨师修守，战斗备前大船"
"takemura_kou","竹村光0606"
"takemura_sessyu","下井草，竹村节秀"
"takena-c","新月精灵"
"takenaka_hanbee_(oda_nobuna_no_yabou)","竹中半兵卫_（织田信长之野望）"
"takenaka_hanbee_(sengoku_basara)","竹中半兵卫_（战国无双）"
"takenoko_(531)","竹野宏"
"takenoko_mgrc","安民朵呼呼呼"
"takenoko_pengin","高志企鹅"
"takeoff","起飞"
"takeshima_eku","竹岛_(妮亚)"
"taketora_suzume","武虎"
"taketori_monogatari","砍竹子的人的故事"
"takeuchi_ryousuke","龙之介太郎"
"taki_eri","坐在律前面的女孩（K-On!）"
"taki_minashika","水无月塔姬"
"taki_tohko","东子"
"taki_zawayuki","高泽由纪，zwzwyk"
"takibi_(tamikyo)","踢踏舞"
"takigawa_geenito","竹川惠人同人"
"takimoto_yukari","高志_猫耳"
"taking_picture","拍照|自拍"
"takishima_asaka","+传承"
"tako-san_wiener","章鱼香肠"
"takodachi_(ninomae_ina'nis)","塔子_(二之前伊奈妮丝)"
"takoneru","拓巧"
"takopii_no_genzai","塔科皮的初始罪孽"
"takoyaki","章鱼烧"
"takoyaki_(roast)","我试试看，塔子_吐槽"
"takuan_(a_mood_home)","用户_ncyp5482"
"takubon","takubon_(xewh4773)，高邦"
"takuma.s","无/最小值_(数值调度)"
"takumi_(fire_emblem)","巧美_(火焰之纹章IF)"
"takumi_(prince_of_soup)_(fire_emblem)","巧美_(新年)_(火焰之纹章)"
"takumi_(rozen_garten)","巧美_(pixiv_41899)"
"takurowo","拓郎"
"takushi_(taxi739)","tada_(anuanu134)，惊喜时刻"
"tales_of_phantasia","幻想传说X"
"talia_(grs-)","高腰下装_（grs-）"
"talisman","画符"
"talking","有台词的"
"talking_on_phone","打电话"
"tally","计数|画正字"
"talon_feather_(last_origin)","e-16_利爪羽毛"
"talons","鸟爪"
"talos_(housamo)","塔洛斯_（东京放课后的召唤师们）"
"tam_o'_shanter","苏格兰平顶帽"
"tama_(drawingchisanne)","玉子_(柴)"
"tama_(hiroshige_36)","广重_36"
"tama_(kancolle)","玉子_(舰姬Collection)"
"tama_(tamago)","玉子_(seiga46239239)"
"tama_(tamatamo)","黑之库罗内尔"
"tama_(tamathersky)","塔玛瑟斯凯"
"tama_(wixoss)","玉子_(感染了巫女座的筛选器)"
"tama_home","tm_(shiuiti)，猫咪风格"
"tama_two_(fukuya)","白玉_福谷"
"tama_yu","灵魂洋溢"
"tama-san_daioh","丸山武藏"
"tamada_tamaki","玉田_(少女与战车)"
"tamade_chiyu","楚二_（Bang_Dream!）"
"tamafry","塔玛弗里斯"
"tamagoroo","塔玛戈鲁_（Funifuni Labo）"
"tamagoyaki","蛋卷"
"tamagoyaki_pan","卷烧锅，长方形煎锅"
"tamaki_(princess_connect!)","宫坂玉树"
"tamaki_iori","水族馆塔玛"
"tamaki_nozomu","玉城望"
"tamaki_shin'ichirou","玉城信一郎，玉城信一郎"
"tamamo_(fate)","玉藻前_(Fate)_(全系列)"
"tamamo_cat_(fate)","玉藻前猫_(命运/冠位指定)"
"tamamo_no_mae_(fate/extra)","卡斯特（命运/extra），玉藻前（命运）"
"tamamo_no_mae_(jk)_(fate)","玉藻前_少女版_(Fate)"
"tamamura_gunzo","gunzo_(放送部)，gunzo_(东京放学后召唤师)"
"tamaoki_benkyou","玉置便当"
"tamaon","蛋包熊，塔玛兽"
"tamawo_(mu_gi2)","玉子酱"
"tamayume","世成蛋"
"tamba_i","外部私密内容"
"tambourine","手鼓"
"tami_(joemanyodw)","诺明·乔埃曼约德威"
"tami_tome_mo","可爱度1，魅力提升"
"tamonmaru","玉子丸"
"tamori_tadaji","塔莫里塔达迪"
"tamuhime","田村香菇"
"tamute_(2580rs)","2580rs，塔穆塔穆-T"
"tan","小麦色(皮肤)"
"tan_(inka)","棕发，充电中"
"tan_background","棕褐色背景"
"tan_yang_(kancolle)","丹阳_(舰姬Collection)，谭阳_(舰姬Collection)"
"tana_(noble_and_nimble)_(fire_emblem)","塔娜_夏日_火焰之纹章"
"tanabata","七夕"
"tanabe","芒果嘌呤"
"tanaka_(fate)","田中_（Fate/Caliber）"
"tanaka_gorbachev","萨瓦尼"
"tanaka_gundham","田中健斗"
"tanaka_kaori","索拉雅传奇，索拉雅传奇"
"tanaka_keiichi","桂老师"
"tanaka_ken'ichi","田中健一"
"tanaka_rie","田中理惠"
"tanaka_shoutarou","北河三"
"tanaka-kun_wa_itsumo_kedaruge","田中君总是无精打采，田中家"
"tanakalma","爆乳，田中玛斯嘉"
"tanbonota46","丹波之塔"
"taneda_yuuta","种子帝都"
"taneshima_popura","谷岛波普拉"
"tangzhuang","唐装"
"tanikake_yoku","悠久的时光2"
"tanikaze_(kancolle)","风雷-(舰姬Collection)"
"tanisi_(hosimade)","田中谷"
"tanjunde","在世界上活九个（野菊），醒来"
"tank","坦克"
"tank_top","无袖紧身背心"
"tankini","坦基尼"
"tanlines","晒黑痕迹，晒痕，多处晒黑痕迹"
"tanned_girl_(kamisimo_90)","晒黑女孩_由芽"
"tanny_v","超棒的穆斯普莱姆"
"tanpaku_(oqu_2)","用户muet3237"
"tantei_opera_milky_holmes","乳色霍姆斯"
"tantei_wa_mou_shindeiru","侦探早已死去"
"tanto_(tc1995)","坦图_(tc1995)"
"tantou","短刀"
"tanuki","狸"
"tanuki_(ame_to_kimi_to)","狸猫_(二階堂光)"
"tanuki_(die_abendwolke)","狐妖_(二阶)"
"tanuki_nishi","巨乳，kt_(ktakbl0)"
"tanzaku","长条诗笺"
"taowu_(20809)","少女"
"tape","胶布"
"tape_censor","审查胶带"
"tape_gag","嘴里贴着胶布并被绑起来"
"tape_maebari","在私处贴胶带"
"tape_measure","卷尺"
"tapir_tail","貘尾"
"tapris_chisaki_sugarbell","千咲·塔普里斯·苏格贝尔"
"tar-21_(girls'_frontline)","tar-21_（少女前线）"
"tarakanovich","为什么_(艺术家)"
"taranboman","塔兰波"
"taras-kun_(mullmull02)","塔拉斯君"
"tarasque_(fate)","塔拉斯克_命运"
"tarayuki","雪月花"
"tareme","无辜的眼神|眼神柔弱"
"tarnyang_(queen's_blade)","塔尼扬"
"taro_(peach_taro51)","塔罗_（pixiv34317323）"
"taro_(tontaro)","塔罗_（塔罗）"
"taromarun","美铃风，妮雅回应"
"tarot","塔罗牌"
"tarot_card","塔罗牌（卡片）"
"tarou_(komekueyo)","快点来哦"
"tarouoga","用户_vtcz2327"
"tart_(fresh_precure!)","糖果系（Precure）"
"tartaglia_(genshin_impact)","希尔德_(原神)"
"tarte_(hodarake)","熊_(达拉凯豪代)"
"taru_neko","mkpower力量值"
"tarutaru_yamaoka","三巴桑巴"
"tarutoru","冰之巴农，冰之巴农"
"tasaka_shinnosuke","丘丘警察，宝珠信之助"
"tashkent_(kancolle)","塔什干_(舰队Collection)"
"task_owner","任务大野，达斯库大野，达斯库奥纳"
"tasogare_otome_x_amnesia","黄昏遗忘少女，暮色恋姬遗忘篇"
"tassel","流苏"
"tassel_hair_ornament","发饰流苏"
"taste_of_a_liar_(meme)","骗子的味道"
"tasty_(dudwofla)","哈利_(dudwofla)"
"tasukete_eirin","抚摸艾琳"
"tasuki","襷"
"tatakae!!_iczer-1","战斗！_伊策尔-1"
"tatakau_shisho","班托拉之书"
"tatami","榻榻米"
"tatami_to_hinoki","本庄榻榻米"
"tatata","罗里波"
"tate_(pokemon)","富乌_(宝可梦)"
"tate_eboshi","乌纱"
"tate_no_yuusha_no_nariagari","盾之英雄的崛起"
"tateha_(marvelous_grace)","tateha_（艺术家）"
"tateishi_kureha","哈玛由_利托雷"
"tatejima_uri","蕾伊_电影版"
"tatiana_(fire_emblem)","teeta_(火之纹章)"
"tatsuki_kurisu","曲里丝_gbsd，曲里丝_ttk_x"
"tatsuma_daisuke","龙马大辅"
"tatsumaki","可怕的龙卷风"
"tatsumi_kyouhei","长舌女"
"tatsumi_ray","龙宫蕾伊"
"tatsumi_yashiro","miya_(miya-pi)，美亚（美亚皮）"
"tatsunami_youtoku","勇斗·龙卷"
"tatsuno_newo","tatu_nw，塔图 NW"
"tatsuta_(kancolle)","龙田_(舰姬Collection)"
"tatsuyoshi_(zawahomura)","upiupi2，乌皮乌皮2"
"tattoo","纹身"
"tattsun_(blue&hazel)","努可诺可_(8731)"
"tauren_(warcraft)","牛头人"
"taut_clothes","绷紧的衣服"
"taut_dress","绷紧的连衣裙"
"taut_shirt","绷紧的衬衫"
"tav_(baldur's_gate)","tav_(博德之门3)"
"tavi_(hosheezus)","高腿装塔维"
"tawara_touta_(fate)","田原冬华（命运/冠位指定）"
"tayashigu_(suisyounohosizora)","美丽的天空"
"tayutama","亲吻我的神明"
"tda_model_(mikumikudance)","VOCALOID_(TDA类型版本)"
"tea","茶"
"tea_(cafe-chan_to_break_time)","茶酱_(波鲁琳)"
"tea_(nakenashi)","茶_(艺术家)"
"tea_set","茶具"
"teabag","茶包"
"teacher","教师"
"teacup","茶杯"
"team_9","⑨之组"
"team_9_(touhou)","巴夸特队，9号战队"
"team_aqua_grunt","水色土豚"
"team_galactic_grunt","银河系士兵"
"team_magma_grunt","岩浆低吼声"
"team_plasma_grunt","等离子体 grunt"
"team_rocket","火箭队"
"team_rocket_grunt","火箭步兵"
"teamwork","团队合作|多名女性服侍"
"teana_lanster","蒂安娜·兰斯特"
"teapot","茶壶"
"teardrop","泪珠"
"tearing_clothes","撕破衣服"
"tearing_up","要哭的表情"
"tearmoon_teikoku_monogatari","泪月帝国"
"tears","眼泪"
"tears_from_one_eye","单眼流泪"
"teasing","戏弄"
"tebamaru","nukonuko0112，tbsk艺术作品"
"tebi_(tbd11)","待定11"
"tecoyuke","teco_uk，英国版"
"teddy_(pgr)","泰迪熊_（惩罚模式：灰鸦）"
"teddy_bear","泰迪熊"
"teddyellow","金色夕阳"
"teddypocky","泰迪_(剑心)"
"teemu_taiga","泰穆·拉辛康加斯"
"teen_(teen629)","哈塞沃克斯"
"teenage","青少年|青少年化"
"teenage_mutant_ninja_turtles","/忍者神龟"
"teeny_(mon-musu_quest!)","小型拉弥亚_(怪物音乐任务！)"
"teepo_(tales)","蒂波_希莉亚"
"teeth","牙齿"
"tegaki","来自tegaki博客"
"tehwi","努阿维克"
"teikoku_shounen","帝国少年"
"teisei_misagi","konwashi_2，白鹤市，帝星渚"
"teisel_bonne_(mega_man)","泰塞尔·邦妮"
"teita_(88_taho)","88_taho，塔霍"
"teito_(0w0kuma)","0w0熊"
"tejina_senpai_(series)","神奇学长"
"tekehiro","六元素炼金术"
"teketeke_(tasutekete)","温柔体贴"
"teketi","用户_dydc7832"
"tekitou_nimo_hodo_ga_aru","铁人二世"
"tekka_maki_(wafuu-bune)","外轨"
"tekki_(tki)","sanditk_gbf，桑迪特克_GBF"
"tekuteku_(yuuhodou)","特塞诺奇"
"telekinesis","念力"
"telephone_pole","弱电柱|通信电塔"
"telescope","望远镜"
"teletha_testarossa","特蕾莎·特斯塔罗萨，泰莎·特斯塔托萨"
"television","电视"
"tellah","泰拉"
"telstar","泰事达牌足球"
"telu_(teluscarlet)","teru_(teru170)，辉_(teru170)"
"tem_(tempainting1)","光环_(lelelelelemo)"
"temari_(naruto)","手鞠"
"temenos_mistral","特梅诺斯_(八方旅人)"
"template","可利用的"
"tempty_(voice_actor)","tempty_（配音演员）"
"tempura","天妇罗"
"tempy_(rinsia)","tempi_(yise426)，节奏设定"
"temujin_(housamo)","铁木真_(东京放课后的召唤师们)"
"temurei_(vovovov)","哇哇哇哇"
"ten_(tenchan_man)","天蝉男，ten_(m12uki17)"
"ten_no_hate_no_phoenix_e_(project_sekai)","遥远天空中的凤凰（Project Sekai），迈向天边之凤凰（Project Sekai）"
"ten_ten_10_10","中川青蓝"
"ten'ou_haruka","天女春香，天乃春香，天女春香"
"tenako_(mugu77)","阿托鲁姆，雏衣_(9wa)"
"tenbin_gashira","阿吉阿梅巴"
"tenbou","里一棒，天保"
"tench","鲤鱼_(鲤鱼巢)"
"tenchi_muyou!","天外魔境，天外魔境"
"tenchi_muyou!_gxp","天外魔境GXP"
"tenchi_souzou","泰拉尼格玛"
"tenchisouha","杰尼马罗"
"tendo_teru","天童照流"
"tendoshi","天冬草"
"tendou_akane","天堂茜"
"tendou_kasumi","天堂霞"
"tendou_nabiki","天堂奈美纪"
"tendou_souun","天堂走廊"
"tenebria_(epic_seven)","暗影之境_(史诗7)"
"teng_zhai_zi","绝望之翼"
"tengen_toppa_gurren_lagann","反叛的鲁路修，天元突破红莲螺岩，/ttgl"
"tengen_toppa_gurren_lagann:_lagann-hen","天元突破红莲螺岩：螺岩篇"
"tengen_toppa_gurren-lagann_(mecha)","天元突破红莲螺岩（机甲）"
"tengo_(maotengo)","毛天狗"
"tengoku_daimakyou","天国般的错觉"
"tengu","天狗"
"tengu_(tetuo_kun)","铁头君"
"tengu_mask","天狗面具"
"tengu-geta","天狗木屐"
"tenhiro_naoto","天广直人"
"tenjiku_nezumi","天狗鼠"
"tenjou_tenge","天女战姬"
"tenjouin_asuka","亚历克西斯·罗兹，亚历克西斯·罗兹"
"tenjouin_fubuki","阿提库斯·罗兹"
"tenki_no_ko","与你一起经历风霜"
"tenkomori_(bug_kura)","莫可罗"
"tenkubashi_tomoka","天久桥智子"
"tenkuu_no_escaflowne","天空之艾斯卡弗洛涅，艾斯卡弗洛涅的远景，艾斯卡弗洛涅远景篇"
"tenkuu_no_shiro_laputa","天空之城，拉普达，拉普达：天空之城，拉普达天空之城"
"tenkuu_senki_shurato","天球传奇修罗托，天空战记修罗托"
"tenma_(project_moon)","天马_鲁伊纳之书"
"tenni_noboru","十名兽人"
"tennis_ball","网球"
"tennis_no_ouji-sama","网球王子"
"tennis_racket","网球拍"
"tennis_uniform","网球衫"
"tennoji_rina","天野寺理奈"
"tennomifune_academy_school_uniform","天女船学院制服"
"tennouji_yuugo","布朗先生"
"tennousu_athena","雅典娜·天诺斯，雅典娜·天诺苏，天诺苏·阿忒涅，天诺苏·阿忒妮，天诺舒·雅典娜"
"tenochtitlan_(fate)","惠齐洛波奇特利（命运），特拉洛克（命运）"
"tenpesuto","九千"
"tenpou_gensui","天保元水"
"tenpura_(tenpura621)","天浦_(艺术家)"
"tenpyou_no_kitsune","天平湖"
"tenryuu_(kancolle)","天龙_舰姬Collection"
"tensai_ouji_no_akaji_kokka_saiseijutsu","天才王子的国家脱债指南"
"tensei_kizoku_kantei_skill_de_nariagaru","作为转世贵族，我要用鉴定技能在世间崭露头角"
"tensei_oujo_to_tensai_reijou_no_mahou_kakumei","转世公主与天才少女的奇幻革命"
"tensei_shitara_ken_deshita","转生为剑"
"tensei_shitara_slime_datta_ken","那次我转生成了史莱姆"
"tensen_(dotted_line)","大正源，d_(tgxr4843)，天战_(tfmw5884)"
"tenshi_ni_narumon","我一定会变成天使的！"
"tenshi_no_3p!","天使主题三件套！"
"tenshi_no_inai_12-gatsu","没有天使的十二月，没有天使的十二月，天城之海，天城之海12月"
"tenshi_no_shippo","天使之尾，天使传说，天使故事集"
"tenshi_souzou_re-boot!","天使飞翔"
"tenshinhan","天心汉"
"tensui_no_sakuna-hime","沙久娜：稻米与毁灭之神"
"tent","帐篷"
"tentacle_hair","触手头发"
"tentacle_sex","触手奸"
"tentaclejob","触手工作"
"tentacles","触手"
"tentacles_on_male","带雄性触手的"
"tentacles_under_clothes","触手伸进衣服里"
"tenten_(naruto)","天天"
"tenton_(henatyo)","蓝色希格，赫纳乔"
"tenzan_(kancolle)","天山_(舰队Collection)"
"teo_(teorekka)","y_y海景_m_m"
"tepen_(tptptpn)","可爱角色，萌系人物"
"teppu","火焰"
"tequila_(cardwinner)_(arknights)","龙舌兰_(胜者卡)_《明日方舟》"
"ter_(otokoter)","toku_(ke7416613)，托库_（ke7416613）"
"tera_l","流量限制"
"terada_ochiko","天风小千子"
"terada_tera","太拉"
"teramoto_tomiko","地震_(少女与战车)"
"terastallization","露台风格"
"terazip","tera_zip，太拉压缩包"
"terorisuta","呆羊羊"
"terra_branford","蒂娜·布兰福德"
"terrajin","手鞠"
"teru_(teru3sei)","teru_(kai_teru_)，辉_(海辉_)"
"teru_by_m","巴莫拉"
"terujirou_(masateruteru)","真琴透"
"terumi_mei","第五代水影，照美弥"
"terupancake","teru_(renkyu)，辉_(连屈)"
"teruru","恐惊_（pixiv211126）"
"teruterubouzu","晴天娃娃"
"teruya_(6w6y)","6w6y，六维六象人格类型"
"teruzuki_(kancolle)","寺塚_舰队Collection"
"tesomu","艾莉猫"
"test_card","测试图案"
"test_plugsuit","EVA驾驶服试作款"
"test_score","考试分数，考试不及格，测试未通过，试卷得分，纸质考试分数"
"test_tube","试管"
"tester_(azur_lane)","警报器测试员_（碧蓝航线），测试版测试员_（碧蓝航线）"
"testicle_sucking","吸球，吸睾丸"
"testicles","睾丸"
"testicles_on_face","茶包惩罚，茶包式性惩罚"
"testicles_touching","球体接触"
"tetetsu","铁铁_(yuns4877)"
"tetia_(tongari_boushi_no_atelier)","泰西娅_（桐林工房）"
"tetsu_no_samurai","铁之武士，钢铁武士（Blades2005）"
"tetsujin_28","巨型机器人"
"tetsukazu","真田铁藏"
"tetsuko_(tetsuko009)","铁子_(Pixiv)"
"tetsukui","蒲公英"
"tetsumaki","unya-ta-0111的中文名称"
"tetsuo_(tashirosu)","铁雄"
"tetsuo_(watson)","思考型角色"
"tetsuox_(housamo)","铁奥克斯_（东京放课后的召唤师们）"
"tetsutetsu_tetsutetsu","真实之钢_我的英雄学院"
"tetsuwan_atom","星际小子，阿斯特罗男孩"
"tetsuwan_birdy","强大的伯迪"
"tetsuwan_birdy_decode","强鸟解码"
"tetsuwan_woopie","丹奇祖玛"
"tetuw","使用模板"
"teu_(navy)","虾虎鱼"
"text_background","背景文字"
"text_focus","文字元素"
"text_messaging","发消息，短信交流"
"text_only_page","纯文字的图"
"text-only_page","仅文本页面"
"textless_version","无文字"
"tezcatlipoca_(housamo)","特兹卡特利波卡_(东京放课后的召唤师们)"
"tft_(tft7822)","用户_krxf2558"
"thai_text","泰文"
"thank_you","感谢绘"
"tharja_(""normal_girl"")_(fire_emblem)","萨雅_(冬季)_(火焰之纹章)"
"tharja_(fire_emblem)","萨尔贾，塔尔贾"
"tharja_(obsessive_bride)_(fire_emblem)","萨佳_(新娘装)_(火焰之纹章)"
"thatpebble","未知卵石"
"thaumana","艾尔少女，章鱼烧"
"the_amazing_gambit","王后弃兵开局"
"the_art_mage","雷扎·卡比尔"
"the_baron_(mimi_wo_sumaseba)","洪贝尔特·冯·吉金根男爵，（吉卜力）男爵"
"the_beatles","披头士乐队"
"the_best_schoolmate_(idolmaster)","最棒的学弟学妹"
"the_big_o","大O复杂度"
"the_birth_of_venus","维纳斯诞生"
"the_cake_is_a_lie_(meme)","蛋糕是个谎言"
"the_dark_urge_(baldur's_gate)","黑暗冲动_（博德之门3）"
"the_elder_scrolls_iv:_oblivion","遗忘"
"the_elder_scrolls_v:_skyrim","上古卷轴5：天际"
"the_emperor_(baldur's_gate)","皇帝_(博德之门3)"
"the_end_(phrase)","鳍部_短语"
"the_end_of_evangelion","《新世纪福音战士》结局"
"the_freakin_yui","马特·德维尔多"
"the_great_ace_attorney","大逆転裁判"
"the_great_ace_attorney_2:_resolve","大逆転裁判2"
"the_grim_adventures_of_billy_&_mandy","比利与曼迪的惊险冒险"
"the_grudge","咒怨"
"the_hammer","锤子_（pixiv30862105）"
"the_herta_(honkai:_star_rail)","赫塔_（未知领域高亮页面）_（崩坏：星穹铁道），赫塔_（未知领域）_（崩坏：星穹铁道）"
"the_huntress_(dead_by_daylight)","女猎手"
"the_iron_of_yin_and_yang","阴阳之铁"
"the_judge_(ace_attorney)","《法官大人》（逆转裁判）"
"the_king_of_fighters","拳皇，格斗之王，KOF"
"the_king_of_fighters_'95","拳皇95"
"the_king_of_fighters_'96","拳皇96"
"the_king_of_fighters_'97","拳皇97"
"the_king_of_fighters_'98","拳皇98"
"the_king_of_fighters_'99","《拳皇99》，《拳皇99》"
"the_king_of_fighters_2000","拳皇2000"
"the_king_of_fighters_2001","拳皇2001"
"the_king_of_fighters_2002","拳皇2002"
"the_king_of_fighters_2003","《拳皇2003》，《拳皇2K3》"
"the_king_of_fighters_ex2","拳皇EX2"
"the_king_of_fighters_xi","拳皇XI，KOF11"
"the_king_of_fighters_xii","《拳皇12》，《拳皇12》"
"the_king_of_fighters_xiii","拳皇13"
"the_kogado_(idolmaster)","小加藤"
"the_legend_of_korra","《科拉传奇》"
"the_legend_of_zelda","塞尔达传说，/LOZ，塞尔达无双"
"the_legend_of_zelda:_a_link_between_worlds","世界之间的连接"
"the_legend_of_zelda:_a_link_to_the_past","通往过去的链接，通向过去的纽带"
"the_legend_of_zelda:_breath_of_the_wild","荒野之息"
"the_legend_of_zelda:_four_swords","四把剑"
"the_legend_of_zelda:_link's_awakening","《链之觉醒》"
"the_legend_of_zelda:_majora's_mask","梅祖拉的面具，梅祖拉的面具"
"the_legend_of_zelda:_ocarina_of_time","时之笛"
"the_legend_of_zelda:_oracle_of_ages","岁月之神谕"
"the_legend_of_zelda:_oracle_of_seasons","季节之神谕"
"the_legend_of_zelda:_phantom_hourglass","幻影沙漏"
"the_legend_of_zelda:_skyward_sword","向天之剑"
"the_legend_of_zelda:_spirit_tracks","灵乐曲目"
"the_legend_of_zelda:_tears_of_the_kingdom","塞尔达传说：旷野之息2"
"the_legend_of_zelda:_the_minish_cap","小写大写字母，小写大写字母风格"
"the_legend_of_zelda:_the_wind_waker","风之杖，风之杖"
"the_legend_of_zelda:_twilight_princess","暮光公主"
"the_little_mermaid","小美人鱼"
"the_lord_of_the_rings","指环王，指环王系列"
"the_misadventures_of_tron_bonne","特龙尼小卷发"
"the_moon_studio","辉夜月（角色），平基·波普·赫本官方形象"
"the_nightmare_before_christmas","圣诞前夜噩梦"
"the_pink_pirate","西蒙·赫丁·库兰"
"the_pose","趴在地上并翘起脚"
"the_raineman","绿宝石色"
"the_ring","凛古"
"the_rock_(dwayne_johnson)","道恩·强森"
"the_rumble_fish","隆隆鱼"
"the_scarlet_devil","红魔女"
"the_silmarillion","《精灵宝钻》"
"the_simpsons","辛普森一家"
"the_super_mario_bros._movie","超级马里奥兄弟_（2023年电影）"
"the_tale_of_food","食物故事"
"the_terminator","终结者1"
"the_trapper_(dead_by_daylight)","埃文·麦克米伦"
"the_war_of_genesis","创世之战"
"the_war_of_genesis_iii","创世之战III"
"the_weaker_sex_1_(gibson)","森林人“是哪个女孩”（迷因）"
"the_witcher_(series)","猎魔人"
"the_wizard_of_oz","绿野仙踪"
"thea_(fire_emblem)","竖立姿势"
"thea_(mleth)","thea_(mathias_leth)，西娅_(马蒂亚斯·莱斯)"
"thealagator","西拉加托尔·阿祖奇"
"thedurianart","丹尼尔·卡马鲁丁，德杜里安"
"theft","盗窃"
"thelema_nutriscu","提勒玛_崩坏：星穹铁道"
"themaestronoob","乔治·斯塔克，堆叠者乔治"
"themed_object","突出主题"
"theo_(tomochingus)","raicchi_(raicchi96)，富有的人"
"theodore_(persona)","特奥多尔_角色"
"theory_(xenoblade)","塞奥莉_异度之刃"
"theresa_apocalypse_(luna_kindred)","露娜_崩坏：星穹铁道"
"theresa_apocalypse_(sakuno_rondo)","特蕾莎·末日版（樱花回旋曲）"
"thermometer","体温计"
"thermos","魔法瓶"
"therrao","次高峰"
"thetis_(last_origin)","MH-4“忒提斯”"
"they_had_lots_of_sex_afterwards","之后干了个爽"
"they_had_lots_of_sex_afterwards_(meme)","之后他们发生了很多次性行为"
"thick_eyebrows","浓眉"
"thick_thighs","肉腿"
"thiepriest","pi_(pisofi8492)，皮_皮索菲8492"
"thigh_boots","高帮靴"
"thigh_gap","大腿之间(绝对领域)"
"thigh_grab","抓着大腿"
"thigh_holster","腿上系着带子或工具包或枪套"
"thigh_pouch","腿上绑着工具包"
"thigh_ribbon","大腿系着缎带"
"thigh_sex","素股|腿夹"
"thigh_straddling","跨腿姿势"
"thigh_strap","大腿缠着带子"
"thighband_pantyhose","有腿环的裤袜"
"thighhighs","含过膝袜和裤袜"
"thighhighs_pull","拉着长袜|拉着过膝袜|拉着裤袜"
"thighhighs_under_boots","长袜、过膝袜等外面再穿着靴子"
"thighlet","大腿"
"thighs","大腿"
"thin_(suzuneya)","天野"
"thinking","思考"
"third_eye","第三只眼"
"thirty-second_note","八分音符"
"thisuserisalive","colart606色彩风格"
"thoma_avenir","托马·阿维尼尔"
"thomas_edison_(fate)","托马斯·爱迪生（命运/冠位指定）"
"thomasz","胡姬花本店"
"thompson_(girls'_frontline)","汤普森_(少女前线)"
"thompson_submachine_gun","汤米枪"
"thompson/center_contender","汤普森竞争者"
"thong","丁字内裤"
"thong_bikini","丁字式比基尼"
"thong_leotard","丁字式连身衣"
"thor_(deep_rising)","深度上升"
"thorns","荆棘"
"thorr_(fire_emblem)","索尔_火焰之纹章英雄传"
"thors_military_academy_school_uniform","索尔军事学院制服"
"thorton_(pokemon)","尼吉基_(宝可梦)，尼吉基_(宝可梦)，尼吉基_(宝可梦)"
"thought_bubble","体现内心想法的会话气泡"
"thread","线(物体)"
"three_k_(spiritus_no_honoo)","SM5050芯片"
"three_monkeys","不见恶事眼，三只智慧猴子"
"three_section_staff","三界棍"
"three-dimensional_maneuver_gear","立体机动装置"
"three-legged_race","三足赛跑"
"threesome","三人行"
"threo_(granblue_fantasy)","莎拉莎_（碧蓝幻想），塔拉萨_（碧蓝幻想）"
"throne","宝座"
"throne_anguis","王座_(八方旅人)"
"through_clothes","隔着衣物爱抚"
"through_ground","低着头"
"through_page","页面外溢"
"through_painting","从画作中走出，从肖像中现身"
"through_screen","从屏幕外出现"
"through_wall","壁尻"
"throwing","投掷"
"throwing_knife","投掷刀刃"
"thrud_(fate)","《命运/冠位指定》中的咚咚声效果"
"thrusters","推进器"
"thueringen_(azur_lane)","图林根_(碧蓝航线)"
"thumb_ring","拇指指环"
"thumb_sucking","吸吮拇指，吮吸大拇指"
"thumbnail_collage","推特缩略图拼贴"
"thumbprint_cookie","果酱曲奇"
"thumbs_up","竖大拇指"
"thumbtack","图钉"
"thunder_(girls'_frontline)","雷霆_(少女前线)"
"thunder-35","F35A战机"
"thundradrawings","闪电暴风雪"
"thurim6","羊花燕枝雨感"
"ti_tentacle","ttt_(titatuem)，提塔图姆"
"tiamat_(fate)","提亚马特_(命运/冠位指定)"
"tiamat_(last_origin)","x-00提亚马特"
"tiamat_(momokuri_mannen)","茶色泰西亚马托"
"tian_ling_(qys3)","天灵（白夜梦）"
"tianguan_cifu","heaven_official的祝福"
"tiankong_yiji","rashyfac，有志于"
"tiara","皇冠头饰"
"tibetan_fox_(kemono_friends)","藏狐（动物朋友）"
"tic-tac-toe","井字棋"
"tickling","挠痒痒"
"tickling_armpits","挠腋窝"
"tickling_feet","挠脚"
"tie_clip","领带夹"
"tied_hair","扎好的头发"
"tied_shirt","把衣服(衣角和下摆)打结"
"tied_up","捆绑"
"tied_up_(nonsexual)","被绑住，捆绑状态"
"tien_(granblue_fantasy)","绘师"
"tier_harribel","蒂亚·哈利贝尔，蒂亚·哈里贝尔"
"tiered_tray","分层托盘架"
"tietra_heiral","泰塔·希拉尔"
"tifa_amakura","蒂法抱枕"
"tifa_lockhart","蒂法·洛克哈特"
"tifa_lockhart_(exotic_dress)","蒂法·洛克哈特的异国风连衣裙"
"tifa_lockhart_(refined_dress)","蒂法·洛克哈特的精致连衣裙"
"tifa_lockhart_(sporty_dress)","蒂法·洛克哈特的运动风连衣裙"
"tiffy_(nottytiffy)","tiffy_(快速奔跑者-2024)"
"tiger","老虎"
"tiger_&_bunny","老虎与兔子，虎与兔"
"tiger_costume","老虎套装"
"tiger_ears","虎耳"
"tiger_i","潘泽尔VI型虎式坦克，PzKpfw VI型虎式坦克"
"tiger_ii","六号战车B型，虎II型，六号坦克B型，虎II型"
"tiger_print","虎纹"
"tiger_tail","虎尾"
"tight","衣物紧紧的"
"tight_clothes","紧身"
"tight_pants","紧身裤"
"tiki_(adult)_(summering_scion)_(fire_emblem)","提基_(成人向)_(夏季)_(火焰之纹章)"
"tiki_(fire_emblem)","可爱角色"
"tiki_(young)_(beachside_scion)_(fire_emblem)","提基（年轻），（夏季），（火焰之纹章）"
"tileable","镶嵌图案，可平铺背景"
"tiles","瓷砖"
"tilm","蒂鲁穆"
"tilt-shift_(azalanz)","azalan_(艺术家)，azalanz，倾斜移轴效果"
"tilted_headwear","歪着的头饰"
"timbocactus","含有色情内容"
"timbougami","hks_(蒂姆布加米)，蒂姆·洛赫纳"
"time_paradox","不在同时间线的角色"
"timestamp","时间戳"
"timido_cute","胆小鬼_崩坏：星穹铁道"
"timruya","hasemira_don，短裤，shorts00"
"tina_(pokemon)","里卡_(宝可梦)，沙蚕鱼_(宝可梦)"
"tina_(tinafya)","提兰菲亚"
"tine_(fire_emblem)","刺耳音质_(火焰之纹章)"
"ting_(machi_nakahara)","町田Smbyk"
"tinker_bell_(disney)","小叮当，迪士尼版小叮当"
"tinker_bell_(pixiv_10956015)","叮当贝尔"
"tinkle_bell","叮当铃声"
"tinnies","光剑"
"tinted_eyewear","有色眼镜"
"tio_(konjiki_no_gash!!)","蒂奥_（魔法少女小圆），蒂奥_（魔卡少女樱）"
"tiptoes","踮起脚尖"
"tirarizun","惊悚感"
"tirasi_(so)","杂烩寿司，豚肉碎"
"tire","轮胎"
"tirnanogin_industries","弗朗切斯科·西米奥尼"
"tissue","纸巾|手帕"
"tissue_box","纸巾盒"
"titania_(fire_emblem)","提亚马特_(火焰之纹章)"
"titaniumtai","颜白泰"
"titiduki_(manman-ya)","千月_（万万屋）"
"title","标题"
"title_parody","模仿标题风格"
"tixie_lix","王丽欣"
"tk_(tksnim)","马特吉普"
"tkht_9315","用户exsw7828"
"tksand","泷砂岩"
"tkt_(tango_0906)","探戈_0906"
"tmo-cat","伊丝蕾蜜柑"
"tmp_(girls'_frontline)","tmp_（少女前线）"
"to_heart","/胸，对心"
"to_love-ru","刀剑神域，刀剑神域，刀剑神域"
"to_love-ru_darkness","黑暗同人"
"to/garashi","TGRS风格"
"toad_(mario)","蟾蜍"
"toaru_kagaku_no_accelerator","《到家的科学超速者》"
"toaru_kagaku_no_dark_matter","来自异世界的暗物质"
"toaru_kagaku_no_railgun","某科学的电炮，到阿鲁的科学电炮"
"toaru_kagaku_no_railgun_s","《科学超电磁炮》"
"toaru_majutsu_no_index","某科学的超电磁炮，为美好的世界献上魔法"
"toaru_majutsu_no_index:_endymion_no_kiseki","魔法禁书目录：恩底弥翁的奇迹，魔法禁书目录电影版"
"toaru_majutsu_no_index:_genesis_testament","魔法使的夜会：创世圣约"
"toaru_majutsu_no_index:_new_testament","魔法禁书目录：新约"
"toast","烤吐司"
"toast_in_mouth","叼着面包"
"toasting_(gesture)","干杯（手势），举杯致敬（手势）"
"toastytoast","曲奇蘑菇"
"tobade_(tbdfactory)","tobade_（待定版edabot）"
"tobaku_haouden_zero","赌博皇帝传说零"
"tobi_(kotetsu)","千川布_（pixiv54366），小铁_（popeethe）"
"tobias_gregson","托比_（大逆转裁判）"
"tobin_(fire_emblem)","罗宾_火焰之纹章外传"
"tobu_(bilibil)","东武_0w0"
"tochi_keisuke","欧玛嘎丘"
"tochinoco","兔肉"
"toddlercon","幼儿色情内容"
"todo_erena","兔斗绘里奈"
"todo_kohaku","桃豆小白"
"todo_yurika","透堂由里香"
"todoroki_gk2","轰焦冻_DRRC"
"todoroki_hajime_(regloss_uniform)","轰焦冻_初始形态_(第二套服装)"
"todoroki_shoto","出云翔太（我的英雄学院），轰焦冻 出云翔太"
"toe_scrunch","蜷着脚趾"
"toe-point","趾尖|脚尖"
"toei_animation","东映"
"toeless_boots","露趾靴"
"toeless_footwear","露趾鞋，无趾靴，无趾鞋类"
"toeless_legwear","露趾裤袜"
"toenail_polish","指甲油"
"toenails","脚趾甲"
"toeri_(rococo)","洛可可风格"
"toes","脚趾"
"toeto_(vocaloid)","托托"
"tofu_(killer150)","布托夫酱"
"tofu_(project_sekai)","avatar_(project_sekai)角色形象_(project_sekai)"
"tofu_(tf07px)","豆腐_(艺术家)"
"tofu_(tofulabo)","豆腐_(pixiv10770344)"
"togashi_yuu","富坚由宇"
"togata_mirio","lemillion_（我的英雄学院），托加塔·米里奥"
"togawa_mayuu","户川真由"
"togeppoi","7毫米×T"
"togeshiro_azami","面条脸"
"togetoge_(jakusanseimk2)","托古托古"
"togo_ai","兔狗AI"
"togusa_masamu","伊诺诺"
"toh.","里波德土豆"
"tohno_akiha","东野亚希华"
"tohno_motosumi","望月_(放送部)"
"tohno_shiki","动画风格"
"tohno_shiki_(2)","动画风格_2"
"tohru_(dragon)_(maidragon)","图鲁_龙_女龙"
"tohru_(maidragon)","托鲁_（女龙）"
"tohsaka_aoi","东坂葵"
"tohsaka_rin","东坂凛"
"tohsaka_rin_(formalcraft)","正式工艺"
"tohsaka_sakura","东坂樱"
"tohsaka_tokiomi","东坂时臣"
"toilet","厕所|坐便器"
"toilet_paper","厕纸"
"toilet_stall","洗手间隔间，马桶隔间"
"toilet_use","上厕所"
"toin_(iitoin)","toin_(koto54576897)，托因_（科托54576897）"
"toire_no_hanako-san","没有花子的厕所"
"toji_no_miko","武士刀少女"
"tojo_aoi","咔嚓咔嚓皮鲁声"
"tojo_kirumi","透久桐美"
"tojo_nozomi","远望之愿"
"tojo_yuki","冬月由纪"
"tokage_setsuna","蜥蜴人_(我的英雄学院)"
"tokai_teio_(umamusume)","东海帝王"
"tokarev_(girls'_frontline)","托卡列夫_(少女前线)"
"tokarev_(griffin's_dancer)_(girls'_frontline)","托卡列夫_（狮鹫之舞）_（少女前线）"
"toki_(blue_archive)","朝夏时计"
"toki_(bunny)_(blue_archive)","朝夏时计（兔子版）"
"toki_(rumukio)","鲁穆基奥"
"toki_(tokihakashi)","toki_（艺术家）"
"toki_to_shishin","屎土真人"
"toki_wo_kakeru_shoujo","穿越时空的女孩，时跳，跳跃的时间少女，/twks"
"tokidoki_bosotto_roshia-go_de_dereru_tonari_no_alya-san","阿莉亚有时会用俄语隐藏自己的情感，罗希迪雷，那位偶尔会表现出亲昵举止并用俄语轻声说话的邻居阿利亚小姐，心跳加速！邻家阿利亚小姐罗希亚去啦去啦"
"tokimeki_no_mirai_chizu","通往未来的心动路线图"
"tokin_hat","头襟|兜巾"
"tokine_(maikaze)","舞风"
"tokino_sora_(birthday_2022)","时乃空_（第四套服装）"
"tokino_sora_(casual)","时乃空_（第三套服装）"
"tokino_sora_(hololive_summer_2019)","托基诺·索拉（第二套服装），托基诺·索拉（晴空之下）"
"tokino_sora_(streetwear)","时乃空_（第六套服装）"
"tokio_(okt0w0)","巨型玩偶"
"tokio_neo","ai5108，托希马萨_序列主义"
"tokisadame_school_uniform","时定高校校服"
"tokisaka_ena","榎本智咲_（可爱呆萌风）"
"tokisaki_asaba_(niliu_chahui)","东崎亚沙巴"
"tokisaki_mio_(niliu_chahui)","时崎美绪"
"tokitarou_(fate)","刀太郎_(命运/冠位指定)"
"tokitsukaze_(kancolle)","时风_(舰姬Collection)"
"tokiwa_(mukoku)","时雨"
"tokiwadai_school_uniform","常盘台中学校服"
"tokiya","食械兽"
"tokkuri","清酒瓶"
"tokkyu","tokkyu_(user_mwwe3558)，托基尤_(用户_mwwe3558)"
"toko_(tokkotoritori)","恐怖领地"
"tokoharu","小帕鲁"
"tokoma_makoto","莫祖库祖库祖库"
"tokoroten_(hmmuk)","shinta_(hmmuk)，心田_(哼姆克)"
"tokoyami_fumikage","月读_（我的英雄学院）"
"tokoyami_towa_(break_your_xxx)","时夜托瓦_（第六套服装）"
"tokoyami_towa_(jirai_kei)","托科夜美托瓦_（第三套服装），托科夜美托瓦_（休闲装）"
"tokoyami_towa_(new_year)","托科亚米·托瓦（第二套服装）"
"tokoyami_towa_(school_uniform)","时夜托瓦_（第四套服装）"
"toku_(tokuhp)","toku_(pixiv989590)，托库_(pixiv989590)"
"tokufumi","戈玛雷尤"
"tokumei_wombat","ree_(neo-de)，里伊_(新德)"
"tokunaga_(umemoto)","梅本_(这种)"
"tokunaga_aoi","蓝色和服"
"tokunaki_nozomu","nozomu144，特命希望之望"
"tokuni_(toktoktokuni)","无法识别的人"
"tokusatsu","战队"
"tokyo_afterschool_summoners","胡萨莫，东京放学后召唤师"
"tokyo_mirage_sessions_fe","源影日录锐化版，源影日录锐化版，东京海市蜃楼篇章版，东京海市蜃楼篇章锐化版"
"tokyo_necro","东京死神"
"tokyo-3_middle_school_uniform","东京三中校服（新世纪福音战士）"
"tolkien's_legendarium","传说世界，托尔金传说体系"
"tom_(1art.)","tom_（艺术家）"
"tom_nook_(animal_crossing)","狸吉_（动物之森），汤姆诺克"
"tom_skender","moxie2d风格"
"toma_(dragon_ball)","托拉_（龙珠）"
"tomare_(akashingou)","布鲁"
"tomato","番茄"
"tomato_manme_(voice_actor)","男人遇见番茄，番茄与男人"
"tomatolaccoon","番茄浣熊，番茄浣熊形象"
"tomatomagica","基萨尼亚夫"
"tomawarinosuizou","阿吉查里布多斯西拉"
"tomboy","假小子"
"tomboyist","简略版沙托子"
"tombstone","墓碑"
"tome_of_the_night_sky","黑暗之书（奈诺哈），夜空之书，黑暗之书，夜空之书，暗之书，夜天之书"
"tomitake_jirou","富竹次郎"
"tommy_(kingdukeee)","国王公爵"
"tomo_(princess_connect!)","三云透"
"tomo_(tmtm_mf_mf)","tomo_(user_hes4085)，智子_(user_hes4085)"
"tomo_ro","久美世"
"tomo-chan_wa_onna_no_ko","智子酱是女生！"
"tomo5656ky","明天01"
"tomochi_(tmc_tmc8)","tmc_tmc8，泰姆克_泰姆克8"
"tomoe_(blue_archive)","柳生小樱"
"tomoe_(fdhs5855)","雷电兽_(000雷电兽)"
"tomoe_(queen's_blade)","漩涡纹"
"tomoe_(symbol)","巴纹"
"tomoe_gozen_(fate)","巴卫戈赞_（Fate/Grand Order）"
"tomoeda_elementary_school_uniform","友枝小学校服"
"tomonaga_squadron_pilot_(kancolle)","友永中队飞行员（舰队Collection）"
"tomose_shunsaku","无限动力"
"tomotsuka_haruomi","帕夫洛夫先生"
"tomoyuki_hino","空与托库莫"
"tomoyuki_kotani","StyleOS风格"
"tomte_(housamo)","汤姆特_（东京放课后的召唤师）"
"tomu_(tom_309k)","tomu_(kpnlbrhiyfkj5uk)，智树"
"tomusooya","萌萌玩偶"
"tomyoo","托米奥_(天马欧门)"
"ton_(ton39342104)","怪物集结"
"tona-gura!","痛哭流涕"
"tonari_ni_tatsu_yasashii_anata_e_(project_sekai)","站在温柔善良的你身旁（project_sekai），献给你的关怀伴侣（project_sekai）"
"tonari_no_kaibutsu-kun","我的小怪物"
"tonari_no_kyuuketsuki-san","住在我家附近的吸血鬼小姐"
"tonari_no_totoro","我的邻居托托罗"
"tonarikeru","邻座的怪天使"
"tondabayashi_koori","可爱少女"
"tonde_buurin","超级猪"
"tondemo_skill_de_isekai_hourou_meshi","用我离谱的技能在异世界生火做饭"
"tone_(kancolle)","音调_(舰姬Collection)"
"toned","健壮的"
"toned_male","健美男"
"tonegawa_anju","安吉拉·汤普森，安吉·汤普森"
"tonfa","东方棍"
"tong_pooh","托恩波，普"
"tongari_boushi_no_atelier","女巫帽工坊"
"tongue","舌头"
"tongue_out","吐舌头"
"tongue_piercing","打舌钉"
"tonikaku_kawaii","带我飞向月球（漫画），冬川：为你飞越月球"
"tonkotsu_frappuccino","猪骨咖啡馆"
"tono_munekage","玩具影"
"tonokawa","索鲁托·雷德"
"tonpuu","同人创作"
"tony_kuusisto","铅笔画_艺术家"
"tony_man+","托尼曼"
"tony_taka","高田托尼，田中隆之"
"too_bad!_it_was_just_me!_(meme)","太糟糕了！_只是我自己而已！"
"too_many","太多了"
"too_many_hair_ornaments","发夹太多"
"too_many_pikachu","太多皮卡丘了"
"too_many_rabbits","兔子太多"
"tooaya","太雅_(托阿)"
"tooboshoo","唐宾拉"
"tools","工具"
"toon_(style)","卡通，动画片"
"toono_minagi","东野实奈绪"
"toono_mizuki","东野瑞希"
"toono_yayoi","透乃瑶依"
"tooth","牙"
"tooth_necklace","獠牙项链，牙齿项链"
"toothbrush","牙刷"
"tooyama_saku","东山咲子"
"top_hat","礼帽"
"top_man","上衣角色"
"top_wo_nerae_2!","毁灭者，枪炮破坏者2，枪炮破坏者2版，托普与涅莱2，托普无涅莱！2版，托普无涅莱2版"
"top_wo_nerae!","枪炮破坏者（系列），托普与涅拉埃，托普与涅拉埃！，托普与涅拉埃2"
"top-down_bottom-up","脸朝下屁股朝上"
"top!_clover_(idolmaster)","顶部！_三叶草"
"toph_bei_fong","托夫"
"topknot","高马尾"
"topless","赤裸上身"
"topless_male","赤膊"
"topsu","卡洛斯·哈维尔"
"toradora!","恋上姐姐了"
"torafuji_nagi_(kuromiya)","托拉富士·奈姬"
"toraneko","猫_(汉辛)"
"toraneko_2","极光4414"
"toranoana","托拉诺阿纳漫画"
"toranosuke","丰之丘"
"torasigure","雨天计时器"
"toraware_no_marionette_(project_sekai)","被囚禁的提线木偶_（project_sekai）"
"torbjorn_(overwatch)","托比约恩·林德霍尔姆"
"torch","火炬"
"tori_(11toritori)","再见啦"
"tori_(minamopa)","卡纳里亚_(艺术家)"
"tori_ririisu","托里里里里里，托里_里里苏"
"tori_udon","鸟居圆堂"
"toriatto_gununu","tori@gununu，托里@古努努"
"torichamaru","托里尼特亚"
"toriga_naku","千代志_(sevendw)"
"torigoshi_crow","肉体很美味"
"torii","鸟居"
"torii_yoshitsuna","虎吉次，山吉旦之助"
"toriko_(hatoriko)","托里科_（画师）"
"toriko_(series)","托里科_（版权相关）"
"torimogura","鸟人_埃赫罗托里"
"torinari_(dtvisu)","DTVISU风格"
"torino_aqua","afraco，托里诺_阿库亚"
"toripuru_(tripl3)","托里普鲁_3"
"toriseru_(rare_stone)","托里塞鲁_超级英雄"
"torn_ascot","紧身领结"
"torn_bike_shorts","破洞自行车短裤"
"torn_bikini","紧身比基尼"
"torn_bodysuit","破损的紧身衣"
"torn_buruma","肌肉发达的布鲁玛"
"torn_camisole","紧身背心"
"torn_cape","破旧斗篷"
"torn_capelet","紧身短斗篷"
"torn_choker","紧身领口"
"torn_clothes","破损的衣服"
"torn_coat","破烂外套"
"torn_dress","破烂连衣裙"
"torn_flag","破烂旗帜"
"torn_gloves","破损的手套"
"torn_hakama","破洞袴"
"torn_headband","撕裂头带"
"torn_hoodie","破洞连帽衫"
"torn_jacket","破洞夹克"
"torn_jeans","破损的牛仔裤"
"torn_jumpsuit","紧身连体衣"
"torn_kimono","撕裂和服，破烂浴衣"
"torn_leggings","紧身打底裤"
"torn_legwear","破损的裤袜"
"torn_leotard","破损的连身衣"
"torn_neckerchief","撕裂的领巾"
"torn_necktie","破洞领带"
"torn_overalls","破洞工装裤"
"torn_panties","破损的内裤"
"torn_pants","破损的裤子"
"torn_robe","破烂长袍"
"torn_scarf","破损的围巾"
"torn_shirt","破损的衬衫"
"torn_shorts","破损的短裤"
"torn_skirt","破烂裙子"
"torn_sleeves","破损的袖子"
"torn_sweater","破洞毛衣"
"torn_sweater_vest","紧身毛衣背心"
"torn_swimsuit","破损的泳衣"
"torn_tabard","破烂长袍"
"torn_tank_top","紧身背心"
"torn_unitard","紧身连体衣"
"torn_veil","撕裂的面纱"
"tornado_man","龙卷风人"
"toro_(shiro)","白兔_(m0c_0m)，牛犊_(shito_ro)"
"toro3","代码AA"
"torogao","淫荡的表情"
"toroi_jd","托罗伊德"
"torpedo","鱼雷"
"torriet","鸟取县"
"torso_(hjk098)","躯干_(Pixiv)"
"torso_grab","抓着躯干"
"torture","拷问"
"torture_tortura","折磨_(公主大人是惩罚时间)"
"tory_youf","托莉由宇"
"toshi_(little-fluffy-cloud)","十九"
"toshi_punk","toshi_(pixiv62797)，toshi_(割腹风格)"
"toshibou_(satsukisou)","托西波"
"toshima19699496","利正_(ztvy3575)"
"toshimichi_yukari","实体类，等等"
"toshinoshin","无特征，无异常"
"toshinou_kyouko","立野京子"
"toshise.","卡塞蒂克风格"
"toshiyu_(10shi_yu)","九渊光"
"toshokan_sensou","图书馆战争，图书馆战争"
"tossing","抛掷"
"tostos","红发"
"totaku_(musha_prune)","户泽"
"totem","图腾柱"
"toten_(der_fuhrer)","toten_（艺术家）"
"totennko","图坦柯"
"toteppo","博尔戈斯"
"toto_(caaaaarrot)","胡萝卜"
"toto_(hitori_othello)","葵户波拉"
"toto_mame","托托马内"
"totoharu_(kujirai_minato)","黑执事同人"
"totokichi","藤宫由宇"
"totonii_(totogoya)","波梅里风格"
"totooria_helmold","托托莉_(工坊)"
"toudou_aoi_(jujutsu_kaisen)","待办事项_葵_（咒术回战）"
"toudou_kasumi","云霞待办事项"
"toufu_mentaru_zabuton","纯净感，干净氛围"
"tougenkyo_momo","莫里基"
"touhoku_rakuten_golden_eagles","东北乐天金鹰队"
"touhou","东映，东宝"
"touhou_hisoutensoku","难以想象的自然法则"
"touhou_lostword","东方Project_丢失的单词"
"touhou_m-1_grand_prix","M-1大奖赛"
"touhou_ningyougeki","东方系列"
"toujou_(toujou_ramen)","东条_(strit2p)"
"toujou_aya","东条绫子"
"toujou_basara","东条巴莎拉"
"toujou_chika","户田有康"
"toujou_masateru","柴犬阿雅"
"toujou_sakana","恶魔主义，恶魔主义66"
"touka_(utawarerumono)","东香_歌之恋"
"touka_gettan","脸红心跳的感觉"
"touken_ranbu","托拉布"
"touma_kisa","透马·雷托"
"touming_tomei","透明风格（艺术家）"
"touoh","兔兔"
"toushinden","战斗竞技场托辛登，托辛登"
"toushou_daimos","战斗将军戴莫斯"
"toutou_(fufu0o)","富士山_(pixiv17518157)"
"touu_yaiba","托阿梅·哈亚伊巴，深海之谜，哈亚伊巴（深渊通讯2）"
"touya_(konpekitou)","重制版"
"touya_(the-moon)","由久奇坎夏"
"touya_kotonari","科托纳里见闻"
"touyama_maki","乌尔诺沃风格"
"touzokuou_bakura","盗贼王巴库拉，强盗王巴库拉"
"touzuki_suzuya","东月铃芽"
"towa_monaca","桃香托娃"
"towa_rui_(artist)","四谷pro"
"towel","毛巾"
"towel_around_neck","披着毛巾的脖子"
"towel_rabbit","毛巾兔子"
"tower","塔"
"town","小镇"
"town_musicians_of_bremen","不来梅的音乐家们"
"townoise","宫田风格_(托希米亚塔4)"
"toxxy","凯撒"
"toy","玩具"
"toy_airplane","玩具飞机"
"toy_car","模型汽车"
"toy_hammer","皮可皮可锤子，吱吱木槌"
"toyama96","96@吉坎库雷"
"toyatopa","to_(hikato_10)，飞鹰十号的to_"
"toyokawa_fuka","丰川枫"
"toyoman","奈奈子_(1475647493)"
"toyosaki_shu","酒井雅贵修"
"toyota_sprinter_trueno","丰田AE85，丰田AE86，丰田卡罗拉莱文"
"toyotomi_hideyoshi_(fate)","丰臣秀吉_(科哈-王牌)"
"tracer_(overwatch)","莱娜·奥克斯顿"
"tracey_sketchit","肯吉_(宝可梦)"
"track_jacket","运动夹克"
"track_pants","运动裤"
"track_suit","运动服"
"tractor_beam","外展光束"
"trading_card","集换卡片"
"traditional_chinese_text","繁体字"
"traditional_clothes","传统服装|民族服装"
"traditional_media","纯手绘"
"traditional_youkai","妖怪"
"traffic_cone","路障"
"traffic_light","信号灯"
"train","列车|电车"
"train_interior","列车内部|电车内部"
"train_station","车站"
"training_bra","运动内衣"
"training_corps_(emblem)","训练兵团徽章"
"trait_connection","角色特征有关联"
"trance_terra_branford","Trance风格，蒂娜·布兰福德"
"transformation","变形|变型"
"transformers_armada","变形金刚 微型传说"
"transformers_cybertron","变形金刚：银河之力"
"transformers_energon","变形金刚超级链接"
"transformers:_robots_in_disguise_(2015)","变形金刚冒险"
"translated","已翻译，译文"
"translation_request","/tr，翻译请求，翻译申请，已提交的翻译请求"
"translucent_hair","透明头发"
"translucent_horns","透明角"
"transmission_tower","电线塔"
"transparent","透明的"
"transparent_background","透明背景"
"transparent_umbrella","透明雨伞"
"transverse_flute","侧吹长笛"
"trap_door","暗门"
"traptrix_atrax","阿特拉_令人着迷的食人者"
"traptrix_myrmeleo","令人着迷的狮鬃食肉兽"
"traptrix_nepenthes","令人着迷的食毛兽卡祖拉，令人着迷的食毛兽卡祖拉"
"trash","垃圾内容"
"trash_bag","垃圾袋，垃圾袋们，废纸袋，废纸袋们，垃圾桶袋，废弃物袋，废弃物袋们"
"trash_can","垃圾桶"
"travel_attendant","空姐"
"tray","托盘"
"tre_artz","色狼狂人"
"treasure_chest","宝箱"
"treble_(mega_man)","福音摇滚（洛克人），高音旋律（洛克人）"
"treble_clef","高音符号"
"tree","树"
"tree_branch","树枝"
"tree_hollow","树洞"
"tree_shade","树荫"
"tree_stump","树桩"
"trefoil","一种女性展示臀部的姿势"
"trembling","颤抖"
"trench","战壕"
"trench_coat","长摆风衣"
"trente","mio_(mgr300)，美绪_(mgr300)"
"tress_ribbon","绺发发带"
"tressa_colzione","特蕾莎_(八方旅人)"
"trevo_(trevoshere)","三叶草"
"trevor_(pokemon)","托罗巴_宝可梦"
"tri_tails","有三股辫子"
"triad_primus_(idolmaster)","三合会首领"
"triagorodri","特里亚戈·罗德里"
"trial_captain","道馆馆主"
"triangle","三角形"
"triangle_mouth","三角嘴"
"triangular_headpiece","三角头巾"
"tribadism","磨豆腐"
"tribadism_through_clothes","透过衣物进行的摩擦性爱"
"tribal","部落"
"trick_or_treat","不给糖就捣蛋"
"trick_or_treatment","紫绿相间的胶衣比基尼"
"trickster_(ntreev_soft)","欺诈者"
"tricorne","三角帽"
"trident","三叉戟"
"triforce","三角神力"
"trigger_discipline","手指没放在扳机上"
"trigram","八卦"
"trim_marks","裁剪标记"
"trimmau_(fate)","特里玛乌"
"trip_the_sungazer","三角洲飞车_索尼克"
"triple_baka_(vocaloid)","三重笨蛋"
"triple_penetration","三穴插入"
"triple_stabber","三刀刺杀者"
"triple_wielding","三把武器同时使用"
"tripping","被绊倒"
"tristan_(fate)","特里斯坦_(命运/冠位指定)"
"tristana_(league_of_legends)","崔丝塔娜"
"triton_(housamo)","海神特里同_（东京放课后的召唤师们）"
"tro_(trombe)","角色扮演"
"troll_face","嚣张脸"
"trolling","恶搞行为"
"tron_bonne_(mega_man)","特龙·邦妮"
"tropical_camouflage","虎纹_迷彩"
"tropical_drink","热带饮料|热带风情鸡尾酒"
"truck","卡车"
"trucy_wright","成步堂实希"
"trumpet","小洋号"
"trumpet_boy_(meme)","吹小号的男孩"
"trunks_(dragon_ball)","特兰克斯_(龙珠)"
"trunks_(future)_(dragon_ball)","未来特兰克斯"
"trusty_bell","永恒奏鸣曲"
"truth","真相吐槽"
"try_(lsc)","尝试"
"tsab_ground_military_uniform","时空管理局军服"
"tsathoggua_(housamo)","萨索古阿_（东京放课后的召唤师们）"
"tsu_(lovesick1964)","纽扣鸢尾花"
"tsuaii","乔纳森·汉密尔顿"
"tsubaki_(blue_archive)","春日椿_（蓝色档案）"
"tsubaki09","草薙桜香，草薙佐久香"
"tsubame_(minami_haruka)","燕子_(Pixiv)"
"tsubameyado","弗雷德里克"
"tsubasa_(abchipika)","千匹卡"
"tsubobot","备忘录桑"
"tsubonari","P系帅哥"
"tsubudashi","tsuguo3_(1tsuguomi1)，司悟吾3_(1司悟美1)"
"tsuchiya_(girls_und_panzer)","土屋穆顿"
"tsuda_nanafushi","深田真里，玫瑰之剑"
"tsudero","痛彻心扉"
"tsuduya_(knt31)","津谷_(knt31)"
"tsuezu","楚埃祖"
"tsugai_kogarashi_(vocaloid)","月影透海"
"tsugumi_(tky-fam)","MDN司月"
"tsugumi_takakura","高仓司"
"tsugutoku","夜之海藻"
"tsui_no_stella","末日之星"
"tsujidou_miyuri","辻堂美由里"
"tsujigiri","手切肉"
"tsujii_luki","petpetschale47，辻井露希，梦垣787"
"tsujin_bohboh","超软的"
"tsuka_(blind_side)","tsuka_(pixiv)，筑卡_(pixiv)"
"tsukamoto_anabone","骨骼生长"
"tsukareme","用户gxwe4555"
"tsukasa_matsuzaki","松武健志，月崎马"
"tsukasa_takashi","d.va角色"
"tsukasa_tsubasa","月咲_0719"
"tsuki_(applebeniakari)","苹果贝尼卡里"
"tsuki_jin","月之民_辉夜之国"
"tsuki_ni_kawatte_oshioki_yo","以月亮之名"
"tsuki_to_laika_to_nosferatu","伊琳娜：吸血鬼宇航员"
"tsuki_wa_higashi_ni_hi_wa_nishi_ni","哈哈笑，月亮在东边笑在西边"
"tsukiatte_agetemo_ii_kana","我们该如何建立恋爱关系？"
"tsukigami_runa","卢纳卢纳"
"tsukihime","真月谭月姬"
"tsukiiro","用户_ghwd8447"
"tsukikage_oyama","嘎恰英雄"
"tsukikawa_chili","月川千里"
"tsukimi_(xiaohuasan)","小花伞"
"tsukimori_kousuke","德里克·斯泰尔斯"
"tsukimoto_aoi","海苔蛋，海苔鸡蛋"
"tsukimoto_reiji","涂奇莫托雷伊吉，涂奇莫托雷伊吉"
"tsukimura_noe","amu_(nsk0)，托基卡由"
"tsukino_mito_(loungewear)","月野美登子（第18套服装）"
"tsukiori","稻妻之花00"
"tsukiriran","金崎鲣鱼"
"tsukishima_shijima","月岛，士岛"
"tsukishima_shijima's_sister","月岛志岛的妹妹"
"tsukishiro_kou","枯萎球体"
"tsukishiro_saika","风花渚，S-诚悟"
"tsukito_yayoi","想要见到你"
"tsukko_(3ki2ne10)","图科"
"tsukuba_masahiro","真可爱"
"tsukuda_hayato","YNISE恋曲94"
"tsukudani_norio","诺里奥，KKK"
"tsukumizu_yuu","结衣酱"
"tsukumo_(soar99)","月野"
"tsukumo_sana_(new_year)","月野沙奈（第二套服装）"
"tsukumo_yuma","月野由马"
"tsukuru_(seki_sabato)","金漆修补工艺"
"tsukuyo_(blue_archive)","大野月代"
"tsukuyomi_moonphase","月读"
"tsumayouji_(tumayog)","右上角大尺寸orz"
"tsumetai_(tsurunoka)","鹤之丘"
"tsumikitsuki_(katsuobushi)","鱼板_(eba_games)"
"tsumu618","tsumu_(tyami_merkys)，凑_(tyami_merkys)"
"tsumugi_(princess_connect!)","真由美屋纯织"
"tsumura_chita","千田"
"tsun'ichi_(tsun1)","一桑新一日"
"tsunade_(naruto)","纲手"
"tsunami_samemaru","re_(scd6)，重新分类标签"
"tsunashima_shirou","兔岛四郎"
"tsunaso_(lack_of_sunlight)","樱桃树"
"tsundere","傲娇"
"tsundere_akuyaku_reijou_lieselotte_to_jikkyou_no_endou-kun_to_kaisetsu_no_kobayashi-san","远藤与小林直播！《傲娇反派莉泽洛特》最新动态"
"tsune_(tune)","秋日毁灭者，津奈调音"
"tsunemi_aosa","aosa_（萌娘）"
"tsunetaka_rakurai","W-2-TB风格"
"tsuno_no_hito","兔子基蒂"
"tsunoji","江之楚，白乐"
"tsunomaki_watame_(1st_solo_live)","漩涡波玉_第四套服装"
"tsunomaki_watame_(loungewear)","漩涡藻_(第五套服装)"
"tsunomaki_watame_(new_year)","漩涡波玉_第二套服装"
"tsunomaki_watame_(street_casual)","漩涡波玉_第三套服装"
"tsunomaki_watame_(watame_night_fever!!)","漩涡波玉_（第六套服装）"
"tsunotori_pony","罗克蒂_《我的英雄学院》"
"tsurime","吊梢眼"
"tsuru_(clainman)","千叶鹤"
"tsurugi_(blue_archive)","剑崎刀"
"tsurugi_(swimsuit)_(blue_archive)","剑崎剑（泳装）"
"tsurugi_(the_horizon)","刀剑幼苗"
"tsurugi_hagane","钢之剑，打倒吧"
"tsurumi_kazane","福酱四眼"
"tsurusaki_takahiro","高台"
"tsurusaki_yuu","羽鸟二羽鸟"
"tsuruyama_(tenten)","天破_（tenpa2190）"
"tsushima_(kaikyo)","渡边吉一，吉一郎_(ysk07)"
"tsushima_(kancolle)","对马岛_(舰队Collection)"
"tsutsujimori_rosho","筑地森罗生"
"tsuujou_kougeki_ga_zentai_kougeki_de_ni-kai_kougeki_no_okaasan_wa_suki_desu_ka?","你爱你的妈妈以及她那双击多目标攻击吗？，奥卡小姐上线了"
"tsuukinkaisoku_oomiya","若柳大宫"
"tsuutenkaaku","恩拉库_（Pixiv）"
"tsuvida","达维茨"
"tsuyuka_(sunny_spot)","阳光充足处"
"tsuzuki_yoshio","津冢嘉男"
"tsuzutsu","凸出物"
"ttf","TFF风格，TFF美学"
"tthal","高文布罗"
"tu_yi","芭蕾舞裙，图伊"
"tuanzimiao1","团子庙35124"
"tube","管子"
"tube_top","管顶"
"tube_top_lift","裙摆上提"
"tube_top_pull","管顶拉动"
"tubetop","直筒式抹胸"
"tucciao","同人作品"
"tucked_money","藏钱兜，乳沟藏钱，衣物藏钱，口袋藏钱"
"tucked_penis","鸡尾酒，收阴茎"
"tucking_hair","收发根"
"tudon_(donut)","章鱼烧乌冬面"
"tukino_neru","月野鸣"
"tukiwani","月之愿望"
"tulip","郁金香"
"tullece","图尔雷斯"
"tunamayo_(dsasd751)","da_(dsasd751)，数据标签"
"tunic","束腰外衣"
"tunomon","盾之守卫"
"tupet","丘佩托"
"turban","穆斯林头巾"
"turewindwalker","风之巨人"
"turisasu","测试用标签，测试用标签"
"turkey_(hetalia)","萨迪克·阿德南"
"turkish_text","土耳其人"
"turn_pale","脸色苍白"
"turnaround","前后身对比图"
"turo_(pokemon)","未来人_宝可梦"
"turret","舰炮"
"turtle","龟"
"turtleneck","高领服饰"
"turtleneck_sweater","高领毛衣"
"tusia","ladymarta，nekonomlcon，nusumenaihxseki，orta_（艺术家）"
"tusks","象牙"
"tussy","月岛"
"tutai","太棒啦"
"tuteurfars_shin","陈倩胡"
"tuxedo","男式晚间小礼服"
"tuzhate","雨天风格"
"tuziki_sang","哈塞斯基，图齐克10"
"tweedledee_(alice_in_wonderland)","特威德尔迪"
"tweedledum_(alice_in_wonderland)","特威德尔敦"
"twelve_(zankyou_no_terror)","东司秀美"
"twerking","扭臀舞"
"tweyen_(granblue_fantasy)","歌曲_(碧蓝幻想)"
"twice_(boku_no_hero_academia)","布巴伊加瓦拉人"
"twilight","黄昏"
"twilight_(go!_princess_precure)","暮光_(美少女战士)"
"twilight_(spy_x_family)","洛伊德伪造者"
"twilight_yuuhi","夕日_（夕日暮光）"
"twilimi","后目津"
"twin_(tt_lsh)","电动交叉装置"
"twin_braids","两条辫子"
"twin_drills","双钻头发型"
"twin_turbo_(umamusume)","双涡轮增压"
"twin-lens_reflex_camera","TLR相机"
"twincest","双胞胎调情|双胞胎乱伦"
"twinmyniad_(fate)","双子我的爱"
"twinpoo","纳夫"
"twins","双胞胎"
"twintails","双马尾"
"twintails_girl_(kamisimo_90)","双马尾女孩_（由芽）"
"twirling_hair","转发圈，甩头发"
"twirling_weapon","旋转刀刃"
"twisted_torso","躯干夸张地扭曲"
"twitching","抽搐"
"twitching_penis","颤抖的阴茎"
"twitter_strip_game","推特主题游戏_（迷因）"
"twitter_username","推特用户名"
"two_side_up","小型双股辫"
"two_tails","有两条尾巴"
"two-barred_cross","洛林十字架"
"two-footed_footjob","用双脚腿交"
"two-handed","用双手"
"two-handed_handjob","用双手手交"
"two-sided_fabric","双层样式的服饰画法"
"two-tone_background","双色调背景"
"two-tone_hair","双色头发"
"two-tone_hairband","双色发带"
"two-tone_skin","双色皮肤"
"twoearle","图阿尔斯"
"tyazakura_sayu","茶樱"
"tyb_(inmu)","茶波_犬娘"
"tying","打结(动作)"
"tying_footwear","系带靴子，系带鞋子"
"tying_hair","扎头发"
"tying_necktie","系领带"
"tyomimas","泰亚科梅斯"
"tyou","群气之境"
"type_100_(girls'_frontline)","100式_(少女前线)，100型_(少女前线)"
"type_4_(girls'_frontline)","4式_(少女前线)，4型_(少女前线)"
"type_56-1_(girls'_frontline)","Type56-1_（少女前线），Type_56突击步枪_（少女前线），Type_56突击步枪_（少女前线）"
"type_63_(girls'_frontline)","Type_63突击步枪（少女前线），Type63（少女前线）"
"type_64_(girls'_frontline)","type_64_（少女前线），type64_（少女前线的）"
"type_79_(girls'_frontline)","type_79_（少女前线），type79_（少女前线的）"
"type_80_(girls'_frontline)","type_80_（少女前线），type80_（少女前线的）"
"type_81_carbine_(girls'_frontline)","type_81_（少女前线），type81r_（少女前线）"
"type_88_(girls'_frontline)","qjy-88_（少女前线）"
"type_90_(tank)","90式九马舰"
"type_92_(girls'_frontline)","Type-92_（少女前线）"
"type_95_(girls'_frontline)","QBZ-95_（少女前线），QBZ-95_（少女前线），Type95_（少女前线）"
"type_97_(girls'_frontline)","QBZ-97_（少女前线），QBZ-97_（少女前线），Type97_（少女前线）"
"type_97_chi-ha","类型97千早"
"type_97_shotgun_(girls'_frontline)","type97s_（少女前线）"
"type-moon","月之类型，TYPE MOON"
"typo","印刷错误"
"tyranno_kenzan","暴君哈斯勒贝里"
"tyrannosaurus_rex","霸王龙"
"tyrea_(xenoblade)","泰尔科_异度之刃"
"tyrell_badd","一铁巴道"
"tyto_alba","ttyto-alba，阿尔芭"
"u_jie","超级紧身衣"
"u_u_zan","uu_uu_zan，赞恩"
"u-47_(rookie_rider)_(azur_lane)","U-47_（新手骑手）_（碧蓝航线）"
"u-511_(kancolle)","U-511_（舰姬Collection）"
"u-non_(annon'an)","水无月"
"u-official_(arknights)","尤里卡_(《明日方舟》)"
"u.a._school_uniform","雄英高中校服"
"ubah","中国风，ubah_39"
"ubo_(dbsgurdbsk)","ubo_db标签"
"ubo_(ubo_tales)","乌波物语"
"uchi_no_kaisha_no_chiisai_senpai_no_hanashi","我的小学长"
"uchi_no_musume_no_tame_naraba_ore_wa_moshikashitara_maou_mo_taoseru_kamo_shirenai.","如果是为了女儿，我甚至愿意击败魔王"
"uchi_no_pet_jijou","猫耳甜心室友"
"uchi_no_shisho_wa_shippo_ga_nai","我的主人没有尾巴"
"uchi_vs_the_world","拯救世界"
"uchikake","白无垢|日式嫁衣"
"uchikaze","库伊莫维"
"uchisaki_himari","日向坂希麻里"
"uchiwa","团扇"
"uchiwa_(medium)","伞形设计"
"uchuu_kaizoku_captain_harlock","太空海盗哈洛克船长"
"uchuu_kaizoku_sara","太空海盗萨拉"
"uchuu_keiji_gavan","太空警长加文"
"uchuu_no_mozuku","crust_gm0，外壳模型0"
"uchuu_no_stellvia","斯特莉薇亚"
"uchuu_patrol_luluco","太空巡逻队露露可"
"uchuu_senkan_yamato","大和号太空战舰，星际冲锋者"
"uchuu_senshi_baldios","太空战士巴尔迪奥斯"
"uda_(xax_057)","用户_kmuw5458"
"udakyo","京肉"
"udberg_eldol","北北大叔"
"udon_(memai_no_kabe)","独石乌冬面"
"udon_(udonalium)","t_bone_(06tbone)，骨状结构，06tbone风格"
"uduki_(nissi)","妮西"
"uduki_fuji","宇月由纪"
"udukikosuke","宇月浩辅"
"ueauwa","无法触及的爱"
"uehara_hachi","上原_花丸"
"uehara_suiyo","大社神33"
"uehasu_(drill'n_girl)","K小姐"
"uekura_eku","和风绘图"
"uendo_toneido","战斧飞龙"
"ueno_kishi","木下优乃，零世"
"ueno-san_wa_bukiyou","你真笨啊，上野小姐，上野小姐你可真笨啊"
"uesugi_kenshin_(rance)","上杉谦信（战国乱世）"
"uesugi_kyoushirou","上杉P"
"uesugi_u._kyouko","上杉由香子"
"uetaku","takupopn玩家"
"ufo","不明飞行物"
"ufo_princess_valkyrie","UFO，超美少女，女武神"
"ugatsu_matsuki","浅月堂"
"ugly_man","丑男"
"uguisu_(happy_turn)","欢乐转折"
"uhuhu","呜呼胡达哟505"
"ui_(blue_archive)","kozeki_ui界面"
"ui_(kirin)","ui_(pixiv394777)，界面设计"
"ui_(rot)","柴丸"
"ui_(swimsuit)_(blue_archive)","科泽基界面_泳装版"
"uingssi","东东_(0206qwerty)"
"uiri-na","UIRICCHI风格"
"uit-25_(kancolle)","uit-25_（舰姬Collection）"
"ujiga_waita","等待乌齐加"
"uka-no-mitama-no-kami_(inakon)","乌卡_（伊纳孔），乌卡_（稻荷），乌卡之御魂神_（稻荷）"
"ukan_muri","克龙巴斯特"
"ukavonnak","神之真空"
"ukaya_masaru","乌卡托工作室"
"ukitake_juushirou","漆竹十郎"
"ukitanisu","乌基塔尼苏_（pixiv45737）"
"ukiyo-e","浮世绘风格，日本浮世绘艺术"
"ukrainian_text","乌克兰人"
"ukulele","尤克里里"
"ulette","死亡枪扎扎"
"ulforcev-dramon","强力威龙兽，强力威龙V龙兽"
"uli_(bredkgod)","abc_（用户_wvss2873）"
"ulith_(wixoss)","乌里苏_(感染了维克索斯的筛选器)"
"ulpianus_(arknights)","乌尔皮安_(《明日方舟》)"
"ulquiorra_cifer","乌尔奇奥拉，乌尔奇奥拉·希费尔"
"ulsulah_(arknights)","艾尔舒拉_《明日方舟》"
"ulthury","雨声，雨滴声"
"ultima_(fft)","阿尔蒂玛"
"ultimate_girl","终极女孩，终极女孩们，终极女孩群像"
"ultimate_madoka","神明玛朵卡，玛朵卡之主"
"ultimate_madoka_(cosplay)","神明真宵（角色扮演）"
"ultra_ball","超级球体，超级球"
"ultra_beast","超级怪兽"
"ultra-13","ultra_(511455329)，超级版"
"ultracat","曹红英"
"ultraman_tarou","奥特曼塔罗"
"ultraman_tarou_(series)","奥特曼塔罗（系列）"
"ultramarimo","铁克特克"
"ultraseven","超级七人组"
"ultraseven_(series)","七龙珠（系列）"
"ultros","正姿形态"
"uma_(magipoka)","乌玛_（染金三九魔法宝鉴），尤玛_（魔法宝鉴），尤玛_（染金三九魔法宝鉴）"
"umamusume","海马娘"
"umarutsufuri","wumarutsufuri_（艺术家）"
"umauma_(trggercross)","触发交叉"
"umbrakinesis","黑暗魔法，操控黑暗"
"umbrella","雨伞"
"umbrella_octopus","呆萌章鱼，脆饼章鱼"
"ume_(datsuryokugen)","夏日浴血战"
"ume_(noraneko)","千太_(满心千太)"
"ume_(plumblossom)","梅子_spla4"
"umedama_nabu","鹤吉斗梅"
"umemaneneco","噩梦猫咪"
"umemaro_(siona0908)","一护的发型"
"umeno_shii","海宫618"
"umenoume","面萌图，无面图"
"umesato_yukino","羽毛状雪花"
"umezawa_itte","桶头人，桶头人色情版"
"umi_(k_mpk)","wa_(htmn0106)，瓦特姆诺1006"
"umi_(nana_spring)","春野哈鲁诺"
"umi_(yumoran)","umi_(anz32)，海之精灵(anz32)"
"umibouzu_(niito)","海之波纹"
"umie_(iowae)","爱荷华州风格"
"umihal","海原"
"umihara_kawase_(character)","海原久我濑（角色）"
"umika_(blue_archive)","里滨由美香"
"umikaze_(kancolle)","海风_(舰队Collection)"
"umineko_no_naku_koro_ni","乌美奈子，海鸥哭泣之时"
"umino_hotate","海之阿塔利"
"uminotacos","色情图片"
"umio_(neptunia)","乌米欧_海王星系列"
"umiroku","雪路"
"umiyama_ako","海月啊库"
"ump40_(girls'_frontline)","UMP40_（少女前线）"
"ump45_(girls'_frontline)","UMP45_（少女前线）"
"ump9_(girls'_frontline)","UMP9_（少女前线）"
"umxzo","羞耻院，umxzo_2"
"un_(kyousougiga)","未解锁（强气模式）"
"un-known_(ninesix)","未知艺术家，Pixiv315238账号对应的未知艺术家"
"un4lord","灯笼工作室"
"unabara_misumi","Misumi_（亡命之徒）"
"unagi_(nakaelric)","鳗鱼_(515816703)"
"unaligned_breasts","左右乳房动态不一"
"unbirthing","未诞生状态"
"unbuttoned","解开纽扣后"
"unbuttoned_shirt","解开纽扣的衬衫"
"uncensored","无修正"
"unconscious","失神"
"under_covers","盖着被子的"
"under_kotatsu","钻进被炉的"
"under_skirt","内衣"
"under_table","在桌子下面"
"under_the_desk_(idolmaster)","桌子下方"
"under-rim_eyewear","无上框眼镜"
"underbar_summer","夏天"
"underboob","下乳|南半球"
"underboob_cutout","衣服有下半乳开口"
"underbust","勒着下胸围的衣服"
"underbutt","臀部褶皱露出"
"undercut","帽盔式发型"
"undershirt","汗衫"
"undersized_clothes","尺寸过小的衣服"
"underwater","水下"
"underwear","内衣"
"underwear_only","只穿着内衣"
"underwear_theft","偷内裤者，盗取内衣的人"
"undine_(last_origin)","P-3M乌迪涅"
"undone_necktie","解开领带"
"undressing","脱衣"
"une_back","风之铃42"
"uneven_eyes","大小眼"
"uneven_footwear","不对称鞋款"
"uneven_gloves","不对称手套"
"uneven_legwear","不对称腿部服饰"
"uneven_sleeves","不对称袖子"
"uneven_twintails","两股辫子大小不一"
"unf_(unotfound_404)","尼雅昆，未找到_404"
"unfairr","色气胖腿"
"unfastened","未扣紧，未解开钩子"
"unfinished","进行中作品，未完成作品"
"uni_(neptunia)","uni_（海王星系列）"
"uni_(plastic_girl)","联合国"
"uni_create","uni频道"
"uni_mate","龙虾"
"uni_souchou","米恩军士长"
"uniazi_mikan","莫阿鸟之颅"
"unico_kasumi","卡库卡库_（工房之翼）"
"unicorn","独角兽"
"unicorn_(long-awaited_date)_(azur_lane)","独角兽_(游乐园约会)_(碧蓝航线)"
"unicorn_(pripara)","独角兽_(纯洁参数)"
"unicorn_(the_gift_of_spring)_(azur_lane)","独角兽_（春天的礼物）_（碧蓝航线）"
"uniform","制服"
"unigon_(kitsutsuki)","存钱罐_(Pixiv)"
"union_jack","米字旗"
"unison_(nanoha)","齐声演唱"
"unitard","弹力紧身衣"
"united_kingdom","英国人"
"united_kingdom_(hetalia)","亚瑟·柯克兰德，英格兰（赫塔利亚）"
"united_states","美国，美国（国家），美国（国家）"
"universal_bulin_(azur_lane)","宇宙战舰（蔚蓝航线）"
"unknown_showhey","波岛修平"
"unlimited_blade_works_(fate)","无限刀刃作品"
"unlovely_(happinesscharge_precure!)","治愈不可爱，不可爱（光之美少女）"
"unmoving_pattern","连续重复的花纹"
"unneul","我亲爱的S2"
"uno_usaya","空武道"
"unofficial_sailor_senshi_uniform","水手战士服装"
"unomiki","古贺治美"
"unowen","京恩_风轮，雪见团子"
"unreal_engine_(medium)","虚幻引擎_(中等质量)"
"unrefle","anrifure_(teiha02)，动漫角色，二次元插画"
"unryuu_(kancolle)","苍龙_舰姬Collection"
"unsheathing","拔出鞘的"
"untied","解开的衣物|没穿好的衣物"
"untied_bikini","解开的比基尼"
"untied_footwear","未系带的靴子，未系带的鞋子"
"untsuku","未解锁"
"untucked_shirt","解开的衬衫"
"untue","云苏"
"untying","解开的"
"unused_character_(kill_me_baby)","波茨库亚拉"
"unused_tire","脱落的轮胎，轮胎，多个轮胎"
"unusual_ecolo","川田ecolo"
"unworn_apron","已去除围裙"
"unworn_armband","护臂已移除"
"unworn_armor","已移除护甲"
"unworn_backpack","已移除背包"
"unworn_bag","已移除袋子"
"unworn_bandana","头巾已移除"
"unworn_belt","腰带已移除"
"unworn_bikini","比基尼已移除"
"unworn_bikini_bottom","去掉了比基尼海底城元素"
"unworn_bikini_top","比基尼上装被移除"
"unworn_blazer","已移除西装外套"
"unworn_blindfold","眼罩已移除"
"unworn_bloomers","已移除短裤"
"unworn_blouse","上衣被脱掉"
"unworn_boots","靴子已移除"
"unworn_bow","已移除蝴蝶结"
"unworn_bowtie","领结已移除"
"unworn_bra","胸罩脱掉，胸罩被取下"
"unworn_bracelet","手镯已移除"
"unworn_buruma","已移除鼓膜"
"unworn_cape","已移除披风"
"unworn_cardigan","已去掉开衫"
"unworn_cloak","已移除斗篷"
"unworn_clothes","脱掉衣服，移除衣物，裸体"
"unworn_coat","已去除外套"
"unworn_collar","领口被移除"
"unworn_crown","王冠已移除"
"unworn_dress","衣服被脱掉"
"unworn_earring","耳环已移除"
"unworn_eyepatch","眼罩摘下，眼罩移除"
"unworn_eyewear","眼镜已摘除，眼镜取下，眼镜已移除，太阳镜已摘下"
"unworn_footwear","已移除鞋履"
"unworn_gag","已移除搞笑元素"
"unworn_gloves","手套已移除，手套已被取下"
"unworn_goggles","摘下护目镜，取下防护眼镜"
"unworn_hair_bow","发饰已移除"
"unworn_hair_ornament","已移除头发装饰"
"unworn_hairband","发带已移除"
"unworn_hairclip","发夹已移除"
"unworn_hat","摘下帽子，移除帽子"
"unworn_headband","头带已移除"
"unworn_headgear","已移除头饰"
"unworn_headwear","头饰已摘除，头饰已被取下"
"unworn_helmet","头盔摘下，头盔已移除"
"unworn_hoodie","连帽衫已移除"
"unworn_jacket","脱掉外套，移除外套"
"unworn_jewelry","已移除首饰"
"unworn_kimono","和服已移除"
"unworn_kneehighs","已去除及膝长袜"
"unworn_lanyard","已移除挂绳"
"unworn_legwear","已移除腿部服饰"
"unworn_male_underwear","男性内裤被脱掉"
"unworn_mask","面具摘下，面具已移除，未戴面具"
"unworn_mittens","手套已移除"
"unworn_neckerchief","领巾已移除"
"unworn_necklace","项链已移除"
"unworn_necktie","领带解开，领带被取下"
"unworn_panties","内裤脱掉，内裤被取下"
"unworn_pants","裤子被脱掉"
"unworn_pantyhose","连裤袜被脱掉"
"unworn_ribbon","已移除丝带"
"unworn_ring","戒指已移除"
"unworn_sandals","已脱下凉鞋"
"unworn_sarong","已去除纱笼装"
"unworn_scarf","已移除围巾"
"unworn_scrunchie","发圈已移除"
"unworn_shirt","衬衫脱掉，衬衫被移除"
"unworn_shoe","鞋子已移除"
"unworn_shoes","脱掉鞋子，移除鞋履"
"unworn_shorts","已移除短裤"
"unworn_skirt","裙子脱掉，裙子被移除"
"unworn_sleeves","去掉了分离式袖子，已去除袖子"
"unworn_slippers","拖鞋已移除"
"unworn_socks","脱掉袜子，移除袜子"
"unworn_sweater","毛衣已脱掉"
"unworn_swim_cap","泳帽已移除，泳帽已被取下"
"unworn_swimsuit","泳装已移除"
"unworn_thighhighs","已移除过膝袜"
"unworn_vest","已脱下背心"
"unworn_wig","假发已移除"
"unzipped","拉开拉链的"
"unzipping","拉开拉链(动作)"
"uokin2","uoheie_kinniku_2的中文翻译"
"uonuma_yuu","乌奥努·玛由"
"uorui","uoru1_juju，尤尤"
"uousa-ou","尤莎"
"upanishi_mariko","奥义书"
"updo","头发往上蜷的发型"
"upotte!!","上托"
"upper_body","上半身"
"upper_teeth","露出上排牙齿"
"upper_teeth_only","上牙"
"upright_straddle","对坐体位"
"upscaled","高清化"
"upshirt","从衬衫下方瞥"
"upshorts","从裙底瞥"
"upside-down","倒挂的"
"upskirt","从人的下方往上瞥"
"ura_dora","乌拉多拉"
"ura_tomomi","乌拉托莫明"
"urabe_katsuto","乌拉贝克猫"
"urakaze_(kancolle)","浦风_(舰姬Collection)"
"urako","绒毛堆叠球体"
"urameshi_yusuke","浦岛由辅"
"uranaishi_(miraura)","水无月_美露拉"
"uranami_(kancolle)","浦波_(舰姬Collection)"
"uranohoshi_school_uniform","浦之星女学院校服"
"uranus_symbol","天王星星座"
"uraraka_ochaco","乌拉拉·奥查科，重力使（我的英雄学院）"
"urasanmyaku","四百万分之一"
"urase_shioji","盐路_(sioji24)"
"urasekai_picnic","异界野餐"
"urashima_keitarou","浦岛启太郎"
"uratari","买取计划"
"urato_hotaru","灯笼托托"
"uraya_nagi","被褥，棉被"
"urayasu_tekkin_kazoku","超级夸张搞笑家族"
"urethra","尿道"
"urethral_insertion","尿道插入"
"urewi","纱丽_(sat-00)"
"uriuritei","用户_tgcf7775"
"uro_(urooooboe)","呜呜呜小笛子"
"uro_(urotanc)","尿尿"
"urosu_(678_ner)","乌洛苏"
"urrrt","呜呜呜呜呜"
"ursica","永远不变"
"ursula_(23)","23号的呆毛女孩，呆毛女孩（23），real_xxiii的呆毛女孩"
"ursula_(xenoblade)","纳纳库莉_(异度神剑)"
"ursula_charistes","乌苏拉·卡利斯蒂斯，乌苏拉（小女巫学院）"
"uru_(shikuixi)","色气，可爱度7"
"uruha_rushia_(new_year)","乌尔哈·拉席亚（第二套服装）"
"uruha_rushia_(school_uniform)","乌尔哈·露西娅_第四套服装"
"urusei_yatsura","浦泽直树"
"urushibara_ruka","鲁卡科_《命运石之门》，乌露希巴拉·露卡"
"urushihara_satoshi","/苏，/乌斯"
"urute","宫野乌露露"
"uruu_gekka","月光宝盒"
"usa-chan_(idolmaster)","美国酱"
"usachu_now","吉泽樱"
"usada_hikaru","蔷薇色狂乱"
"usada_pekora_(casual)","宇佐田佩科拉（第四套服装）"
"usada_pekora_(furi_furi_bunny_dress)","宇佐田佩科拉（第五套服装）"
"usada_pekora_(new_year)","宇佐田佩科拉（第二套服装）"
"usada_pekora_(prisoner)","宇佐田佩科拉（第三套服装）"
"usada_pekora_(summer)","宇佐田佩科拉（第8套服装），宇佐田佩科拉（泳装）"
"usagi_(pripara)","兔娘（抖动参数）"
"usagi_drop","兔子掉落物，兔子掉落物"
"usagiboshi_shizuka","静香头22"
"usagyaru_(rangu)","兔耳娘_(ran9u)"
"usamin_(megumikira)","usamin_（艺术家）"
"usas-12_(girls'_frontline)","usas-12_（少女前线）"
"usashiro_mani","手部特写"
"used_condom","用过的避孕套"
"used_condom_on_penis","避孕套填充物"
"used_tissue","用过的纸巾"
"usekh_collar","埃及领"
"ushanka","俄罗斯冬帽"
"usheriiu","机械感，奇妙哇哦"
"ushi_(newrein)","新蕾茵"
"ushi_gozen_(fate)","《Fate/剑风传奇》中的骑士角色"
"ushi_no_koku_mairi","鱼之时相遇"
"ushikani_kassen","我喜欢田尼，龙龙龙龙"
"ushiki_yoshitaka","一夜情"
"ushimochi","鹏温"
"ushinawareta_mirai_wo_motomete","寻找失落的未来"
"ushio_(kancolle)","乌潮_(舰队Collection)"
"ushiro_muki","鱼耳"
"ushiromiya_kinzou","牛宫金藏"
"ushiromiya_lion","牛宫利昂"
"ushiwakamaru_(fate)","牛若丸_(命运/冠位指定)"
"usotsuki_hime_to_moumoku_ouji","谎言公主与盲眼王子"
"usotsuki_mii-kun_to_kowareta_maa-chan","臼月美君与破碎的小町"
"usuba_kagerou_(shougyouchu)","宇佐美辉夜"
"usugumo_(kancolle)","潮风_(舰姬Collection)"
"usuki_(graygreed)","蝴蝶梦"
"usushio","用户_dtak3787"
"uta_25","阿图"
"utage_(summer_flowers)_(arknights)","宇多葛_夏辉_《明日方舟》"
"utaha_(blue_archive)","白石歌羽"
"utaha_(cheer_squad)_(blue_archive)","白石歌羽（啦啦队），歌羽（啦啦队员）（蓝色档案）"
"utaite","歌姬_(歌手)"
"utakata_(kochou_no_yume)","宇多卡塔_(0824)"
"utamaru_(konomix)","恋与深空，言叶之海"
"utane_uta","德福科"
"utawarerumono","歌姬传说"
"utawarerumono_radio","歌姬传说广播剧"
"utawarerumono:_futari_no_hakuoro","歌姬传说：两人的白玉"
"utawarerumono:_itsuwari_no_kamen","歌姬传说：虚假的面具"
"utawarerumono:_lost_flag","歌姬传说：遗失的碎片"
"ute_(yu-gi-oh!)","尤托_（游戏王！），尤托_（游戏王！）"
"utensil_in_mouth","嘴里插叉子，嘴里插勺子"
"uterus","子宫"
"uthy","0000_(asd7083)，未知编号标签"
"utility_belt","战术皮带"
"utility_pole","电线杆，电话杆"
"utnapishtim_operator_uniform_(blue_archive)","方舟制服_蓝色档案"
"utsugi_lenka","宇津木莲华"
"utsumi_erice","海月爱丽丝"
"utsumi_erice_(mission_start)","海澄爱莉丝_（任务开始）"
"utsumi_karmin","卡米涅_（ucdio）"
"utsurogi_angu","地狱香氛，乌图罗吉安古"
"utsusumi_kio","kio_(yumekuikio)，桐生葵"
"uusquid","处女座相关内容"
"uva_academy_school_uniform","乌瓦学院制服"
"uvogin","乌博金"
"uvula","小舌头|口盖垂|悬雍垂"
"uwabaki","室内鞋"
"uwasa_(madoka_magica)","乌瓦萨_（魔法记录）"
"uwasa_no_sana","双叶纱奈（忧华沙）"
"uwasa_no_tsuruno","鹤野由衣_(乌瓦萨)"
"uxco0","致命线圈，qlll33o"
"uza_(hellme)","地狱使者"
"uzaki-chan_wa_asobitai!","宇崎酱想一起出去玩！"
"uzi","imi_uzi，伊米乌兹"
"uzuki_(kancolle)","宇月_(舰队Collection)"
"uzuki_aki","宇都木市"
"uzuki_kai","宇津木海"
"uzuki_uzu","宇智波卵"
"uzzy2801","nemo_(aeon2801)，尼莫"
"v","比V|剪刀手"
"v_(tit_mzmz)","奶牛胸，巨乳迷糊妹"
"v_arms","拘谨的手势"
"v_over_eye","在眼边比剪刀手"
"v_yuusha_no_kuse_ni_namaiki_da_r","禁止出现英雄！_虚拟现实"
"v-mon","维蒙"
"v-neck","v字领"
"v-shaped_eyebrows","眉毛皱成V形(表高傲或愤怒)"
"vacuum_cleaner","吸尘器"
"vaginal","阴道"
"vaginal_object_insertion","阴道异物插入"
"vaginal_prolapse","子宫脱垂"
"vaike_(fire_emblem)","威克"
"valefal_coneri","瓦雷福尔零"
"valentine","情人节"
"valerie_(pokemon)","玛琪_(宝可梦)"
"valkyrie","女武神"
"valkyrie_(fate)","女武神_(命运/冠位指定)"
"valkyrie_(last_origin)","T-8W女武神"
"valkyrie_profile_(series)","女武神人设"
"valkyrie_profile_2:_silmeria","女武神档案2，西尔梅里亚"
"valtor","val_(escc4347)，瓦尔_（escc4347）"
"valvatorez_(disgaea)","瓦尔巴托斯"
"vambraces","下臂护甲"
"vamdemon","鼠耳蝠蒙"
"vamola_(dandadan)","bamora_（丹达丹丹）"
"vampire","吸血鬼"
"vampy","瓦妮娅"
"van_augur","范·奥格"
"van_hohenheim","霍恩海姆，瓦布·霍恩海姆"
"vanessa_(pgr)","瓦内萨_（惩罚模式：灰鸦）"
"vanilla_(last_origin)","原味_a1"
"vanilla_(mon-musu_quest!)","吸血鬼少女_（蒙穆斯任务！）"
"vanilla_(nekopara)","原版_(诗织)"
"vanishing_point","远景透视画法"
"vanitas_no_carte","虚无之物的案例研究"
"vanity_(monster_farm)","虚荣心_(怪物牧场主)"
"vanity_table","梳妆台"
"varia_suit","强化服"
"variable_fighter","可变形战机|超时空要塞机体"
"variations","(变装、变化、变色、成长)对比图"
"varyu","雅典娜_(k-kzk1842)"
"vasavi_shakti_(fate)","瓦萨维·沙克蒂"
"vase","花瓶"
"vashperado","迈克·内斯比特"
"vashti_(pokemon)","莫莫_(宝可梦)"
"vastaya","瓦斯塔亚人"
"vaughnilla","乌鸦脉冲"
"vaulting_horse","跳马(器材)"
"vayne_(league_of_legends)","肖娜·薇恩"
"vayreceane","费利西亚尼·亚普"
"vector_(girls'_frontline)","vector_（《少女前线》）"
"vector_trace","轨迹，向量，向量轨迹"
"vega_(street_fighter)","巴尔罗格_(街头霸王)，爪子_(街头霸王)"
"vegapunk_lilith","朋克风02"
"vegetable","蔬菜"
"vegetable_noda","蔬菜大蛇丸"
"vegetto","贝吉特"
"vehicle_chase","汽车追逐"
"vehicle_focus","载具的特写"
"vei_(vtuber)","美女，佳人"
"veil","面纱"
"veins","静脉|血管凸起"
"veiny_penis","静脉凸起的阴茎"
"velinxi","快速气味"
"vellmori","shd_eod，最终决战场景"
"velma_dinkley","维尔玛·戴斯·丁克利"
"velminth","赫斯拉"
"velouria_(fire_emblem)","天鹅绒质感_(火焰之纹章IF)"
"velvet_crowe","天鹅绒_（故事类）"
"vending_cart","食品摊车"
"vending_machine","自动售货机"
"vengeful_hannya_(onmyoji)","复仇智慧"
"venice","威尼斯"
"venis","贝妮苏"
"venn_(vebonbon)","维邦邦"
"vennie","康纳"
"venom_snake","受罚之蛇"
"vent_(mega_man)","洛克人通风口"
"vento_aureo","金色之风"
"venus_(skullgirls)","维纳斯·洛夫莱斯"
"venus_paques_(umamusume)","金星公园_（兔娘）"
"venus_symbol","铜制标志，铜符号，女性标志，女性符号，金星星座"
"venus_syndrome_(idolmaster)","金星综合征"
"venuscho","克诺薇"
"vera_(pgr)","维拉_（惩罚模式：灰鸦）"
"vera_collins","vera_(heroman)，薇拉_(英雄人)"
"vera:_garnet_(pgr)","维拉：石榴石（惩罚：灰鸦）"
"vera:_rozen_(pgr)","薇拉：罗森（惩罚：灰鸦）"
"veranda","外廊|缘侧"
"veraqueen","伊马里，Y_伊马里"
"vergil_(devil_may_cry)","维吉尔"
"verity_gavelle","贾斯汀·考特尼，三神灯里"
"vermilio_(helck)","瓦米里奥"
"vermilion_city_school_uniform","克洛伊的学校制服（宝可梦）"
"verniy_(kancolle)","绿之坎泰基列队"
"versailles_no_bara","奥斯卡小姐，凡尔赛玫瑰，凡尔赛玫瑰"
"vert_(neptunia)","垂直视角，海王星系列垂直视角"
"vert_(ultra_dimension)_(neptunia)","垂直_（超维度）_（海王星系列）"
"vertical_stripes","竖条纹"
"vertical-striped_bikini","竖条纹比基尼"
"vertical-striped_clothes","竖条纹服装"
"vertical-striped_dress","竖条纹连衣裙"
"vertical-striped_headwear","竖条纹帽子"
"vertical-striped_kimono","竖条纹和服"
"vertical-striped_legwear","竖条纹裤袜"
"vertical-striped_one-piece_swimsuit","竖条纹泳装"
"vertical-striped_panties","竖条纹内裤"
"vertical-striped_shirt","竖条纹衬衫"
"vertical-striped_skirt","竖条纹裙子"
"vertical-striped_socks","竖条纹及膝长袜"
"very_dark_skin","黑皮"
"very_long_hair","很长的头发"
"very_short_hair","很短的头发"
"veryhardloco","贝里瓦多罗科"
"vespid_(girls'_frontline)","《少女前线》黄蜂队，VESPID_（少女前线）"
"vest","背心"
"vestia_zeta_(jirai_kei)","维斯蒂亚_泽塔_(第三套服装)"
"vestia_zeta_(new_year)","维斯提亚_泽塔_（第二套服装）"
"vhs_(girls'_frontline)","VHS_《少女前线》"
"via_(mega_man)","via_(洛克人)"
"via_shinan","维阿希南"
"vial","试管"
"vibrator","跳蛋"
"vibrator_in_thighhighs","大腿贴着跳蛋控制器"
"vibrator_on_nipple","乳头振动器"
"vibrator_under_clothes","塞着跳蛋且穿着衣服"
"vibrator_under_panties","塞着跳蛋且穿着内裤"
"vickie_(cryingrobot)","哭泣机器人"
"vickie_(cryingrobot)_(character)","vicki_(哭泣机器人)"
"vicky_(fairly_oddparents)","维基_(花花公子型)"
"victor_(pokemon)","亨利·索德，男性主角（宝可梦SWSH），男性主角（宝可梦SWSH），正太郎（宝可梦）"
"victor_(tales)","维克托（《艾尔登法环2》）"
"victor_1-1_(modern_warfare_2)","亚历杭德罗·瓦尔加斯"
"victor_grantz","邮差_(身份V)"
"victorica_de_blois","维多利卡·德·布罗瓦，维克托里克·德·布卢瓦，维克托里克·德·布罗瓦"
"video","MP4格式，视频文件，WebM格式"
"video_game","电子游戏"
"video_game_cover","游戏封面"
"videocassette","VHS，VHS录像带，视频录像带，磁带，录像磁带"
"videocassette_recorder","录像机"
"vietnamese_text","越南人"
"viewer_holding_leash","第一人称视角，束缚感"
"viewer_on_leash","从被束缚的角度视角"
"viewfinder","相机取景框"
"vigilante_-boku_no_hero_academia:_illegals-","我的英雄学院：义警们"
"vignette_tsukinose_april","月之森暗角四月版"
"viktoria_dahlgrun","维多利亚·达尔格伦"
"vile_(mega_man)","瓦瓦，恶劣"
"villager_(animal_crossing)","村民_(动物之森)"
"villetta_nu","维莱塔裸照"
"vincent_brooks","文森特_凯瑟琳"
"vines","藤曼"
"vini_(frisco)","德克春，fr1sco22"
"vinsmoke_ichiji","闪耀红光"
"vinsmoke_niji","电击蓝"
"vinsmoke_yonji","绿色绞盘"
"vinyl_scratch","dj_pon3，蓬3"
"viola_(majo_no_ie)","维奥拉_（女巫之屋）"
"viola_(one_piece)","紫罗兰_海贼王"
"viola_(seed)","seed1yet，澄美_(pixiv142558)"
"viola_(soulcalibur)","维奥拉_（魂之刃）"
"violence_fiend_(chainsaw_man)","暴力恶魔_电锯人"
"violence_kumahina","31_暴力场景"
"violet_(fate)","紫罗兰_(命运/extra_ccc)"
"violet_evergarden","紫罗兰永恒花园（角色）"
"violet_evergarden_(series)","紫罗兰永恒花园"
"violetshit","舞蹈"
"violin","小提琴"
"viper_(series)","蝰蛇，蝰蛇"
"vira_(granblue_fantasy)","维拉·莉莉"
"virgin","初夜丧失，隐含处子身份"
"virgin_killer_outfit","处男杀手服"
"virgin_killer_sweater","处男杀手毛衣"
"virgoart","1509室女座艺术，室女座艺术512"
"viria13","维多利亚·里德泽尔"
"viridi","自然风景"
"virion_(fire_emblem)","紫苑_(火焰之纹章)"
"virtual_ant_channel","虚拟安托频道"
"virtual_youtuber","虚拟Youtuber"
"virtuosa_(arknights)","亚特莉雅_(明日方舟)"
"virus_(obsession)","病毒_(pixiv)"
"visible_air","被画出来的空气"
"visket53","肥皂草"
"visor","面罩|遮阳帽舌|遮阳板"
"visor_cap","遮阳帽"
"vista-tan","维斯塔，维斯-坦"
"visual_novel","视觉小说"
"vita_(nanoha)","Vita平台"
"vital_sunflower_(idolmaster)","生命向日葵"
"vitotraps","维托普特"
"vivian_(lancerhd)","薇薇安_（艺术家）"
"vivian_seong_(blushyspicy)","吸血鬼秘书_（blushypixy），薇薇_（blushyspicy）"
"viviana_(arknights)","薇薇安_(《明日方舟》)"
"vividred_operation","/vivipan，胎生"
"vivinos","恩惠"
"vivio","高町薇薇奥"
"viy_(fate)","薇伊"
"vizerothree","维罗妮卡·米耶奇科夫斯卡"
"vlad_king_(boku_no_hero_academia)","金城次郎"
"voc","声优"
"vocaloid_append","V家歌手的头戴设备"
"voice_actor","声优，配音演员"
"voice_actor_connection","声优互动，声优趣事"
"voiderino","虚空之虚，里诺"
"voile","薄纱|巴里纱"
"volkner_(pokemon)","电次_宝可梦，登齐_宝可梦"
"volkswagen_beetle","大众Type1"
"volley-bu-chan_(tawawa)","AI的朋友_奇世镜，排球少女_塔瓦瓦"
"volleyball","排球"
"volleyball_uniform","排球服"
"volt_(nikke)","bolt_(nikke)，螺栓_(尼kke)"
"volt_crocodile","伏特鳄鱼"
"volumen_hydragyrum_(fate)","水蒸气体积"
"vomi_agogo_(slugbox)","呕吐，恶心感"
"vomit","呕吐"
"vomiting","呕吐"
"vomiting_blood","吐血"
"vomiting_cum","呕吐精液"
"vomiting_rainbows","彩虹呕吐物，彩虹吐息，彩虹涎液"
"von.franken","冯·弗兰肯博士"
"voodoothur","天野系"
"vore","丸吞"
"vortex_(xu_xuanwo)","徐玄窝"
"voyagehermitage","旅程，隐居地"
"voyager_(fate)","航海者_（命运/安魂曲）"
"voyakiloid","弱音(歌手)"
"voyeurism","偷窥癖"
"vrkdh","新人"
"vs","对战"
"vs_seeker","vs._寻求者"
"vsinger_(vocaloid)","VOCALOID中国风，华语虚拟歌姬，虚拟歌手"
"vsk-94_(girls'_frontline)","vsk-94_（少女前线）"
"vulcanus_(disgaea_4)","恶魔城中的火山"
"vulture_(washizu0808)","洗地机0808"
"vuxer","人类形态生物"
"vyrn_(granblue_fantasy)","bii_（碧蓝幻想），vee_（碧蓝幻想）"
"w","手指比W"
"w_(fugue)_(arknights)","《明日方舟》w_(迷幻曲)"
"w_arms","双臂摆出W"
"w.l.o_sekai_ren'ai_kikou","世界恋爱开局"
"wa_lolita","和风萝莉"
"wa_maid","和风女仆"
"wa_noko","nuuuu_v，努努努_v"
"wa2000_(girls'_frontline)","wa2000_（少女前线）"
"wactor_production","美莱祖，米乌频道"
"wada_arco","和田RCO，和田亚露子，和田RCO"
"wada_kazu","和田一和"
"wada_kenichi","瓦丹"
"wading","涉水"
"wading_pool","充气泳池"
"wafer_stick","曲奇吸管"
"waffen-ss","武装党卫队"
"waffle","华夫饼"
"wafu_(youzora_samo18)","夕空萨莫18"
"waga_seishun_no_arcadia","我青春时的乐土，我青春时期的乐园"
"wagahai_(ace_attorney)","我啊_（逆转裁判）"
"wagashi","日式点心"
"wagashi_(dagashiya)","若叶子_(温柔拥抱)"
"wagaya_no_oinari-sama","我们家园的狐神"
"waha~_(meme)","哇哈~"
"wahootarou","加油_(hnct4244)"
"waisshu_(sougyokyuu)","我之日_2"
"waist_apron","女服务员围裙"
"waist_bow","系在前腰的蝴蝶结"
"waist_cape","穿在腰部的小披风"
"waist_poke_ball","戳腰精灵球"
"waistcoat","马甲"
"waiter","服务员"
"waitress","女服务员"
"waka_(wk4444)","恩斯克特"
"waka_okami_wa_shougakusei!","和之神是小学生"
"wakaba_(kancolle)","若叶_(舰队Collection)"
"wakabayashi_iori","若林小姐"
"wakabayashi_isamu","若林桑的弟弟"
"wakahiko","恶棍，反派角色"
"wakaho_riku","凶宅"
"wakamatsu372","太山"
"wakamezake","大腿杯，腿部杯，大腿间的液体，大腿型杯具"
"wakamo_(blue_archive)","小坂若子"
"wakamo_(swimsuit)_(blue_archive)","小坂若茂（泳装）"
"wakana_(nagomoo)","若菜_（画师名）"
"wakana_rei","层叠效果_(bang_dream!)"
"wakanita","笑到不行"
"wakaouji_ichigo","一护_(K-ON!)"
"wakataku","和歌拓"
"wake_up_girls!_stage_no_tenshi","无翼天使舞台版"
"waking_up","起床"
"wakino_keibun","若木良文"
"wakizashi","日本短剑|介错刀"
"wakkuchin20","ArtNet艺术作品"
"wakoudo","和歌山一斗"
"wakui_tomo","若井智子"
"walfie","基尔比"
"walk-in","进错房间|意外进来看到了不该看的"
"walker_(robot)","步行者"
"walkie-talkie","对讲机"
"walking","走路"
"walking_on_liquid","在液体上行走"
"wall","墙"
"wall_of_text","文字背景"
"wall_slam","壁咚"
"wallace_(pokemon)","米库里_(宝可梦)"
"wallet","钱包"
"walluka","瓦卢库"
"wally_(pokemon)","水树_(宝可梦)"
"wally_(where's_wally)","沃尔多_（哪里有沃尔多）"
"walnut","核桃（食物）"
"walpurgisnacht_(madoka_magica)","万圣节之夜（魔法少女小圆），万圣之夜（魔法少女小圆）"
"walter_(diereinewelt)","迪尔的新世界，沃尔特_（瓦特勒·迪尔的新世界）"
"walther_wa_2000","瓦尔特WA-2000，WA2000，瓦尔特WA-2000手枪"
"waltz_(tram)","wrt_(羊驼)"
"wamuu","瓦穆，砰，砰_（乔乔）"
"wan'yan_aguda","万燕·阿古达"
"wand","魔杖"
"wander_last_(vocaloid)","最后的漫步"
"wanderer_(genshin_impact)","斯卡拉穆什_(流浪者)_(原神)"
"wanderlucia","wander00317_（秋广塔尼西）"
"wandu_mook","万杜·穆克"
"wang_liu_mei","王六米"
"wangjook_(wj)","正在_(jj)"
"wangqi","z-rq，Z-RQ风格"
"wangzhe_rongyao","王者荣耀"
"wani_(perfect_han)","完美汉子"
"wanigumo","缪卡·祖金"
"wanko_sora","今天也要自慰啊"
"wannyanpu","动画PPP"
"wanren_(whter11)","天气如何"
"wanshi_(pgr)","万士_（惩罚：灰鸦）"
"wanta_(futoshi)","罗巴·高广，万坦酱万岁"
"wantan_meo","喵"
"wanted_poster","通缉中"
"wanwan_(ilol9)","ilol9，搞笑动画"
"wanwu_(nighmist)","月亮，星星与你"
"war","战争"
"war_hammer","战锤"
"war_wolf_(last_origin)","T-75狼人"
"warabbit","袋鼠鼠_(宝可梦)"
"warabeda_meiji","瓦拉贝达美姬"
"waramugu","田丹之瞳20"
"wardrobe_error","穿衣方式错了"
"wardrobe_malfunction","衣服出了意外(如崩开)"
"warechu","皮拉丘"
"waribashi-p","战争舰船"
"wario_land:_shake_it!","瓦里奥之地震动，瓦里奥之地：震动维度"
"warioware","瓦里奥制造，瓦里奥系列作品"
"wariza","鸭子坐"
"warning_sign","警示标志"
"warrior_(dq3)","士兵_(dq3)"
"warrior_(sekaiju)","角斗士_巨兽"
"warrior_of_light_(ff1)","光之战士，光之战士，光之战士，光之战士"
"warrior_of_light_(ff14)","《最终幻想14》角色头像，《最终幻想14X》角色头像"
"warship","军舰"
"warship_girls_r","战舰少女，斩剑少女"
"warspite_(kancolle)","战怒_(舰姬Collection)"
"warubo","片山佳奈"
"warzard","红土_(游戏)"
"wasabi_(wasalongt)","芥末_(nmrw4477)"
"washing","洗涤"
"washing_vehicle","洗车，洗车槽"
"washington_(kancolle)","华盛顿_(舰姬Collection)"
"washio_sumi_wa_yuusha_de_aru","洗井墨是英雄"
"washpan","洗菜盆"
"wasp","马蜂"
"wass_nonnam","瓦斯诺南"
"waste-man","楚凯男"
"wata_(attaka_towel)","瓦塔罗"
"wata_(rakopepa)","拉科佩帕"
"wata_kinoshi","哇啊啊啊啊"
"watagashi_yui","铃川由衣"
"watage_modoki","mii0512，渡边萌动"
"watai_kasumi_(artist)","白之春香"
"watanabe_(pgr)","渡边_（惩罚：灰鸦）"
"watanabe_akio","渡边昭夫，波哟哟摇滚，波哟哟摇滚"
"watanabe_kawa","什么鬼东西"
"watanabe_no_tsuna_(fate)","渡边统奈（命运/冠位指定）"
"watanabe_tomari","TMari风格"
"watanabe_yoshihiro","银八， Moo Do Dan，纳贝奇，铁铁奇"
"watanon_(gakushokutei)","渡野原"
"watanuki_(enu)","n14n12n，渡边树（pixiv_33969409）"
"watanuki_kaname","伊杂瑶·卡奈美"
"watao","奥由_（四重奏）"
"watarase_piro","piro_(prwtrs)，渡边世良piro"
"watari_(nijimukiokuiro)","二条慕黑红"
"watari_masahito","渡边信二"
"wataru_rei","塔鲁塔鲁伊戈"
"watashi_ga_koibito_ni_nareru_wake_naijan_murimuri","我绝对不可能成为你的恋人！除非……，我是谁"
"watashi_ga_motenai_no_wa_dou_kangaetemo_omaera_ga_warui!","无论你怎么看，我不受欢迎都是你的错，不管从哪个角度想，我没人缘都是你的问题，/瓦塔莫特，瓦塔莫特"
"watashi_ni_tenshi_ga_maiorita!","豌豆"
"watashi_no_oniichan","每周我的哥哥大人"
"watashi_no_oshi_wa_akuyaku_reijou","我爱上反派女角色了"
"watashi_no_shiawase_na_kekkon","我幸福的婚姻生活"
"watashi_no_yuri_wa_oshigoto_desu!","妹系恋爱，百合是我的工作！"
"watashi_nouryoku_wa_heikinchi_de_tte_itta_yo_ne!","我不是说过下辈子要让我的能力保持在普通水平吗？！"
"watashiki_(watashiki_3)","每日更新"
"watashitachino_kareshi","bnd_(bond0071108)，邦德系列"
"watch","手表"
"watching_television","看电视"
"water","水"
"water_bottle","水瓶"
"water_deity_(housamo)","水之神明（东京放课后的召唤师们）"
"water_drop","水滴"
"water_gun","水枪"
"water_wheel","水车"
"watercolor_(medium)","水彩画风"
"watercolor_pencil_(medium)","水彩笔作画"
"watercraft","船艇"
"waterfall","瀑布"
"watering_can","水壶"
"watermark","水印"
"watermelon","西瓜"
"watermelon_bar","西瓜棒"
"watermelon_beachball","西瓜海滩球"
"waterswing","角色名"
"watori_re","棉花_(棉花托拉斯特)"
"watson_amelia","艾米莉亚·沃森"
"watson_amelia_(astronaut)","沃森·艾米莉亚（第五套服装）"
"watson_amelia_(new_year)","沃森·艾米莉亚（第四套服装）"
"watson_amelia_(party_dress)","沃森·阿米莉亚（第三套服装）"
"watson_amelia_(street_casual)","沃森·艾米莉亚（第二套服装）"
"watson_cross","双腿交叉站姿"
"watta02614129","什么"
"waves","波浪"
"wavesheep","乔斯科"
"waving","挥手"
"waving_arms","挥舞着手臂"
"wavy_hair","卷发"
"wavy_mouth","薯片嘴型"
"wawa_(lingomogu)","wa_(wa)，瓦_(瓦)"
"wawako_mama","熔岩_(25486006)，瓦瓦齐"
"wawamachi","瓦瓦町_(瓦瓦町们)"
"wawasuke","安蓬坦，无法忍受"
"wax_seal","封蜡"
"wayanfa","海妖"
"wbfish","二重奏"
"wcdonald's","沃尔玛"
"wdy1000","维迪奥·阿迪普特拉"
"weapon","武器|兵器"
"weapon_bag","刀袋，剑袋，武器收纳包"
"weapon_case","枪套"
"weapon_focus","武器图鉴"
"weapon_on_back","背上的武器"
"weapon_over_shoulder","肩上的武器"
"weasel","白鼬"
"weasel_ears","白鼬耳"
"weasel_tail","白鼬尾巴"
"web_address","网址"
"webang111","阿卡拉特·苏马查亚"
"webley_(girls'_frontline)","韦伯利左轮手枪_（少女前线），韦伯利左轮手枪_（少女前线）"
"wedding","结婚|婚礼"
"wedding_band","左手无名指"
"wedding_dress","婚纱"
"wedding_ring","结婚戒指"
"wedgie","嵌入(拉裆部衣物所致)"
"weedy_(candy_cape)_(arknights)","杂草人_(糖果仙子)_(明日方舟)"
"wei_xiao","微笑_(dcvu7884)"
"weibo_watermark","微博用户名"
"weighing_scale","秤"
"weight_conscious","人物在意体重"
"weighted_clothes","带重量的服装"
"weightlifting","举重"
"weiic","伊尔萨ント·阿迪·萨普特拉"
"welrod","威洛德MK2"
"welrod_mkii_(girls'_frontline)","威洛德MK2_（少女前线），威洛德MK2_（少女前线）"
"welsh_corgi","柯基犬"
"welt_(kinsei_koutenkyoku)","宇野艾露托"
"welt_yang","沃尔特·杨，世界扬_（崩坏：星穹铁道）"
"wemu_(ivycrown)","绘鸟托卡五彩斑斓，emu_(xxemuxx)"
"wenny02","疗养院产业"
"wenquangua","番茄蛋包饭蜜瓜"
"wenu_(kirikirimai)","wenu_(kirikirimai1222)，山口wemu，山口wenu"
"werewolf","狼人"
"west_24","西区_(vaem5527)"
"western","西部剧"
"wet","湿透的|沾湿的"
"wet_clothes","湿衣服"
"wet_hair","湿头发"
"wet_male_underwear","男性湿透的内衣"
"wet_panties","湿内裤"
"wet_shirt","湿衬衫"
"wet_swimsuit","湿泳衣"
"wetland","沼泽地，湿地"
"wetsuit","潜水服"
"weyas_kayur","比库瓦，韦亚斯卡尤尔"
"weyowang","e7_（逃亡者162），eventh7"
"whale","鲸鱼"
"whale_shark","鲸鲨"
"whale_tail_(clothing)","鲸尾"
"what","作者犯病"
"what_i_watched_what_i_expected_what_i_got_(meme)","我看了什么，我期望什么，我得到了什么"
"what_if","另一条世界线"
"what_is_love_(meme)","什么是爱"
"wheel","车轮"
"wheel_of_fortune_(tarot)","命运之轮（塔罗牌）"
"wheelbarrow","独轮小推车"
"wheelchair","轮椅"
"when_mama_isn't_home_(meme)","妈妈不在家时"
"when_you_see_it","把梗元素藏在图里"
"where's_wally","沃尔多在哪里"
"whip","鞭子"
"whip_(kof)","鞭子_(SNK)"
"whip_marks","鞭痕"
"whipped_cream","生奶油"
"whisk","搅拌"
"whisker_markings","脸颊有胡须状痕迹(如狐妖脸上)"
"whiskers","动物胡须|络腮胡"
"whispering","讲悄悄话"
"whistle","口哨"
"whistle_around_neck","脖子上挂着口哨"
"white_apron","白色围裙"
"white_ascot","白色领结"
"white_background","白色背景"
"white_bag","白色背包"
"white_belt","白色腰带"
"white_bikini","白色比基尼"
"white_bloomers","白色灯笼裤"
"white_blouse","白色上衣"
"white_bodysuit","白色紧身衣"
"white_border","白色边框"
"white_bow","白色蝴蝶结"
"white_bra","白色胸罩"
"white_camisole","白色女式背心"
"white_cape","白色斗篷"
"white_capelet","白色披风"
"white_cardigan","白色开襟衫"
"white_cat","白猫"
"white_choker","白色项圈"
"white_coat","白色外套"
"white_collar","白色领子"
"white_day","白色情人节"
"white_dress","白色连衣裙"
"white_eyes","白色的眼睛"
"white_feli","天使般的美女"
"white_flower","白色的花"
"white_footwear","白色鞋类"
"white_gloves","白手套"
"white_hair","白发"
"white_hairband","白色发带"
"white_headband","白色头带"
"white_headwear","白色头饰"
"white_heart_(neptunia)","白心，海王星白心"
"white_hoodie","白色连帽衫"
"white_jacket","白色夹克"
"white_kimono","白色和服"
"white_legwear","白丝袜"
"white_leotard","白色连身衣"
"white_lips","白色口红"
"white_mage_(fft)","祭司_(FFT)"
"white_mage_(final_fantasy)","白色法师"
"white_magician_pikeru","琪露路"
"white_male_underwear","白色内裤_男性"
"white_nails","白色指甲"
"white_neckwear","白色领子"
"white_one-piece_swimsuit","白色泳装"
"white_outline","白色轮廓"
"white_panties","白色内裤"
"white_pants","白色裤子"
"white_ph","透耶"
"white_pupils","白色瞳孔"
"white_rabbit_(alice_in_wonderland)","白兔，白兔_（仙境）"
"white_ribbon","白色丝带"
"white_rose","白玫瑰"
"white_sailor_collar","白色水手领"
"white_scarf","白色围巾"
"white_scrunchie","白色发束"
"white_serafuku","白色水手服"
"white_shirt","白衬衫"
"white_shorts","白色短裤"
"white_skin","白色的皮肤"
"white_skirt","白色短裙"
"white_sleeves","白色袖子"
"white_socks","白色及膝长袜"
"white_suit","白色西装"
"white_sweater","白色毛衣"
"white_swimsuit","白色泳衣"
"white_tank_top","白色无袖紧身背心"
"white_theme","白色主题"
"white_tiger","白虎(动物)"
"white_towel","白色毛巾"
"white_vest","白色背心"
"white_wings","白色翅膀"
"white-framed_eyewear","白框眼镜"
"whiteboard","标记板"
"whitenight_(project_moon)","白夜_脑叶切除公司"
"whitesmith_(ragnarok_online)","大师工匠_《诸神黄昏在线》"
"whitney_(pokemon)","赤红_(宝可梦)"
"who_made_me_a_princess","欧努的呐喊也让人感动不已"
"whole_note","全音符"
"whole_rest","全音休止符"
"whoosaku","安杰洛_（五轮月），胡萨克"
"whyt","波奇卡"
"wi-fi_symbol","WiFi符号"
"wicke_(pokemon)","维克_(宝可梦)"
"wicked_dragon_witch_ver._shinjuku_1999","邪龙之魔女ver新宿1999"
"wide_face","宽脸化"
"wide_hips","沙漏型身材|安产型"
"wide_ponytail","宽马尾"
"wide_shot","广角镜头"
"wide_sleeves","宽大的袖子"
"wide_spread_legs","丰盈的大腿"
"wide-eyed","睁大眼睛"
"widowmaker_(overwatch)","阿梅莉·拉克鲁瓦"
"wife_and_wife","百合夫妇"
"wig","假发"
"wigfire","冬冰卓颜"
"wii_fit_trainer","Wii Fit训练器"
"wii_fit_trainer_(female)","Wii Fit训练器，Wii Fit配套训练程序"
"wii_fit_trainer_(male)","男性教练_(Wii健身)"
"wii_remote","Wii遥控器"
"wild_arms_1","野生武器修改代码F"
"wild_mane_(arknights)","伊沃娜_(《明日方舟》)"
"will_(pokemon)","月见_(宝可梦)"
"willard_h._wright","威拉德·H·赖特"
"william_leonard","这是威廉·伦纳德"
"william_tell_(fate)","威廉·泰尔_（命运/冠位指定）"
"wince","尤指女性刚性交时畏缩的表情"
"wind","风"
"wind_chime","风铃"
"wind_lift","起风效果|上升气流"
"winding_key","发条钥匙"
"windmill","风车"
"window","窗"
"window_(computing)","弹出窗口"
"window_blinds","百叶窗"
"window_shade","透过窗户照进来的光"
"window_shadow","窗帘"
"windowboxed","套着画框(背景)"
"windows_xp","Windows XP MCE版本"
"windowsill","窗台"
"windsock","风向带|鲤鱼旗"
"wine","葡萄酒"
"wine_bottle","酒瓶"
"wine_glass","红酒杯"
"wing_censor","审查之翼"
"wing_collar","燕子领"
"wing228","男人嗨墩"
"winged_arms","手臂翅膀"
"winged_bag","带翅膀的背包"
"winged_footwear","带翅膀的鞋子"
"winged_helmet","带翅膀的头盔"
"winged_unicorn","独角兽"
"wings","翅膀"
"wingul_(tales)","温加尔"
"winking_(animated)","眨眼"
"winkr","凯莉达"
"winni","温妮巫婆"
"winona_(pokemon)","娜吉_(宝可梦)"
"winter","冬季"
"winter_clothes","冬装"
"winter_coat","冬季夹克"
"winterflower","用户_etav7722"
"winterleigh","winterleigh艺术作品"
"wiping_tears","擦眼泪"
"wire","电线|数据线"
"wireless_sex_toy_controller","无线性爱玩具控制"
"wisdom_cube_(azur_lane)","心灵方块_(碧蓝航线)"
"wisteria","紫藤"
"witch","魔女"
"witch_(madoka_magica)","魔女(魔法少女小圆)"
"witch_hat","女巫帽"
"witches_in_7th_base","莱瓦索尔防御军团"
"wittle_red","机智吐槽，妙语连珠"
"wizard","术士"
"wizard_hat","法师帽"
"wizarmon","巫师魔物"
"wk_(low-f)","令人兴奋的感觉"
"wlop","王玲"
"wmikawa","面里_(微博_3807897060)"
"wn_(wani-noko)","用户_ecpa2244"
"wo_chi_xiangjiao_pi","丁丁图"
"wo_habum","背景图"
"wo-class_aircraft_carrier","Wo级_舰姬Collection"
"wo-class_aircraft_carrier_(cosplay)","wo-class_（舰姬Collection）_（角色扮演）"
"wobbuffet","浊音"
"wodahs_(funamusea)","wodahs_(海色天边)"
"woe_plague_be_upon_ye_(meme)","埃米纳姆扔胖老鼠（迷因）"
"wokyu_(houkago_no_megane)","雪月伊吉耶尔"
"wolf","狼"
"wolf_and_parchment","新世界，香料与狼"
"wolf_ears","狼耳朵"
"wolf_girl","狼女孩"
"wolf_link","链接_狼"
"wolf_tail","狼尾巴"
"wolffeld_price","沃尔夫菲尔德"
"wolfgang_amadeus_mozart_(fate)","沃尔夫冈·阿马德乌斯·莫扎特（命运/冠位指定）"
"wolflong","狼龙"
"wolfmon","洛波蒙"
"wolksheep","蜡质质感"
"wolverine_(x-men)","狼獾"
"woman_yelling_at_cat_(meme)","对猫大喊的女人"
"womi","女性角色，男性角色"
"wonder_festival_2005","《战地2005》"
"wonderful_magic_(idolmaster)","美妙的魔法"
"wood","木材"
"wood_man","伐木工"
"wooden_bucket","木桶"
"wooden_floor","木地板"
"wooden_sword","木剑"
"wooden_wall","木墙"
"woodland_camouflage","M81森林迷彩，多色迷彩，森林图案"
"woofycakes","埃里克·穆恩特斯"
"wool_bl","可爱番茄"
"woonak","海兔娘"
"wooser_no_sono_higurashi","伍瑟的饥寒生活"
"working!!","瓦格纳利亚！！"
"world_baseball_classic","白细胞"
"world_is_mine_(vocaloid)","世界属于我"
"world_trade_center","双子塔_世界贸易中心"
"world_w_academy_school_uniform","世界魔法学院制服"
"world_war_i","第一次世界大战，第一次世界大战"
"world_war_ii","第二次世界大战"
"worldwide_miku","文化版初音未来，各国版本初音未来，全球版初音未来，国际版初音未来，地区限定版初音未来"
"worm","蠕虫"
"worried","担忧的"
"worvies","coda_(usaalock)，尾声_(美国锁版)"
"wounds404","底层效果"
"wr_(karakusa_senbei)","奥基·亚萨里"
"wraith_(last_origin)","幽灵阿尔"
"wraith_(madoka_magica)","恶魔_(魔法少女小圆)"
"wrapped_bento","包裹型大福"
"wreath","花环"
"wrench","扳手"
"wrestling","摔角(运动)"
"wrestling_outfit","摔角服"
"wrestling_ring","摔角场"
"wringing_clothes","拧干衣服"
"wrinkled_skin","皱纹"
"wrist_belt","腰带手链"
"wrist_cuffs","和袖子分开的手腕的袖口"
"wrist_cutting","割腕"
"wrist_grab","抓着手腕"
"wrist_ribbon","腕带"
"wrist_scrunchie","束腕"
"wrist_wrap","护腕(布类)"
"wristband","腕带"
"wristwatch","手表"
"writing","写作"
"wrong_feet","脚部作画错误"
"wrong_foot","脚位错误"
"wrong_hand","错手"
"wrys_(fire_emblem)","火之纹章，riff风格"
"wryyyyyyyyyyyyyyyyyyyy","/苦笑"
"wu_zetian_(fate)","武则天_(命运/冠位指定)"
"wuju59","无主_(1198979953)"
"wuren_daoshang_dekezong","善虎冲"
"wusebuhui","无色无味_(940164887)"
"wushier","武士风更强烈"
"wuzhu_nis","尼_DGS"
"wy_lee_(pixelnoodle)","像素面条，睡懒觉91"
"wyper_(one_piece)","雨刷"
"x_(mega_man)","洛克人X_角色，洛克曼_角色"
"x_hair_ornament","X形发饰"
"x-ray","透视"
"x-red_flower","新津居民5180914"
"x95_(girls'_frontline)","x95_（少女前线）"
"xander_(fire_emblem)","marks_(火之纹章IF)"
"xander_(spring_prince)_(fire_emblem)","赞德_(春天)_(火焰之纹章)"
"xander_(student_swimmer)_(fire_emblem)","赞德_(夏日)_(火焰之纹章)"
"xane_(fire_emblem)","切因，克妮_(火焰之纹章)"
"xaxaxa","泽维尔·乌辛"
"xe_(execut3r)","exe_(xe)，可执行文件"
"xenoblade_chronicles_(series)","异度之刃（系列）"
"xenoblade_chronicles_1","异度之刃1，异度之刃编年史"
"xenoblade_chronicles_2","异度之刃2"
"xenoblade_chronicles_2:_torna_-_the_golden_country","异度之刃2：火焰之国降临，异度之刃2：黄金之国崛起，异度之刃编年史2：托尔纳的黄金国度"
"xenoblade_chronicles_x","异度之刃_X"
"xenoblade_chronicles:_future_connected","异度之刃1：相连的未来"
"xenon_(for_achieve)","泽农_（用于达成目标）"
"xenosaga_episode_i","异度神剑_I"
"xenosaga_episode_ii","异度神剑2"
"xenosaga_episode_iii","异度神剑3"
"xenovia_quarta","克塞诺薇亚_(高中DxD)，泽诺薇亚_(高中DxD)"
"xerbatt","香蕉面糊"
"xfate","埃库苏菲托，xfate艺术作品"
"xi_liu","西流艺术"
"xi_luo_an_ya","孤独_(3296659205)"
"xi_oshir1","大头，圆脸"
"xia_0328","mayo_9_5，蛋黄酱主题，编号9，版本5"
"xia_zhi_chong_yin_xu_ruo_dan_qing","lux_(pixiv4480548)，露克斯"
"xian_qishui","柔和色调"
"xianchong_shi","诗然兔兔"
"xiang_yu_(fate)","晓喻_（命运/冠位指定）"
"xiangling_(genshin_impact)","山林_(原神)"
"xiangtu","箱根少女，莉_(利拉斯)"
"xiangyun","旋涡云"
"xianyangyutoumalingshu","土豆_(736622614)"
"xianyu_guguzi","阿古布古古"
"xianyu_liang","dou_(doudouzi)，豆豆子"
"xianyu314","哇哦_（pixiv9581719）"
"xiao_(genshin_impact)","原神，修女"
"xiao_(hunyan)","长辫子女孩_(混元)"
"xiao_(project_moon)","小_废墟之书"
"xiao_(ye_yiaoxi)","叶子，小叶友喜"
"xiao_dao_(kojimarie)","道_新进居民，小岛玛丽"
"xiao_ganju_nailuo","林轩abcdef"
"xiao_hui","58vz3mdvlpn6tih标签"
"xiao_qiang_sang","枪支_(a5221719)，能力"
"xiaojiaju","蓝发少女"
"xiaolang","小狼"
"xiaoluo_xl","xlnosearch_（小楼钓鱼发）"
"xiaoquandianer","曲蕊清"
"xiaoshou_xiansheng","古手老师"
"xiaoxi0619","小西_(565112307)"
"xiaoxiao_nanjue_buyaokeng","怪物之月"
"xiawenjie","萧文杰_(jason_ou_1990)"
"xiayehongming","geya_(yoomario)，结衣_(尤玛里奥)"
"xiho_(xi_ho_)","xiho_(suna)，须奈"
"xin_sanmu","用户_ehgd8577"
"xing_dao","白衬衫男"
"xingchen","星尘_(VOCALOID)"
"xingqiu_(aoi_no_okina)_(genshin_impact)","葵之奥奇娜_原神"
"xingqiu_(genshin_impact)","雪鹰_(原神)"
"xingye_(xing)","行业"
"xini_m","工心社，玛蕾朵罗"
"xinliu_asato","狂妄黑夜"
"xiongbingbisata","求救啊1"
"xiu_kukkii","修库库基"
"xiujia_yihuizi","无命之人"
"xiwang_xintu","群鸦渡"
"xllam","索尼爱立信小丑"
"xlscaler","本马可"
"xm8_(girls'_frontline)","xm8_（少女前线）"
"xnnagu","辛格卢西埃"
"xochi_(nueeen6978)","老狐狸"
"xoco","梦之缪"
"xox_xxxxxx","桐生真志"
"xp-tan","经验值"
"xrjingx","jing@fuhuo_（用户_zsjp7353），x913725x，yslog"
"xsk_(ruanmumu)","si_(ruanmumu)，思然妈妈"
"xter","灭绝"
"xuangzang_sanzang_(fate)","玄奘_(命运/冠位指定)"
"xuanyuan","黄伟源歌曲"
"xuchuan","十河"
"xue_ezi","生物基"
"xuemen","jdc0331，我讨厌学习前奏"
"xv-mon","艾克斯维蒙"
"y_(khakiyawn)","COH角色，COH相关内容"
"y_at_(yuuya)","雪奈子"
"y2k_fashion","千禧年风格服饰"
"ya_ta","乱雷"
"yabacha","雅巴_(雅巴巴巴500)"
"yabby","南宫"
"yabe_makoto","倒霉之王， Kou_（矢部诚），矢部诚"
"yachimoto","M-ya风格"
"yado_taityou","yado_2b，矢堂2B"
"yadokari_(migihashi)","安达多卡里"
"yae_(mono110)","八重_(艺术家)"
"yae_(yae_ringo)","林戈罗"
"yae_kasumi","八重樱_（暗雷忍）"
"yae_miko","耶耶_(原神)"
"yae_sakura_(goushinnso_memento)","樱花_(崩坏：星穹铁道)"
"yaegashi_(muzzuleflash)","穆祖勒闪光效果"
"yaegashi_nan","查林科狐狸"
"yaegashi_yasuko","天冲_（秋叶原女仆战）"
"yaegashi_youhei","zai_(pixiv)，在_（pixiv）"
"yagami_hayate","夜神月"
"yagami_shuuichi","初代八岐大蛇化形"
"yagasuri","箭羽纹"
"yagatake_arashi_(nekoarashi)","八岳岚"
"yagate_kimi_ni_naru","绽放成你，夜樱倾落"
"yagi_(kyuhyun)","斯托奇亚"
"yagi_(shiro_yagi)","八木_(39583320)"
"yagidon","文学真由惠，八木栗子bnbn"
"yagiwashi","八木洼-1003"
"yagokoro_eirin","/耶"
"yagoo","谷口元昭"
"yagyu_(senran_kagura)","八云_（真乱神乐）"
"yagyuu_kyuubei","柳生九兵卫"
"yagyuu_munenori_(fate)","八云宗典（命运/冠位指定）"
"yahagi_(kancolle)","八幡_(舰队Collection)"
"yahari_ore_no_seishun_lovecome_wa_machigatteiru.","Hamachi，我的青春浪漫喜剧搞砸了，我的青春浪漫喜剧不对劲，正如我所料，我的青春浪漫喜剧果然如我所料地不对劲，奥雷加鲁，我的青春恋爱物语果然有问题，我的青春恋爱物语果然出问题了，我的青春恋爱物语果然出问题了，我的青春恋爱物语果然有问题，我的青春烦恼物语果然有问题"
"yahiro_(heartseek000)","Yahiro_(666131415)，八寻"
"yai_ayanokoji_(mega_man)","绫小路弥人"
"yaiteru_futari","如何用烧烤点燃我们的爱恋"
"yajuuraku","带来噪音，米琪亚·哈里斯"
"yakan_(kusogaki_teikoku)","水壶21"
"yakibuta_(shimapow)","Vorpal鸭子"
"yakin_byoutou","夜班护士"
"yakishio_lemon","八木城怜梦"
"yakisobapan_tarou_&_negitoro-ko","马布乌冬面"
"yakitate!!_japan","烧肉日本料理"
"yakito_lulu","烧焦的露露"
"yakitomato","八云院透"
"yakksan","亚克桑斯"
"yakob_labo","劳鸡"
"yakul","喋喋不休"
"yakumo_(blue_archive)","新垣弥生"
"yakumo_ran","/年"
"yakumo_yukari","/yy，年轻女性"
"yakumo_yukari_(young)","萝莉角色"
"yakusa","八食"
"yakushimaru_ryota","ryo_ta_(豪萨莫)，ryo_ta_(东京放课後召唤师)"
"yakusoku_no_neverland","约定的梦幻岛"
"yama_no_susume","攀登鼓励"
"yama_tatsuo","正太男孩"
"yama_usagi_(onmyoji)","山兔"
"yamabuki_(yamabuki_xxxxx)","山吹_（蕾西斯·雅玛）"
"yamabuki_(yusuraume)","苏美"
"yamabuki_high_school_uniform","山吹学园制服"
"yamabuki_saya","山吹纱耶"
"yamada_(hvcij)","山田PRCN"
"yamada_ichiro","山田一郎_（催眠麦克风）"
"yamada_ichizoku","深红口红"
"yamada_jiro","山田次郎"
"yamada_maya_(yamdmay)","山田真耶_（用户xmvn3833）"
"yamada_michiru","查鲁"
"yamada_ryo","山田龙夫"
"yamada_saburo","山田三郎"
"yamada_shiguma","赫梅洛帕"
"yamada_vanhouten_(mato_tsuyoi)","山田酱_（强气），山田·范霍滕"
"yamada_yama","桃子妈妈"
"yamada-kun_to_lv999_no_koi_wo_suru","在LV999时的可爱山田！，与LV999的山田君的甜蜜爱情故事"
"yamadare","山田_(asdf05131)"
"yamadori_seika","山田丽演歌"
"yamagami_lucy","山神露西，金子美树子，秋叶爱理，诗织，凛音，吉穗，绫野，智香，千岁，沙苗，美纪子，一花，山神露西，金子美树子，秋叶爱理，诗织，凛音，吉穗，千代子，绫野，文香，千岁，沙苗，美纪子，一花，雪乃，蕾娜，绘里，玉美子，千影，艾米莉亚，朱莉娅，静江，绘里奈，千纱，由芽华，夏树，兰兰，理惠子，节绪，千香子，梓，玛丽娜，秀惠子，千明，美咲，直美，娜奥米，坎贝尔，美久，由佳，正子，奈奈，睦美，春香，由奈，岛子，雪江，凛，樱，加奈，若菜，阳月，花见，露里，美羽，桃香，光，望，双叶，真由宇，绫野（RY）"
"yamaguchi_shinnosuke","伊托汀"
"yamagumo_(kancolle)","山云_(舰队Collection)"
"yamaha_tsui","三巴水"
"yamai_(yamaichandayo)","火焰纹徽章_洛"
"yamaishi_(mukoubuti)","jade_(1308mukoubuti)，山石108"
"yamajun_(junyamaekaki)","六月前开"
"yamakasa","山形花车"
"yamakaze_(kancolle)","大和风_(舰姬Collection)"
"yamakaze_(miko_mode)_(kancolle)","山风_（雏祭模式）_（坎科雷）"
"yamakita_higashi","东北山区"
"yamako_(state_of_children)","山子_（艺术家）"
"yamamori_kinako","大安，大安_鬼子母神，黑玉珠"
"yamamoto_arifred","男性，阿里赫雷德"
"yamamoto_kazue","studio_ego，自我风格工作室"
"yamamoto_keiji","初中生"
"yamamoto_souichirou","吉祥乌冬面"
"yamamoto_yamato","大和山本"
"yamamoto_youko","山本瑶子"
"yamamoto_yuusuke_(animator)","奈良河童"
"yamamura_hiroki","村山隆广，pakli工作室"
"yamanashi_taiki","非正常逻辑"
"yamano_udumi","山丘泥偶，U型泥偶"
"yamanobe_saya","美库罗物"
"yamaori_(hakkentai_pokedan)","变态戳刺，山奥里6"
"yamasachihiko_(housamo)","山崎彦吾_(东京放课后的召唤师们)"
"yamasede_neiko","山崎DEMAO"
"yamashichi_(mtseven)","山城_(虎鲸与猎鹰)"
"yamashiro_(kancolle)","山城_(舰队Collection)"
"yamashita_jiro","山下次郎"
"yamashita_shun'ya","山下顺也，顺也·山下"
"yamato_(kancolle)","大和_(舰姬Collection)"
"yamato_koara","科拉雷姆特"
"yamato_takeru_(fate)","剑兵_（Fate/刀剑神域）"
"yamazaki_jun","山崎纯"
"yamazaki_mary","美莉酱"
"yamazaki_masakazu","山崎_（正在打印中）"
"yamazaki_ryuuji","山崎龙二"
"yamcha_pose_(meme)","亚姆查姿势"
"yami_kawaii","美奈赫拉风格"
"yami_to_boushi_to_hon_no_tabibito","鸭子步"
"yami_yugi","黑暗尤吉，夜之尤吉"
"yami11","yami11arts的画作"
"yamichi_(yamichi8369)","山道"
"yamigo","吃吃吃"
"yamiiv","奥迪亚"
"yamikyon","夜见京音，OOV"
"yaminabe_(honnouji_no_kaninabe)","仓波"
"yamiochi_umekichi","角仓梅吉"
"yamiya_(8_18dlq)","山子"
"yammy_(dohna_dohna)","夜美_(咚呐咚呐)"
"yampa","alpha_(ypalpha79)，阿尔法_(ypalpha79)"
"yamu_(reverse_noise)","反向噪声"
"yamu_(yamuyama_web)","yamu_（艺术家）"
"yamunashi_(soregoshi)","觉醒0613，ookaka77"
"yan_jhia","梅之女将"
"yan_qing_(fate)","新宿杀手，燕青（命运/冠位指定）"
"yana_mori","请认出我"
"yanagi_(nurikoboshi)","柳_(艺术家)"
"yanagi_marie","marie_(pixiv31942978)，玛丽_(pixiv31942978)"
"yanagi_reiko","艾米丽_《我的英雄学院》"
"yanagin_(danshi_koukousei)","柳宫（女子高中生是正常的）"
"yanagino_(yanagino3)","空豆弹丸，柳野"
"yanagui_yugi","柳眉"
"yanapy","柳树"
"yancy_(pokemon)","露露_(宝可梦)"
"yandere","病娇"
"yandere_no_onna_no_ko_ni_shinu_hodo_aisarete_nemurenai_cd","病娇女人的孩子"
"yaneko_uta","林直隆"
"yaner_10","猫与光，颜二十"
"yanfenguo_gao","炎风国度"
"yang_guifei_(fate)","杨贵妃_（命运/冠位指定）"
"yang_guifei_(honey_lake)_(fate)","蜂蜜湖"
"yang_harim","星野兔"
"yang_lizi","海龟洛，水之谜团"
"yangmie_mieyi","杨美美一姐"
"yangshangshu","武士_(1622035441)"
"yangsion","sion_(pixiv20787)，西恩"
"yangu_shigekiyo","炎上志贺清隆"
"yanjem","didi_(didi_h3)，滴滴相关内容"
"yanlingjinshilihuahua","炎灵金"
"yanmaami","阿克桑墓地"
"yanmian_(printemps-noir)","艳面"
"yano_(edbr1022)","edbr1022，pe3075，yano_（用户vufz5428）"
"yano_mitsuki_(nanairo)","八野光月（画师）"
"yansuiyuluo","颜水雨啦"
"yanyo_(ogino_atsuki)","小城秋月，尤诺（呀喵喵）"
"yao_bikuni_(onmyoji)","妖狐国_(阴阳师)"
"yao_fueifuei","瑶菲菲"
"yao_yang","耀阳_47"
"yaoi","㚻|BL|腐|腐向"
"yaoko","眼动追踪"
"yaoyorozu_momo","创意_(我的英雄学院)"
"yariika","欧卡基亚利"
"yarn","毛线"
"yarn_(yarn_03)","芙恩"
"yarn_ball","毛线球"
"yarne_(fire_emblem)","棉布"
"yas_bitch_slay_(meme)","再见爸爸，我要去参加派对啦（迷因）"
"yasaikakiage","市川十一"
"yasaka_syu","八坂修"
"yasashii_naizou","水平线风景"
"yashahime_(momotarou_densetsu)","夜叉"
"yashiki_yuuko_(infinote)","八木由子"
"yashiro_(kancolle)","八代_(舰队Collection)"
"yasogami_school_uniform","八十神高中校服"
"yasonomugi","伊兹托托"
"yasuda_akira","秋人"
"yasuda_genshou","安逸感_2828"
"yasuhara_roku","六谷纱羽"
"yasui_marie","玛丽亚苏"
"yasui_riosuke","戈罗门兹"
"yasutange","anco8pizz，安科8披萨"
"yasutatsu_(amazu)","亚马逊猫，烟雾笼子猫"
"yasuyori_(housamo)","康代里_（东京放课后的召唤师）"
"yataneko_(echigo)","越后三岳"
"yatani_row","罗坦"
"yatogami_tenka","八神托卡（真身）"
"yatogami_tohka","八神托卡"
"yatomomin","山本智光"
"yatsu_(yaxtu1029)","yassan_(miyasasukoaki728)，耶桑_(miyasasukoaki728)"
"yatsucchie","八津"
"yatsuhashi_kakera","维德_(N.R.T.A.)"
"yatsuki_yura","kiyu_(kiyupapiko)，奇由_(奇由帕皮科)"
"yatsunagi_(oyasumi_sumika)","美衣奈"
"yatsune_rika","三船雅俊"
"yawning","打哈欠"
"yaya_(machine-doll)","雅雅_（哭泣少女不可爱），雅雅_（机械娃娃不可爱）"
"yaya_chan","耶亚酱"
"yayin_(yayin233)","hime03，姬03"
"yayoi_(egoistic_realism)","八代_（pixiv182527）"
"yayoi_(kancolle)","弥生_(舰队Collection)"
"yazaki_(yazakc)","yazakc，矢泽克克"
"yazawa_cocoa","矢泽可可亚"
"yazawa_cocoro","矢泽心"
"yazawa_cotaro","矢泽琴太郎"
"yazuka","八塚"
"yazuki_(n_y_0714)","滚轴少年"
"yazuwo","八重夫_(八重夫罗罗)"
"yct_(yoct_o)","c_l1fe，人生"
"yd_(orange_maru)","液化，阳斗，ydh2101"
"ye_(pixiv4862539)","武生业"
"ye_jji","凯莉莫妮卡02"
"year_of_the_dog","狗年"
"year_of_the_goat","羊年"
"year_of_the_pig","猪年"
"year_of_the_rat","鼠年"
"year_of_the_rooster","鸡年"
"yed_(yedsilent)","yed_(47241538)，耶德"
"yeej_chan","皮诺子"
"yelan_xing_xuan","夜兰星璇"
"yellow_apron","黄色围裙"
"yellow_ascot","黄色领口"
"yellow_background","黄色背景"
"yellow_bag","黄色背包"
"yellow_bikini","黄色比基尼"
"yellow_bodysuit","黄色紧身衣"
"yellow_bow","黄色的蝴蝶结"
"yellow_bra","黄色胸罩"
"yellow_choker","黄色项圈"
"yellow_devil_(mega_man)","黄色恶魔"
"yellow_dress","黄色连衣裙"
"yellow_eyes","黄色的眼睛"
"yellow_flower","黄色的花"
"yellow_footwear","黄色鞋类"
"yellow_gloves","黄色手套"
"yellow_hairband","黄色发带"
"yellow_headwear","黄色头饰"
"yellow_heart_(neptunia)","黄色爱心，海王星主题黄色爱心"
"yellow_jacket","黄色夹克"
"yellow_kimono","黄色和服"
"yellow_legwear","黄色裤袜"
"yellow_leotard","黄色连身衣"
"yellow_lips","黄色口红"
"yellow_male_underwear","黄色内裤_男性"
"yellow_nails","黄色指甲"
"yellow_necktie","金色领带"
"yellow_neckwear","黄色领子"
"yellow_nicky","妮基·米尔基"
"yellow_one-piece_swimsuit","黄色泳装"
"yellow_panties","黄色内裤"
"yellow_quokka","一江湖"
"yellow_ribbon","黄丝带"
"yellow_rose","黄玫瑰"
"yellow_scarf","黄色围巾"
"yellow_sclera","黄色巩膜"
"yellow_scrunchie","黄色发束"
"yellow_shirt","黄色衬衫"
"yellow_shorts","黄色短裤"
"yellow_skin","黄色皮肤"
"yellow_skirt","黄色裙子"
"yellow_socks","黄色及膝长袜"
"yellow_sweater","黄色毛衣"
"yellow_theme","黄色主题"
"yellow_vest","黄色背心"
"yellow_wings","黄色的翅膀"
"yellow-framed_eyewear","黄框眼镜"
"yen_sign","日元符号"
"yeong-il","n4me_m3m，名字迷"
"yeooudam","耶欧达姆"
"yes","对"
"yes-no_pillow","Yes/No枕头"
"yes!_precure_5","漂亮治愈5号，是的！漂亮治愈5号"
"yeshisi","yyz椰子"
"yeyebirdie","小鸟耶"
"yi_er_fan_club_(vocaloid)","1_2粉丝俱乐部（VOCALOID），ii_aru粉丝俱乐部（VOCALOID）"
"yi_sang_(project_moon)","易桑_（Limbus Company），易桑_（Limbus Company）"
"yin_yang","太极图"
"yinzinmiemie","阴二堂"
"yisjhui","用户ppsz4555"
"yizhirenben","兽耳_(7490773)"
"yjsnpi_interview_(meme)","访谈系列_(inmu)"
"yknsugar","雪乃超级版"
"ykr_(youkiri)","新海诚，洋平里"
"ylgr_(fire_emblem)","ylgr_（火焰之纹章英雄传）"
"ylvy","小精灵犬"
"yo_mo","五角星5"
"yo_na","尤娜_(尤娜_)"
"yo-ba_yo","悠悠悠悠_1211"
"yo-co","hrn_yc，黄色系"
"yo-nashi","微孔酶联免疫检测"
"yo-yo","悠悠球"
"yoake_(yoakey)","黎明"
"yoake_mae_yori_ruri_iro_na","新月之恋，约阿凯娜"
"yoako","耀子的干涸痕迹"
"yocchi_(tenyunkel)","天云克尔"
"yoco_n","yoco_n02，由子_02"
"yofukashi","夜深人静"
"yofukashi_no_uta","夜之召唤"
"yogireji","reji_(_rejisen)，丽智_（_丽智森）"
"yogurt","酸奶"
"yogurt_bakudan","酸奶炸弹9"
"yohaku_aki","妖白鬼"
"yohan_yojohan","妖兽汗_0000"
"yohane_shimizu","末次五郎"
"yohchi","横川纱代子"
"yohohoi","用户_cpmm8547"
"yoi_naosuke","初登场角色，秋树"
"yoiame","异色瞳"
"yoimiya_(genshin_impact)","长野原阳美雅"
"yoimoriyoru","晓组织_(pixiv23539542)"
"yoino_iyo","瑶乃伊哟2"
"yojio_(2188)","妖怪造形"
"yojouhan_shinwa_taikei","榻榻米银河，榻榻米银河"
"yoka","罗卡_（约卡约卡）"
"yokai_(yokai0401)","妖怪"
"yokaze_(yokajie)","三角色情"
"yoko_juusuke","横谷修辅"
"yoko_littner","横野里琴娜"
"yoko_littner_(cosplay)","横野里琴娜（角色扮演）"
"yokohama_dena_baystars","横滨湾星队"
"yokohama_kaidashi_kikou","YKK风格，YKK美学"
"yokota_takumi","龙胆"
"yokoyama_kouji","远奈里山"
"yokoyari_mengo","weda_（艺术家）"
"yokoyoko_(nazonazo)","娜佐娜佐_(娜佐娜佐特)"
"yokozuwari","侧身坐"
"yoku_wakaru_gendai_mahou","现代魔法，简易制作"
"yomawari","夜话：独自在夜晚"
"yomi25","赤野由美"
"yomiya_sateko","夜之宫野，卫星12"
"yomotsuki_road","风暴之魂-禁断诱惑"
"yomoyama_yotabanashi","4o080_yotabnc，四零零八零_约塔布恩克"
"yomu_(sgt_epper)","塔尼_（斯格特·埃珀）"
"yomusugara_(uzo-muzo)","德亚·格拉蒂亚"
"yonaga_san","桤木"
"yonban_(pls_type_urname)","pls_type_Surname，橘四世"
"yonchan","宇恩山，烟茶"
"yondemasu_yo_azazel-san.","请多关照，阿扎泽尔小姐"
"yonekura_hisaki","比科"
"yonemiya_inaho","羽根浦，丰田司555"
"yonemochi_yume","软糖星星梦，muda8021"
"yonemuro","间村"
"yonetsuki_kana","小梅_(可可莫蒂)，雪之恋"
"yong_jie_wujian","地狱：刀尖之境"
"yongtae","次郎丸，燕治"
"yoni_(zhang)","yoni_(yoni18041214)，张492382336"
"yonketa","3sita4，罗梅瑙"
"yonko","xx之魂"
"yonoki","无世界设定"
"yoohei_(pizzadev)","yohei_(pizzadev)，洋平_(披萨开发者)"
"yooki_(winter_cakes)","冬日蛋糕"
"yoosai","长发_梅坎"
"yor_briar","伪Yor制作"
"yoracrab","风暴之海"
"yordle","约德尔人"
"yori_(a_a_yori)","更严重的不适感"
"yori_(princess_connect!)","风见谷由里"
"yorick_(league_of_legends)","森严里克"
"yoritomo_(housamo)","赖朝_(东京放课后的召唤师们)"
"yoroi_nau","铃铛色"
"yorozuya_(yoroz_ryobi)","万武"
"yorozuya_hyakuhachi","夜落雨夜"
"yoru_aruki","通科特针"
"yoru_kiri","yor_(yor720)，约尔_（约尔720）"
"yoru_no_kurage_wa_oyogenai","水母在夜晚无法游泳"
"yoru_yoru13","yeye_(ye38200084)，耶耶_（ye38200084）"
"yorude_guutarou","神崎_（草深）"
"yorugami_rei","软萌猫咪001"
"yoruhoshi_owl","猫头鹰_(北极星插画)"
"yoruno_mahiru","人面蝶真希子"
"yorunogumo","富渡田"
"yoruusagi","八音猫插画"
"yosafire_(funamusea)","yosafire_（海色天边）"
"yoshi_and_toad_kissing_(meme)","布偶秀角色接吻（迷因）"
"yoshi_yubisashi","吉由比桥"
"yoshida_(ne)","丘丽索达，兰帕克兰帕克兰帕"
"yoshida_hideyuki","残心料理和歌"
"yoshida_inuhito","吉田犬子"
"yoshida_keiji","里邦祖"
"yoshida_ken'ichi","吉田健一"
"yoshida_morohe","莫罗赫索"
"yoshida_on","浪漫傻瓜"
"yoshida_tooru","吉田托鲁"
"yoshida_yuki_(korezom)","梅尔风暴"
"yoshida_yuuko_(machikado_mazoku)","沙美子"
"yoshikawa_hiro","ykhiro艺术工作"
"yoshiki_(bpmaxm)","逻辑性强的"
"yoshikoshi_(mother_3)","紫罗兰_(母亲3)"
"yoshiku_(oden-usagi)","酒井良国"
"yoshimi_(blue_archive)","茨城良美"
"yoshimoto_(carpsukidayo)","日系角色"
"yoshimoto_(dear_life)","一个男人"
"yoshimura_feat.yoshimura","吉村1129"
"yoshinaga-san'chi_no_gargoyle","吉野家屋檐上的石像鬼"
"yoshinari_you","吉成耀"
"yoshino_momiji","吉野"
"yoshino_mugiko","t_rinne的插画"
"yoshino_saku","雷明"
"yoshinoya_(hidamari_sketch)","吉野家"
"yoshio_(55level)","55级"
"yoshioka_chie","色气十足"
"yoshioka_pochi","nuko-1111，努科-1111"
"yoshioka_yoshiko","兔田"
"yoshitaka_(palooo)","吉吉塔卡_(y_04taka)"
"yoshiyuki_(nein69yoshiyuki)","非69吉行"
"yoshizawa_tsubaki","海克"
"yotamono","约塔亨"
"yotaro","hiro_(yuto_noirm08)，广人"
"yotsuba_(kyokugen_dasshutsu)","三叶草_(零转义)"
"yotsuba_haru","太阳饼_(astre)"
"yotsubato!","幽叶&!，幽叶酱"
"yotsuboshi_academy_school_uniform","四星学园制服"
"yotsuha_(little_squash)","四叶_画师"
"yotsushi","库马库马特C"
"yotsuyu_goe_brutus","四叶草_(FF14)"
"yotte","parfait_(ryunghu)，酸奶_(yott_parfait)"
"you_are_already_dead","你肯定已经死了"
"you_gonna_get_raped","要被强奸的flag"
"you_know_other_men?_(meme)","最嫉妒的男人（模因），最嫉妒的女人（模因）"
"you_nf","悠达 NF"
"you_taira","yoi_(yoi99yoi)，萌系少女，可爱风格"
"you're_doing_it_wrong","使用方法错误"
"youbi_(0ver_sd)","过曝SD，过曝SD，布里姿势"
"youchengyan","宝可梦粉丝城"
"yougenko","妖怪狐"
"youguo_naberu","中国乱象"
"youjo_senki","邪恶的塔尼娅传奇"
"youkai","妖怪"
"youkai_watch","妖怪手表，妖怪手表"
"youko_(santarose)","由子_(pixiv502346)"
"youkoso_jitsuryoku_shijou_shugi_no_kyoushitsu_e","精英们的教室"
"younger","幼儿化"
"youngjoo_kjy","噗嗯_(spnc5227)"
"youryokuso_(chlorophyll)","氯菲尔"
"yousei_daisensou","精灵战争，伟大的精灵战争"
"youshu_ohepe","油管哦嘿佩"
"yousui","由水_393"
"youtou_hime_(onmyoji)","幽藤姬"
"youtube_creator_award","播放按钮_物体"
"youtuou","用户_rsvk4825"
"youyou_(yoyoyo)","yo_(pixiv)，妖精系角色"
"yowai_totoko","托托子_(奥索马斯君)"
"yowamushi_mont-blanc_(vocaloid)","胆小鬼万宝龙（VOCALOID）"
"yoye_(pastel_white)","真伤心"
"yoyoleaf","亮（362723462）"
"yoyoseafish","悠悠天"
"yozakura_quartet","樱花十人组"
"yozakura-san_chi_no_daisakusen","任务：樱花家族"
"yozora_mel_(jirai_kei)","夜空梅尔（第六套服装）"
"yozora_mel_(streetwear)","夜空梅尔（第七套服装）"
"yozu_(yozu0420)","由祖，由祖0420"
"yp_(pypy_5_)","苏丹_73_p"
"ys_iii_wanderers_of_ys","ys:_费尔加纳的誓言"
"ys_memories_of_celceta","ys:_塞尔塞塔未登场"
"ysk_(yusuke)","涅克西"
"ysys","(ysy)s，可爱风格"
"yu_(madoka_magica)","由美野由纱，尤（魔法少女小圆）"
"yu_(pocketsun636)","黑暗浪漫主义"
"yu_(zatta13chan)","yu_(gratino1shi1)，优_(格拉蒂诺一式)"
"yu_cheng_hong","玉城红"
"yu_e_baba","穆子雨"
"yu_mei-ren_(fate)","结伴的玉（命运），缪依玉（命运）"
"yu_mei-ren_(swimsuit_lancer)_(fate)","Consort_Yu_（泳装枪兵），Yu_Mei_Ren_（泳装枪兵），Yu_Miao Yi_（泳装枪兵）"
"yu_seol_69","有锡尔"
"yu_skl","萨科帕埃特"
"yu_yanshu","玉燕书13"
"yu_yu_hakusho","ゆうゆう白書"
"yu-chi_(ahamma)","阿哈玛"
"yu-gi-oh!","/ygo，游戏王，游戯王，游戏王！，游戏王OCG，游戏王OCG！，游戯王，游戏王OCG"
"yu-gi-oh!_(toei)","游戏王！（第0季）"
"yu-gi-oh!_5d's","游戏王5D's，游戏王5D's"
"yu-gi-oh!_arc-v","游戏王ARC-V，游戏王5D’s ARC-V"
"yu-gi-oh!_duel_monsters","游戏王对战怪物，游戏王对决怪物"
"yu-gi-oh!_gx","游戏王GX，游戏王5D's GX"
"yu-gi-oh!_sevens","游戏王七人组"
"yu-gi-oh!_vrains","游戏王：决斗链接，游戏王VRAINS"
"yu-gi-oh!_zexal","游戏王ZEXAL，游戏王ZEXAL"
"yu-ri_(arium047)","由里"
"yuama","汤山_掉落"
"yuan_zhen","元珍_（用户pnhx4422）"
"yuan_zun","元龙王子"
"yuana","元乃爱，云野爱，云野爱爱"
"yuanbao","西西"
"yubisaki_kara_no_honki_no_netsujou","指尖火焰"
"yubisaki_milk_tea","由比沙琪奶茶"
"yuccoshi","引用，引文"
"yuden6969","希莱希拉"
"yudough","奈须野千代"
"yudouhu_(yudouhu_yu_102)","油豆腐_(油豆腐_1212)"
"yue_(cardcaptor_sakura)","月_(ccs)"
"yue_(lov_n_n)","可爱度,n_n,月之女神_(pixiv2547)"
"yue_(memento1113)","memento1113，纪念品"
"yueko_(jiayue_wu)","嘉月武"
"yuezheng_ling","凌彩音"
"yufei_lin","埃罗尔西"
"yufeng_kaete","玉城醒来，雨枫醒来"
"yufine_(epic_seven)","yufine_(epic7)，由菲妮演唱的史诗级版本"
"yufou","fou_(ssqseeker)，腐女向，二次元风格"
"yufu_kyouko","由芙正在抚摸"
"yufushi","温柔"
"yugaa","百合女孩插画"
"yugake","弽"
"yugimaru_(sugar)","由美玛鲁马鲁"
"yuguru","雪月花_(pixiv703968)"
"yuhel","huyboo，黑辉夜"
"yui_(princess_connect!)","草野由衣"
"yui_(sky-freedom)","金发姐姐大人_（天空之境），金发姐姐大人_（天空之境）"
"yui_(tamagohan)","hi_(wshw5728)，嗨_(wshw5728)"
"yui_hiroshi","高达00UC"
"yui_toshiki","由纪俊树"
"yuichi_ishikawa","卡拉福，粉色慕斯"
"yuiga_naoha","雪之羽翼"
"yuihico","由比彦"
"yuiki_(cube)","宾浦"
"yuiki_yuu","冰晶水滴，水滴上的萌态"
"yuishironeko","雪城"
"yuit_(queen's_blade)","羞耻感"
"yuiyuimoe","名人629"
"yuj_(moemarket)","北雨"
"yujia0412","艾薇吉娜"
"yujin_(project_moon)","尤金_（鲁伊纳之图书馆）"
"yujin_mikotoba","美琴尤金"
"yukari_(blue_archive)","枫宫优香"
"yukari_(princess_connect!)","绫濑由香里"
"yukari_(yukari21653710)","榎西_（门仓凛10），榎西修美"
"yukata","浴衣"
"yuke_yuke!!_trouble_makers","爱搞恶作剧的人"
"yuketsu","空佩托"
"yuki_(asayuki101)","沙沙雪101"
"yuki_(bakumatsu_rouman)","雪子_剑风传奇"
"yuki_(best010409)","最佳010409"
"yuki_(idolish7)","折笠由人，雪乃（偶像梦幻祭7）"
"yuki_(luupechi)","雪子_(hyui_cf2)"
"yuki_(miyuki_kii)","王旺学笨苏冰冰"
"yuki_(princess_connect!)","二宫由纪"
"yuki_(yukineko-nyaa)","雪子喵"
"yuki_aine","雪月爱音"
"yuki_anju","雪月安珠"
"yuki_daruma92","sashaalex，萨沙亚历克斯"
"yuki_judai","杰登·雪，雪之十代"
"yuki_miku","雪之初音"
"yuki_miku_(2024)","雪米库_(2024)_(候选编号5)_"
"yuki_setsuna","雪月丝娜（LoveLive!），雪月丝娜（LoveLive!）"
"yuki_setsuna_(afterschool_school_idol)","课后校园偶像_（LoveLive!），我会守护你的笑容！_（LoveLive!）"
"yuki_shuuka","卢克西娅大陆"
"yuki_usagi_(snowcanvas)","雪景画布"
"yukibuster_z","雪崩破坏者"
"yukico-tan","雪子酱"
"yukie_(peach_candy)","白雪"
"yukiguni_(ykgn)","雪之古尼克斯"
"yukihana_lamy_(casual)","雪华·拉米（第三套服装）"
"yukihana_lamy_(loungewear)","雪华·拉米（第四套服装）"
"yukihana_lamy_(new_year)","雪华·拉米（第二套服装）"
"yukihomu","熊抱女仆"
"yukiji_shia","托基AI"
"yukijiro","1919诱饵，ddd1919a"
"yukikaze_(kancolle)","雪风_(舰队Collection)"
"yukikaze_(sovereign_of_the_swing)_(azur_lane)","雪风_(斯温萨玛)_(碧蓝航线)"
"yukikaze_supersylph","镜面迅猛龙"
"yukima_(yushika)","由希卡"
"yukimaru_nun","塔斯克_(恋爱植物娘)"
"yukimi","埃努玛·埃利什"
"yukimi_papino","帕皮诺是笨蛋，用户_hwzf8378"
"yukimiya_(parupunta)","雪月花_(帕累托)"
"yukimiya_yuge","yuge_(mkmk)，由惠_(mkmk)"
"yukimochi_(yume)","蕾琪恩"
"yukimura_(fire_emblem)","雪村_(火焰之纹章IF)"
"yukimura_hajime","雪村_(pixiv322693)"
"yukin_(es)","裸露胸部"
"yukinimaru","雪乃_(雪二丸)"
"yukino_(blue_archive)","七户由纪乃"
"yukinuno","雪之女果冻"
"yukipo_p","雪穗小鸟，雪梨P_（ss900黄色杜卡迪）"
"yukipone","天宫由纪"
"yukiri_(l_ii)","l_ii，莉伊"
"yukishiba_yanagi","兔耳娘"
"yukishiro_arte","雪城步，雪城あるて"
"yukisita_mayu","莫格涅姆"
"yukiu_con","核熔毁彗星，雪女小圆，雪兔小圆"
"yukiusagi_(gaballscreen&blaze)","雪兔"
"yukiyanagi_raki","raki_(kuroe)，黑江拉姬"
"yukizawa_xueze","kuo_(kuo114514)，跨_（跨114514）"
"yukizuki_chikuba","千叶恩"
"yukkuri_shiteitte_ne","油库里(网络表情)"
"yukkyon_kyon","yukkyonkyon2018，悠久恩久恩2018"
"yuko_(foret_noire)","静寂时刻"
"yukoku_kiriko","幽国桐子"
"yukoku_roberu","穿越成强盗"
"yuku_(kiollion)","基奥利昂"
"yukuso_(dabiandang)","雪空_(1065762559)，雪空_(pixiv5407701)"
"yule_log_(cake)","圣诞树"
"yuliya_(fire_emblem)","由美娜_火焰之纹章"
"yuma_(ebisujima_misato)","由马_咖啡牛奶萌萌"
"yume_nikki","梦之日记，梦笔记"
"yume_oukoku_to_nemureru_100-nin_no_ouji-sama","100位沉睡王子与梦之王国，yume-100，yume100"
"yume_shokuin_to_wasureji_no_kuroi_yousei","由美黑罗"
"yume32ki","由美美月，由美美月"
"yumekawa_shogo","汤川修吾"
"yumeko_(touhou)","由美子"
"yumemori_jabara","十藏_十兽乱舞"
"yumeno_gentaro","由美野源太郎"
"yumero","乌姆尔蒙古鲁"
"yumesaki_nana","nana_yume87，娜娜梦87"
"yumesphere","梦之球体1417"
"yumeyuk0","蠢货梅奥"
"yumi_(last_origin)","连接器由美"
"yumizuka_satsuki","萨奇恩"
"yummy_(yumyumyummy)","美味_(艺术家)"
"yumo_(mimengfeixue)","迷萌飞雪"
"yun_jin_(genshin_impact)","云堇_原神"
"yun-yang","大云"
"yuna_(ff10)","尤娜_最终幻想"
"yuna_(mega_man)","尤娜_(洛克人冲刺)"
"yunagi_(yng_hoti)","夏_1616"
"yune_(ikoku_meiro_no_croisee)","由奈_异国迷城"
"yuni_(princess_connect!)","心灵感应尤妮"
"yunioshi","雅兹"
"yunjian","云领"
"yunkaasu_(kakushiaji)","隐藏角色"
"yunkaiming","迪兰恩"
"yunny_(cureyunny)","苏打叶，云妮丝"
"yuno_(hidamari_sketch)","由乃"
"yunodon_(sugar_maple)","云之蛋0315"
"yunomi","茶碗"
"yunsang","云先生"
"yupi_(yuyupiko01)","yuyu_(piko01)，由由_(piko01)"
"yura_(kancolle)","由良_(舰队Collection)"
"yuragisou_no_yuuna-san","尤娜与闹鬼的温泉"
"yurayura_(mdeh5447)","笑死我了"
"yuri","百合"
"yuri_(fl0werspace)","百合_(pixiv_76483886)"
"yuri_(project_moon)","百合_(limbus_company)"
"yuri_eberwein","u-d，尤里·埃弗韦因"
"yuri_kowashi_(tetsukabuto_nuranura)","雪落声"
"yuri_sakazaki","坂崎由里"
"yuri!!!_on_ice","冰上百合恋"
"yurie_(sky-freedom)","戴眼镜的姐姐大人_(天空之境)"
"yurigera_8959","用户_eryz4847"
"yurika_a_lutwidge_(lokulo_no_mawashimono)","由里卡·阿·卢特威奇"
"yurika-r","百合炉"
"yurika48597221","由里香aaaa"
"yurizuku_owl","由里乃づく1112"
"yuru_yuri","悠游悠游"
"yurucamp","悠闲露营，温柔露营"
"yurufuwa_milk","奈娜莉亚"
"yusa_(usa_kotobuki)","Mixiv风格"
"yusa_(yusa0751)","风暴"
"yusha_m","勇者_男性向"
"yushe_quetzalli","由希·凯萨尔科亚特尔"
"yusi_vishnu","由希_(由希艺术)"
"yustinos","阿努纳奇"
"yusuka_yuu","心意_(K-On!1991)"
"yutokamizu","YTKMZ风格"
"yuu_(1007yu)","齐藤由宇00"
"yuu_(alsiel)","由宇_户岸奏多"
"yuu_(arcadia)","拉杜，由宇_（pixiv75084）"
"yuu_(mol)","莫留乌"
"yuu_(warm_water)","kome_(9969095)，坂本由"
"yuu_(yuu_ammy)","龙_(莱昂_埃索拉戈托努托)"
"yuu_naay","由奈酱"
"yuu_sagi","k_liss_s，凯莉丝·S"
"yuubari_(kancolle)","由比里_(舰队Collection)"
"yuudachi_(kancolle)","尤达奇_(舰队Collection)"
"yuugumo_(kancolle)","夕云_(舰队Collection)"
"yuuhagi_(amaretto-no-natsu)","阿马雷托之夏"
"yuuhi_(yuyuhihi)","由由希希40"
"yuuhi_alpha","夕日阿鲁哈"
"yuuichi_(tareme_paradise)","由宇一_艺术家"
"yuuichi_katou","科坦"
"yuuji_(yujikazakiri)","悠仁_艺术家"
"yuuji_overall","悠仁"
"yuuka_(blue_archive)","早苗由香"
"yuuka_(track)_(blue_archive)","早苗由香（曲目），由香（运动服）（蓝色档案）"
"yuukami_(wittsu)","威茨"
"yuuki_(irodo_rhythm)","雪月_(pixiv9686)"
"yuuki_(yuyuki000)","由纪_(yuyuki000)"
"yuuki_akira","雪辉"
"yuuki_bakuhatsu_bang_bravern","强力打击，勇敢出击，更强力的打击"
"yuuki_eishi","月夜幻想"
"yuuki_hb","雪之萤火"
"yuuki_keisuke","幼体型"
"yuuki_koutarou","杜克_(木村太阳)"
"yuuki_makoto_(persona_3)","海里亚莉萨托，《女神异闻录3》主角，《女神异闻录3》主角，真嗣勇气"
"yuuki_makoto_(radiant)","亲亲耳朵"
"yuuki_shin'ichi","新井勇一"
"yuuki_shuri","由纪乃羽栖"
"yuuki_terumi","特留美_(苍蓝火焰)"
"yuuki_tom0","honini_（逐一处理）"
"yuuki_uyu","呀喃喃"
"yuuki_yuuna_wa_yuusha_de_aru","雪乃优奈是英雄，悠悠"
"yuuki_yuuna_wa_yuusha_de_aru:_hanayui_no_kirameki","雪原优奈是英雄：光辉之花束"
"yuuki1103","雪月_(pixiv107834)"
"yuukoku_no_moriarty","爱国者莫里亚蒂"
"yuukun_mk-ii","yuu_(yuukun_mk-ii)，由由_(尤昆_MK-II)"
"yuukyuu_no_sharin","永恒之轮"
"yuuma_(omaeno_meinichi)","和谐之美"
"yuumei","文清言"
"yuunagi_(0217)","嘴中"
"yuunagi_(seventh_heaven)","mio_(pixiv183703)，美绪_(pixiv183703)"
"yuuno_(yukioka)","尤诺_（pixiv138887）"
"yuuno_scrya","尤诺·斯克里亚"
"yuuraku_yuraku","mimori_(etnp8853)，美森里"
"yuuri_(orz_commushows)","宫崎风"
"yuuse_kouichi","由丝子"
"yuusen_(aenka)","宇森源光"
"yuusenmai_(momochieri)","用户_vtxy3744"
"yuusha_exkaiser","勇敢的凯撒"
"yuusha_keisatsu_j-decker","勇敢的警察J型机甲"
"yuusha_ni_narenakatta_ore_wa_shibushibu_shuushoku_wo_ketsui_shimashita.","我无法成为英雄，只好无奈地决定去工作，我无法成为英雄，只好无奈地决定去工作，雨宿，我没能成为勇者，所以决心从事艰苦的工作，忧郁"
"yuusha_no_kuse_ni_namaiki_da","我究竟做了什么才配遭受这种待遇，我的主人？"
"yuusha_ou_gaogaigar","勇敢之王高加伊加尔，勇者之王高加伊加尔，勇者之王的化身高加伊加尔"
"yuusha_ou_gaogaigar_final","高加美拉最终形态，勇者之王高加美拉最终形态"
"yuusha_party_wo_tsuihou_sareta_beast_tamer_saikyoushu_no_nekomimi_shoujo_to_deau","驯兽师_系列"
"yuusha_raideen","勇敢的雷迪恩，英勇的雷迪恩，战士雷迪恩"
"yuusha_series","《勇敢者系列》"
"yuusha_tokkyuu_might_gaine","勇敢特快可能会获得力量"
"yuushiba","想要拥抱"
"yuutopia","乌托邦_(幻影埋葬2)"
"yuuuun0218","on_(ugammishyoura)，昂_（乌加米什尤拉）"
"yuuya_(blue_scarab)","平留制作的尼塔郎"
"yuuya_bridges","由由·布里奇斯"
"yuuyuu_(yuuki1771)","sha_(amfil100)，沙_(amfil100)"
"yuuzatta","茶色浅绿"
"yuuzuki_(re'ef)","诺拉涅科，坂本猫"
"yuyouxing","玉柔星形"
"yuyu_(yuyurhythm)","yuyu805p版本"
"yuyu_no_suke","由宇之介"
"yuyumi_(yuurei)","由由美_四斗叶"
"yuyuzuki_(yume_usagi)","梦兔，雪之猫"
"yuzhi","F.L.C.角色"
"yuzhou","太空（宇宙）"
"yuzu_(blue_archive)","花冈柚子"
"yuzu_(maid)_(blue_archive)","花冈柚子_女仆"
"yuzu_(yuzusuke10)","柚子工作补完篇"
"yuzucky","yuu_(1197159)，由由"
"yuzuha_(utawarerumono)","由宇华_（歌之恋）"
"yuzuhara_moke","烟雾_(加顿)"
"yuzuki_(hmr813k)","高画质，高清画面"
"yuzuki_(yuduame)","由月_艺术家"
"yuzuki_choco_(hololive_summer_2019)","由月巧克力_（第三套服装）"
"yuzuki_choco_(maid)","由月巧克力_(第五套服装)"
"yuzuki_choco_(new_year)","由月巧克力_(第四套服装)"
"yuzuki_choco_(nurse)","由月巧克力_（第二套服装）"
"yuzuki_choco_(sleepwear)","由月巧克力_（第七套服装）"
"yuzuki_choco_(streetwear)","由月巧克力_(第六套服装)"
"yuzuki_himuka","冰川_(523)"
"yuzukiyuno_(yunmu_g)","雪乃_(1126js03cono)"
"yuzuno_nana","安光_(洋红色)"
"yuzushiro","白柚子01"
"yvette_(strinova)","伊薇特_（卡拉比约）"
"yyy_(zelda10010)","英英英英，yyy_（英英英英），塞尔达10010"
"z_flag","Z旗"
"z-jun.dd-zhong","大楚之君"
"z-ring","Z手环"
"z-ton","ze_(sawakihein)，泽_（泽木晴羽）"
"z.m._(zimin)","z.m._(school913102)，学校主题，校园生活"
"z.o.b","鲁米鲁米"
"z1_leberecht_maass_(kancolle)","z1_莱贝雷希特·马斯（舰队Collection）"
"z23_(breezy_doubles)_(azur_lane)","z23_（双人牢房对战！）_（碧蓝航线）"
"z23_(philosophy_sensei)_(azur_lane)","z23_（哲学老师）_（碧蓝航线）"
"z23_(serious_idol_@acting_manager?!)_(azur_lane)","z23_（严肃偶像——她还是经理人！？）_（碧蓝航线）"
"z23_(the_eyecatch_in_the_rye?)_(azur_lane)","z23_（黑麦田中的焦点）_（碧蓝航线）"
"z3_max_schultz_(kancolle)","z3_max_schultz_（舰姬Collection）"
"z46_(her_first_summer)_(azur_lane)","z46_（第一个夏天）_（碧蓝航线）"
"zabaniyya_(housamo)","扎巴尼亚_(胡萨莫)，扎巴尼亚_(东京召唤师协会)"
"zabudog777","杂种猫"
"zabuton","褥垫"
"zacuro","日向悠希，日向悠希"
"zafira","扎菲拉"
"zaisu","榻榻米椅"
"zaki_(zaki_btw)","比里比"
"zakki3939","水铃"
"zankyou_no_terror","共鸣中的恐怖"
"zannen_hero","不幸的英雄"
"zannen_onna-kanbu_black_general-san","残念错乱布黑将军大人"
"zanza_(xenoblade)","赞特_(异度神剑)"
"zao_(housamo)","zaou_(housamo)，zaou_(东京放课後召唤师)"
"zapfish","电击奈玛祖"
"zara_(kancolle)","ZARA_（舰队Collection）"
"zaregoto_tsukai_no_deshi","塔瓦戈托·毁灭之子"
"zarik_kajiwara","丁戈_（被逐出天堂）"
"zarsy","志东范买姬O3"
"zarya_(overwatch)","亚历山德拉·扎里亚诺娃"
"zas_m21_(girls'_frontline)","zas_m21_（少女前线）"
"zashima","安奇基秀，呵呵呵呵"
"zaveid_(tales)","zavied_（故事版）"
"zb-26_(girls'_frontline)","zb-26_（少女前线）"
"zeatto","决策5021"
"zefa_(neoaltemice)","塞法"
"zeke_von_genbu_(xenoblade)","西格·B·悟空完全体，齐克·B·阿鲁蒂梅托完全体，齐克·冯·完全体"
"zekkyou_(h9s9)","故事_哥哥"
"zekkyou!?_ookami_no_mori_e_youkoso!_(project_sekai)","尖叫？！_欢迎来到狼之森林！_（project_sekai），尖叫！？_欢迎进入狼之森林！_（project_sekai）"
"zeklewa","泽克勒瓦"
"zeku_(furrock)","泽库_（Pixiv）"
"zelc-face","泽尔·金内"
"zelda_ii:_the_adventure_of_link","林克的冒险，林克的大冒险"
"zeldin","推弹"
"zelitto","解压动画"
"zellam","泽拉穆"
"zen_(kamuro)","苏珊，禅"
"zen_juraku","谢一珍"
"zen33n","海之（lordofk），禅之奥义"
"zena_(project_moon)","泽娜_鲁伊纳之图书馆"
"zeng$_(zwj)","增益"
"zengzhi_zhixu","男子舞蹈，xuzhi2204，耶滴滴滴"
"zenless_zone_zero","zzz_（游戏）"
"zenobia_(xenoblade)","八木梨子_异度神剑"
"zenokidon","基顿，泽诺基顿1"
"zenryoku!_wonder_halloween!_(project_sekai)","全功率！_奇迹万圣节！，开始啦！_奇迹万圣节！_(世界计划)"
"zentreya","禅提拉雅_(虚拟主播)"
"zentreya_(cyborg)_(1st_costume)","禅泰拉_(第三套服装)"
"zentreya_(cyborg)_(zen_2.0)","千鹤夜_(第四套服装)，千鹤夜_(机械义体版)_（第二套服装）"
"zentreya_(dragon)_(1st_costume)","禅泰拉_第二套服装"
"zentreya_(dragon)_(metalheads)","禅泰拉_(第七套服装)，禅泰拉_(龙形)_（第三套服装）"
"zentreya_(werewolf)","禅泰拉_(第八套服装)"
"zenyatta_(overwatch)","特卡尔萨_泽尼亚塔"
"zephylyne","零尊重机器人"
"zeppy_(azur_lane)","齐柏林少女_(碧蓝航线)"
"zer0.zer0","杀手鲸博士"
"zeragoes","零维贾贾"
"zeriko","诗颂国，泽里子_(布布玛芬塔特)"
"zero_(jckz2334)","零_(zre00)"
"zero_(mega_man)","零_洛克人"
"zero_kara_hajimeru_mahou_no_sho","零之魔典"
"zero_no_kiseki","从零开始的足迹"
"zero_no_tsukaima","零之使徒，/znt"
"zero_setsu","春日野节菜"
"zero_suit","Zero装束"
"zero_two_(darling_in_the_franxx)","代码：002"
"zerobarto","barto_(egec3255)，巴托_(egec3255)"
"zerocat","可爱少女风"
"zerodiamonds_(voice_actor)","零钻石"
"zerokosan","零子小姐_(核能版)"
"zeronis","gozentomo3，保罗·权，白刃"
"zerosama_(sailuojiang)","零之女神_(用户_tprp7225)"
"zerosu_(take_out)","零分角色"
"zethia","克塞西娅"
"zetsuental","绝区零_8488"
"zettai_bouei_leviathan","利维坦：最后的防线，绝对防御利维坦"
"zettai_karen_children","/zkc，宅系可爱风"
"zettai_ryouiki","绝对领域"
"zettai_zetsumei!?_island_panic!_(project_sekai)","绝境!?岛屿恐慌!_(项目世界)，艰难时刻?!岛屿恐慌!_(项目世界)"
"zeus_(fate)","宙斯_(命运/冠位指定)"
"zhao_shuwen","正门"
"zhenming","玛娜_(418208360)"
"zhi_(arknights)","织布工兄弟（《明日方舟》）"
"zhi_(yammycheese)","美味奶酪"
"zhihe_box","熊八指合，指合二分之义"
"zhishi_yuyuanqiu","艾洛斯，艾洛斯们"
"zhishuixy","小雨010814"
"zhizhizi","去你的404页面未找到，支支子子0101"
"zhong_chai","卡波苏沃"
"zhong_xiansheng","由七香"
"zhongli_(genshin_impact)","苍璃_原神"
"zhongli_(lantern_rite)_(genshin_impact)","钟离_提灯节"
"zhongmu","无耳中"
"zhongye_yu","阿兹尚1"
"zhuang_yao","HLDZ风格"
"zhuge_kongming_(honkai_impact)","特蕾莎·末日版（星辉占星师）"
"zhumojian","竹莫剑"
"zhuore_zhi_hen","汉服"
"zhuxie1264852","用户wknp5245"
"zhuzi","砂岩男"
"zhykyon","尼兹津"
"zi_(mumei)","自拍镜头"
"zi_yin","水饺小音，子音480"
"zifu","呜呜呜"
"zijiang","知己良友"
"ziki_(gkdlfnzo1245)","jiki_(gkdlfnzo1245)，吉基"
"ziluolan_jia_de_mao","楚零，ilxy296159，雅雅之络"
"zima_(ursus)_(arknights)","齐玛_(ursusio79)_(明日方舟)"
"zink_(zink_mchn)","锌，僵尸公司"
"zinnia_(pokemon)","平假名_(宝可梦)"
"zinpati","津帕廷克"
"zipper","拉链"
"zipper_pull_tab","拉链的拉片"
"zippo_(3756c)","3756c，小须"
"ziro_(zirorong)","z_loader加载器"
"zishengtian123","微博_1747951637，玄关藏"
"zisu_(pokemon)","紫苏_(宝可梦)"
"ziyue","用户_mcex2738"
"ziyunshanding","加拉尔，阳光，戈"
"ziz_(housamo)","ziz_（东京放课后的召唤师）"
"zizero","无色透明"
"zk_(zk_gundan)","辉夜酱，银色毒蛇"
"zm-panda-","熊猫张妈"
"zoe_(crownsforkings)","皇冠式交配，stootato_（皇冠式交配）"
"zoey_(pokemon)","希望_(宝可梦)"
"zoids_shinseiki/zero","机甲新世纪/零"
"zoku_satsuriku_no_django","鹤崎沙月之残光"
"zokusuke","司，幸助"
"zol","信人"
"zolomon_(jarvis_lin)","贾维斯·达克"
"zombie","僵尸"
"zombie_(honkai_impact)","僵尸_(崩坏3)"
"zombie_fairy_(touhou)","僵尸仙子"
"zombie_land_saga","僵尸之地传奇"
"zombie_pose","僵尸姿势"
"zombified_piglin","僵尸猪人"
"zomzomzomsauce","僵尸安迪"
"zon_lee_sean","库普·奥森，宗-李辛"
"zonda_(solid_air)","实体空气"
"zone_(artist)","区域，区域存档库"
"zongzi","千真希"
"zooey_(granblue_fantasy)","大杯订单"
"zoom_layer","人物立绘缩放(剪影)图层"
"zooming_out","缩小视角"
"zooya","雏子_佐亚"
"zouhyou_(at4190)","at4190_（用户vzac7788）"
"zouni_soup","奥佐尼汤，佐尼汤"
"zounose","美男美少女"
"zouri","日式草鞋"
"zoya_(path_to_nowhere)","走夜_(通向虚无之路)"
"zoyu_(wuedti)","佐宇4"
"zua_(2vziu)","VZIU风格"
"zugan_(berugkamp)","甜味"
"zuharu","詹姆斯·米科皮"
"zuihou_(kancolle)","最後之刻_(舰队Collection)"
"zuikaku_(ceremonial_crane)_(azur_lane)","醉龙_(庆典之鹤)__(碧蓝航线)"
"zuikaku_(kancolle)","瑞鹤_(舰队Collection)"
"zuiun_(kancolle)","zuiun_（舰队Collection）"
"zumi_tiri","aee_gnsn，艾伊吉斯恩"
"zun_(artist)","大田纯也"
"zun_(style)","大田纯也（风格）"
"zungurimukkuri_tarou","尊穆特"
"zuyu_(zuyuzuyu6)","阿兹米·尤迪斯塔"
"zuzu_(splatoon)","比比_(喷射战士)"
"zuzu_(ywpd8853)","用户ywpd8853"
"zuzuko","糟糕透顶"
"zy_(dondokodo-mu)","萨伊采夫"
"zygarde_core","惩罚宝可梦，软萌宝可梦"
"zygocactus","zygo_(zygo_cactus)，合子_仙人掌"
"zynxy","一千零一"
"zytokine","细胞因子"
"zyugoya","juugoya_(zyugoya)，土气满满"
"zzo_(chorizzzzo)","zzo_（艺术家）"
"zzt_(zztsama)","子龙"
"zzz_zhi_he","zzz_zhihe，志和"
